id,q1_hh_members,q2_age_u5,q3_age_5_17,q4_age_18_34,q5_age_35_59,q6_age_60plus,q7_male,q8_female,q9_head_sex,q10_head_age,q11_head_education,q12_occupation,q12_other,q13_income,q14_residence,q15_housing,q15_other,q16_tenure,q17_rooms,q18_floors,q19_economic,q20_living,q21_region,q22_district,q23_village,demographics_complete,starttime_complete,q96digital_corruption,q87_confidence,q95_cyber_awareness
1083,11,0,11,7,2,0,6,5,1,26,7,1, ,250,1,1, ,1,6,1,3,4,1,7,Hargeisa,2,2, , , 
1084,11,0,11,7,2,0,6,5,1,26,7,1, ,250,1,1, ,1,6,1,3,4,1,7,Hargeisa,2,2, , , 
1086,11,0,11,7,2,0,6,5,1,26,7,1, ,250,1,1, ,1,6,1,3,4,1,7,Hargeisa,2,2, , , 
1099,10,2,0,1,0,0,6,4,1,55,8,1, ,500,1,1, ,1,4,1,4,3,1,1,october,2,2, ,4,3
1102,4,0,0,1,1,0,2,2,1,59,8,1, ,200,1,1, ,1,2,1,2,3,1,1,siiney,2,2, ,3,2
1105,7,2,1,1,1,0,3,4,1,40,7,1, ,800,1,2, ,1,5,1,4,4,1,6,cabaaye,2,2, , , 
1131,12,2,1,4,2,0,6,6,1,48,7,1, ,300,1,1, ,1,7,1,5,5,1,4,Dhagax Barkato,2,2, ,4,1
1146,11,0,11,7,2,0,6,5,1,26,7,1, ,250,1,1, ,1,6,1,3,4,1,7,Hargeisa,2,2, , , 
1147,11,0,11,7,2,0,6,5,1,26,7,1, ,250,1,1, ,1,6,1,3,4,1,7,Hargeisa,2,2, , , 
1149,11,0,11,7,2,0,6,5,1,26,7,1, ,250,1,1, ,1,6,1,3,4,1,7,Hargeisa,2,2, , , 
1150,9,1,0,0,7,1,5,4,2,62,1,2, ,300,1,1, ,1,4,1,3,3,1,4,mohamed mooge,2,2, ,4,2
1153,11,0,11,7,2,0,6,5,1,26,7,1, ,250,1,1, ,1,6,1,3,4,1,7,Hargeisa,2,2, , , 
1154,11,0,11,7,2,0,6,5,1,26,7,1, ,250,1,1, ,1,6,1,3,4,1,7,Hargeisa,2,2, , , 
1173,9,3,0,1,5,0,6,3,1,35,4,1, ,300,1,1, ,1,4,1,3,2,1,7,boqol jire,2,2, ,3,6
1182,11,0,11,7,2,0,6,5,1,26,6,1, ,250,1,1, ,1,6,1,3,4,1,7,Hargeisa,2,2, , , 
1193,8,2,2,2,2,0,4,4,1,50,6,1, ,500,1,1, ,1,4,0,3,3,1,6,Sheekh mubaarik,2,2, ,3,2
1201,8,2,1,3,2,0,3,5,1,42,5,7,Constructor,220,1,3, ,3,5,1,3,4,1,2,No village,2,2, ,3,3
1219,9,0,0,0,0,1,4,5,1,68,6,1, ,1000,1,1, ,1,7,1,4,4,1,7,jigjiga yar,2,2, , , 
1231,7,1,2,3,2,0,2,5,2,42,1,1, ,254,1,1, ,2,5,1,4,3,1,6,gacan libaax,2,2, ,2,3
1235,6,1,1,4,2,0,3,3,1,45,6,2, ,600,1,1, ,1,4,1,3,3,1,3,Faluuja,2,2, ,3,3
1247,2,5,5,5,5,0,5,5,1,20,8,2, ,1000,1,1, ,1,2,5,2,3,3,3,new Hargeisa,2,2, , , 
1257,10,0,0,1,0,0,5,5,1,58,1,4, ,300,1,1, ,1,5,1,4,3,1,1, ,2,2, ,3,1
1258,10,2,8,6,2,0,6,4,1,50,4,2, ,400,1,1, ,3,4,1,5,3,1,2,26june,2,2, , , 
1314,9,0,0,0,0,1,4,5,1,68,6,1, ,1000,1,1, ,1,7,1,4,4,1,7,jigjiga yar,2,2, , , 
1318,9,0,0,0,0,1,4,5,1,68,6,1, ,1000,1,1, ,1,7,1,4,4,1,7, ,2,2, , , 
1320,9,0,0,0,0,1,4,5,1,68,6,1, ,1000,1,1, ,1,7,1,4,4,1,7,jigjiga yar,2,2, , , 
1322,9,0,0,0,0,1,4,5,1,68,6,1, ,1000,1,1, ,1,7,1,4,4,1,7,jigjiga yar,2,2, , , 
1323,9,0,0,0,0,1,4,5,1,68,6,1, ,1000,1,1, ,1,7,1,4,4,1,7,jigjiga yar,2,2, , , 
1325,9,0,0,0,0,1,4,5,1,68,6,1, ,1000,1,1, ,1,7,1,4,4,1,7,jigjiga yar,2,2, , , 
1327,9,0,0,0,0,1,4,5,1,68,6,1, ,1000,1,1, ,1,7,1,4,4,1,7,jigjiga yar,2,2, , , 
1329,9,0,0,0,0,1,4,5,1,68,6,1, ,1000,1,1, ,1,7,1,4,4,1,7,jigjiga yar,2,2, , , 
1331,11,2,1,3,2,0,6,5,1,45,6,2, ,5000,1,1, ,1,7,1,3,4,1,2,150,2,2, ,3,3
1332,9,0,0,0,0,1,4,5,1,68,6,1, ,1000,1,1, ,1,7,1,4,4,1,7,jigjiga yar,2,2, , , 
1333,9,0,0,0,0,1,4,5,1,68,6,1, ,1000,1,1, ,1,7,1,4,4,1,7,jigjiga yar,2,2, , , 
1334,12,6,2,5,0,0,6,6,1,53,6,4, ,500,1,2, ,1,6,7,4,3,1,5, ,2,2, ,5,1
1335,5,0,1,2,2,0,2,3,2,38,4,6, ,400,1,1, ,3,4,1,3,5,2,1,Pepsiga,2,2, ,3,1
1377,3,0,0,1,1,1,2,1,1,52,1,2, ,350,2,1, ,1,5,1,4,3,1,2,Cawodhalad,2,2, , , 
1386,8,0,0,0,0,0,3,5,1,50,4,7,Clan Leader,800,1,2, ,1,5,1,3,2,1,6,Magaalo Ugaaso,2,2, , , 
1404,6,1,0,0,2,0,1,2,1,29,6,1, ,500,1,2, ,1,4,1,3,3,1,7,goljanni,2,2, , , 
1409,8,0,0,0,1,0,4,4,1,40,1,6, ,200,1,1, ,1,4,4,4,4,1,2, ,2,2, , , 
1411,7,0,0,1,0,0,4,3,1,54,3,2, ,400,3,2, ,1,4,1,3,3,1,7, ,2,2, , , 
1420,12,1,4,4,2,1,5,7,1,53,5,2, ,900,1,1, ,1,7,1,4,4,1,7,xero awr,2,2, , , 
1421,5,3,0,0,2,0,3,2,1,36,4,2, ,650,1,2, ,1,5,1,3,4,1,7,goljanno,2,2, , , 
1422,4,2,0,2,0,0,3,1,1,27,5,4, ,300,1,2, ,1,2,1,2,3,1,7,goljanno,2,2, , , 
1423,7,1,2,2,2,0,3,4,1,43,4,4, ,400,1,2, ,1,5,1,4,4,1,8,xero awr,2,2, , , 
1425,5,0,0,0,4,1,3,2,2,62,7,1, ,250,1,1, ,2,4,1,4,4,1,6,Sh.Madar,2,2, , , 
1426,2,0,0,2,0,0,1,1,1,26,6,1, ,350,1,2, ,1,4,1,4,3,1,7,150,2,2, , , 
1427,8,1,3,2,1,0,3,5,1,36,6,1, ,700,1,2, ,2,6,1,3,4,1,7,jigjiga yare,2,2, , , 
1429,7,0,0,1,0,0,4,3,2,50,3,6, ,400,3,2, ,1,4,1,3,4,1,7, ,2,2, ,5,1
1434,10,1,1,5,0,1,10,3,1,60,7,2, ,2500,1,1, ,1,10,2,5,5,1,7,jig jiga yar,2,2, ,5,5
1438,13,2,5,3,2,1,6,7,2,52,1,4, ,700,1,2, ,1,4,1,3,2,1,1,Masallaha,2,2, , , 
1439,9,0,0,9,2,1,3,6,1,75,1,6, ,600,1,1, ,1,5,1,3,2,1,5,Jarato,2,2, , , 
1442,8,0,0,0,0,0,4,4,1,40,1,6, ,200,1,1, ,1,4,1,4,4,1,2,150,2,2, , , 
1445,7,0,0,7,2,0,2,5,1,45,3,1, ,650,1,2, ,1,3,1,2,3,1,4,Jungal,2,2, , , 
1448,8,0,0,0,0,0,4,4,1,40,1,6, ,200,1,1, ,1,4,1,4,3,1,2,150,2,2, , , 
1449,8,0,0,0,0,0,4,4,1,40,1,6, ,200,1,1, ,1,4,1,4,3,1,2, ,2,2, , , 
1453,4,4,0,0,0,0,4,4,1,40,1,6, ,200,1,1, ,1,4,1,4,3,1,2,150,2,2, , , 
1455,8,0,0,0,0,0,4,4,1,40,1,6, ,200,1,1, ,1,4,1,4,3,1,2,150,2,2, , , 
1456,8,0,0,0,0,0,4,4,1,40,1,6, ,200,1,1, ,1,4,1,3,3,1,2,150,2,2, , , 
1457,7,1,2,1,0,0,3,4,1,51,1,6, ,350,1,1, ,1,3,1,4,3,1,4,mohamed mooge,2,2, , , 
1458,9,2,1,2,1,1,3,5,1,45,1,6, ,250,1,1, ,1,4,1,4,3,1,2,150,2,2, , , 
1459,7,2,1,2,0,0,4,3,1,43,1,6, ,250,1,2, ,1,5,1,4,3,1,2,150,2,2, , , 
1464,14,1,1,1,1,1,6,8,1,53,7,2, ,3500,1,1, ,1,11,2,5,4,1,7,Hargeisa,2,2, ,5,3
1469,5,0,0,0,1,0,3,2,2,58,1,2, ,50,1,3, ,2,3,2,1,2,1,7,no village,2,2, ,4,1
1472,12,1,0,0,2,1,6,6,1,38,4,7,building engineering,500,1,1, ,2,6,1,4,4,1,7,hero awr,2,2, ,5,2
1474,7,1,1,2,2,1,3,4,1,60,6,1, ,700,1,1, ,3,5,2,3,3,1,6, ,2,2, ,5,1
1476,14,1,1,1,0,0,6,7,1,53,7,2, ,3500,3,1, ,1,13,2,4,4,1,7,Hargeisa,2,2, ,4,3
1478,8,2,1,0,0,0,6,2,1,40,3,1, ,400,1,2, ,1,3,1,4,3,1,1,Badhka,2,2,5,3,2
1480,6,5,6,2,2,1,1,2,1,66,7,3, ,2000,1,3, ,1,5,1,5,5,2,2,daruuraha,2,2,2,3,3
1485,4,2,0,0,0,0,1,3,1,28,7,7,teacher,100,1,1, ,1,3,1,4,1,1,6,sheikh nuur,2,2,5,4,3
1487,9,1,1,5,1,1,5,4,1,60,4,1, ,1000,1,1, ,1,6,1,4,5,1,6, ,2,2,4,5,1
1488,6,0,0,0,1,1,3,3,2,37,2,2, ,70,1,2, ,1,5,1,4,4,1,7,hero awr,2,2,2,6,6
1494,10,0,0,1,1,0,5,5,2,49,6,5, ,200,1,3, ,1,4,1,5,5,1,7,Jigjiga yar,2,2,5,2,1
1502,5,2,1,0,1,0,2,3,1,35,6,7,taxi driver,500,1,2, ,3,4,1,2,2,1,6,Dalloodho,2,2, , , 
1503,7,0,1,1,1,0,5,2,1,35,7,1, ,800,1,2, ,2,5,1,4,3,1,6,Daruuraha,2,2,5,4,3
1506,10,0,0,1,1,1,6,4,1,63,2,7,retired,700,1,1, ,3,6,1,3,6,1,2,Goljanno,2,2, , , 
1507,6,0,0,0,0,1,3,3,1,61,6,7,retired,1500,1,1, ,3,5,2,4,4,1,7,Gantaalaha,2,2, , , 
1511,4,0,0,1,0,0,0,4,2,40,1,6, ,200,1,1, ,1,4,1,5,5,1,6,sheikh nuur,2,2,5,5,5
1512,8,0,0,0,0,1,4,4,1,30,6,1, ,540,1,2, ,1,5,0,3,5,1,7,xero awr,2,2,4,4,3
1531,6,2,1,0,2,0,3,3,1,38,7,1, ,700,1,1, ,1,7,1,3,4,1,1, ,2,2,5,3,3
1547,8,2,1,1,1,3,4,4,1,40,6,4, ,1200,1,1, ,1,8,1,4,4,1,7,Hargeisa,2,2,5,3,2
1552,9,0,1,0,0,2,2,7,1,65,3,2, ,500,1,3, ,1,7,1,5,5,1,7,no village,2,2,4,2,3
1558,9,0,0,2,0,0,6,3,2,27,6,1, ,150,1,2, ,1,3,0,4,4,1,3,pepsiga,2,2,4,5,3
1559,9,0,0,1,2,1,5,4,1,62,7,1, ,800,1,3, ,1,5,1,5,5,1,7,no village,2,2,2,4,5
1561,7,9,0,0,0,1,4,5,1,64,6,2, ,1000,1,1, ,1,7,1,5,5,1,1,Isha borame,2,2,3,3,2
1562,7,0,0,2,0,1,4,3,2,60,4,1, ,800,1,1, ,1,6,1,5,4,1,7,Gantaalaha,2,2, , , 
1566,7,0,0,0,0,1,3,4,2,60,1,6, ,300,1,2, ,1,5,1,4,4,1,1,Siinay,2,2,3,3,2
1567,11,2,1,1,0,1,4,7,2,42,1,6, ,95,1,3, ,3,2,1,3,4,1,7,no village,2,2,4,1,5
1568,18,0,0,2,0,1,12,6,2,52,4,5, ,200,1,1, ,1,5,1,3,3,1,7,xera awr,2,2,3,3,2
1569,11,1,0,0,0,0,7,4,1,58,4,2, ,1000,1,1, ,1,5,1,5,1,1,7,jigjiga yar,2,2,4,5,1
1573,8,0,0,0,2,0,5,3,1,50,8,7,engineer,350,1,1, ,1,5,1,5,5,1,6,sheikh nuur,2,2,3,5,1
1575,4,0,0,0,0,1,2,2,1,61,6,2, ,2000,1,1, ,1,7,2,5,4,1,8,100 jire,2,2,4,3,3
1576,9,2,1,0,1,0,4,5,1,38,1,1, ,100,1,3, ,1,2,1,3,5,1,7,no village,2,2,4,4,4
1578,12,2,1,1,0,0,6,6,2,40,7,2, ,300,1,1, ,1,5,0,4,5,1,7,hero awr,2,2,5,5,6
1579,10,0,1,1,1,0,6,4,2,45,2,4, ,300,1,1, ,1,4,1,5,5,1,6,sheikh nuur,2,2,5,3,3
1585,10,1,1,0,1,1,3,7,2,60,2,6, ,600,1,1, ,1,5,1,4,4,1,2,cawo dhalad,2,2,4,4,3
1597,15,1,0,0,1,1,6,6,2,40,3,6, ,300,1,1, ,1,7,1,4,4,1,2,xawaadle,2,2,2,3,2
1600,12,0,0,10,2,1,6,6,1,61,4,7,bus driving,300,1,3, ,1,6,1,4,4,1,7,hero awr,2,2,4,3,3
1606,6,1,0,4,1,1,2,4,1,80,8,2, ,100,1,2, ,1,2,1,3,3,1,4,sh.cumar,2,2,2,4,2
1608,9,2,1,0,0,0,5,4,1,45,6,2, ,900,1,1, ,1,6,1,5,4,1,2,daloodho,2,2,5,3,1
1609,6,6,8,0,8,8,7,9,2,89,4,2, ,800,1,1, ,1,7,1,4,4,1,2,xero awr,2,2, , , 
1611,10,2,1,0,3,2,4,5,2,30,6,2, ,240,1,4,Moderate house,1,6,2,5,4,1,7,Hargeisa,2,2,3,3,3
1614,9,0,0,1,0,1,4,5,1,45,3,1, ,250,1,1, ,1,5,1,4,4,1,3,ayaxa,2,2,3,4,3
1615,5,0,0,5,2,1,3,2,2,35,4,1, ,500,1,2, ,1,4,1,3,4,1,1,siinay,2,2,1,3,2
1617,4,0,0,0,0,1,2,2,1,63,6,2, ,250,1,1, ,1,3,1,4,3,1,1,badhka,2,2,4,5,4
1620,8,3,2,3,3,1,3,5,1,47,6,1, ,400,1,2, ,1,5,1,3,4,1,1,Badhka-Sare,2,2, , , 
1622,15,3,2,4,5,1,8,7,1,61,7,2, ,1000,1,1, ,1,10,3,3,3,1,2,Goljanno,2,2,5,3,3
1623,9,1,1,7,2,1,4,3,1,61,3,2, ,300,3,3, ,2,7,1,2,3,1,7,jigjigyar,2,2,3,3,2
1628,10,0,0,9,2,0,3,7,1,50,6,2, ,500,1,1, ,1,5,1,5,4,1,7,hero awr,2,2,1,3,4
1633,3,0,0,2,1,0,2,1,1,32,6,1, ,300,1,2, ,1,3,1,2,3,1,1,siinay,2,2,3,2,3
1635,13,0,2,9,1,1,7,6,2,54,3,6, ,500,1,1, ,1,6,1,5,5,1,9,Sh.nuur,2,2,3,3,5
1638,9,1,1,0,1,0,4,5,1,55,7,1, ,6200,2,2, ,1,6,1,4,4,6,4,Hargysa/somaliland,2,2,3,3,3
1641,7,1,1,1,0,1,2,5,2,41,4,2, ,300,1,1, ,1,5,1,4,5,1,1,siinay,2,2,2,3,5
1642,5,1,4,2,1,0,2,3,1,39,6,6, ,200,1,1, ,1,4,1,4,4,1,7,hero awr,2,2,5,3,1
1643,15,0,0,0,1,1,7,8,1,63,4,7,retired,800,1,3, ,1,6,1,4,4,1,7, ,2,2,2,3,3
1644,12,0,0,2,2,1,5,7,1,55,7,1, ,1000,1,1, ,1,6,1,3,3,1,7,Near sarimada jigjigayar,2,2, , , 
1649,3,0,0,0,0,0,1,2,2,46,4,2, ,600,1,2, ,1,4,1,3,4,1,6,Isha-Borama,2,2,2,5,6
1650,10,2,1,2,1,0,6,4,1,45,7,1, ,1000,1,1, ,1,6,1,4,4,1,8,Boqol-jire,2,2,5,4,4
1651,6,0,0,1,0,1,2,4,2,49,1,7,police officer,300,1,1, ,1,4,1,3,5,1,7,jigjiga yar,2,2,4,3,2
1653,8,0,0,2,0,1,5,3,1,27,7,2, ,500,1,1, ,1,5,1,5,4,1,7,Xero awr,2,2, , , 
1655,6,2,0,0,1,0,2,4,1,35,4,7,dhaweeye driver,500,1,2, ,1,3,0,4,4,1,3,Pepzi-ga,2,2,5,5,3
1658,2,0,0,2,1,0,1,1,2,50,2,2, ,100,1,2, ,1,4,1,3,4,1,7,hero awr,2,2,4,5,3
1659,16,0,1,2,1,1,9,7,1,49,5,2, ,800,1,1, ,1,7,0,5,5,1,3,pepsiga,2,2,4,4,3
1669,8,0,0,1,0,0,4,4,1,55,4,2, ,300,1,1, ,1,4,1,5,4,1,4,calaamada,2,2,4,3,3
1673,5,0,0,1,0,0,2,3,2,50,2,2, ,300,1,1, ,1,5,1,3,3,1,7,maroodi-jeex,2,2,4,5,2
1679,4,1,3,3,2,0,2,2,1,34,6,2, ,350,1,3, ,1,5,1,3,3,1,7,Ibrahim Koodbuur,2,2,3,3,3
1680,12,0,12,7,2,1,3,9,1,82,6,6, ,500,1,1, ,1,6,0,4,3,1,6,Hargeisa,2,2,3,4,2
1681,12,2,1,0,0,3,8,4,1,62,7,2, ,2000,1,3, ,1,18,2,5,5,1,7,jigjiga yar,2,2,4,4,3
1682,12,3,1,2,1,0,7,5,1,38,5,1, ,200,1,3, ,1,3,1,4,1,1,3,pepsiga,2,2,4,3,3
1685,12,1,0,2,3,3,5,7,1,35,6,2, ,1500,1,3, ,1,8,1,4,3,1,2,Hargeisa,2,2,4,4,4
1686,9,2,0,0,1,0,4,5,2,35,7,1, ,400,1,1, ,1,6,0,5,4,1,2,yuusuf megaag,2,2,3,4,3
1688,7,0,0,0,0,1,2,5,1,72,6,2, ,900,1,1, ,1,8,1,5,4,1,3,pepsi,2,2,4,3,2
1690,14,0,0,12,3,0,6,8,1,55,8,2, ,300,1,1, ,1,6,1,4,4,1,7,Sheedaha,2,2,2,3,2
1691,10,0,0,2,0,2,7,3,1,65,7,2, ,800,1,1, ,2,6,1,4,4,1,6,Sh.Madar,2,2, , , 
1692,13,0,0,1,2,0,4,9,1,53,4,4, ,1000,1,1, ,1,6,1,4,5,1,7,jigjigayar,2,2,4,3,2
1693,9,0,0,0,2,0,6,3,1,40,6,1, ,500,1,1, ,1,6,1,4,3,1,2,xero awr,2,2, , , 
1698,5,0,0,0,0,0,3,2,2,54,4,6, ,600,1,1, ,1,4,1,4,4,1,6,Daruurah,2,2,3,3,3
1699,9,0,0,0,2,0,3,6,1,40,8,1, ,250,1,2, ,1,4,1,4,3,1,3,lug surwal,2,2,3,1,2
1702,12,0,0,1,0,1,8,4,1,52,8,1, ,400,1,1, ,1,4,1,3,3,1,1,october,2,2,3,3,3
1706,7,1,6,1,3,0,3,4,1,30,7,1, ,450,1,2, ,1,5,1,4,6,1,2,Goljano,2,2,3,3,2
1707,12,0,0,0,0,0,6,6,1,55,5,1, ,500,1,1, ,1,4,1,5,5,1,7,jigjiga yar,2,2,4,3,2
1709,5,0,0,2,0,1,2,3,1,60,7,2, ,1000,1,1, ,1,8,0,5,5,1,7,Baddass,2,2,2,4,4
1711,3,1,0,0,0,0,2,1,1,30,7,1, ,300,1,2, ,1,3,1,4,3,1,4,cabdi qalaaf,2,2, , , 
1712,6,0,0,4,1,1,2,4,1,68,2,1, ,300,1,2, ,1,5,1,3,3,1,6,magalo ugaaso,2,2,2,3,3
1713,8,1,1,4,2,0,3,5,1,52,7,2, ,800,1,1, ,1,5,1,5,5,1,9,Golden Area,2,2,4,5,5
1714,10,1,0,1,0,0,3,7,1,50,4,2, ,300,1,1, ,1,4,1,5,5,1,6,sheikh nuur,2,2,4,3,4
1715,9,6,3,0,1,1,3,6,1,60,5,2, ,450,1,1, ,1,5,1,4,4,1,7,Jigjigayar,2,2,3,3,3
1716,6,0,2,0,1,0,2,4,1,35,7,1, ,1000,1,3, ,1,6,1,5,3,1,8,Baddacaz,2,2,1,1,1
1717,18,1,17,4,0,1,10,8,1,60,8,1, ,400,1,1, ,1,5,1,3,3,1,3,lug surwaal,2,2,2,6,2
1719,13,2,0,1,0,0,8,5,1,49,7,2, ,1650,1,2, ,1,6,1,5,5,1,4,sh.shugri,2,2,4,4,2
1720,7,3,1,0,0,0,3,2,1,37,6,1, ,500,1,2, ,1,3,1,4,4,1,3,qandahar,2,2,2,5,3
1722,5,1,4,0,1,1,3,2,2,60,8,2, ,200,1,1, ,1,5,1,3,3,1,2,xero awr,2,2, , , 
1724,7,1,0,1,0,1,6,3,1,58,4,6, ,800,1,2, ,1,7,1,3,4,1,7,Maroodi Jeex,2,2,3,4,2
1726,11,1,0,0,2,1,6,5,2,62,1,6, ,300,1,1, ,1,5,1,3,3,1,4,mohamed mooge,2,2,3,6,3
1731,5,1,0,1,0,1,3,2,1,65,6,2, ,2000,1,1, ,1,4,1,4,5,1,6,Kiladhka,2,2,4,3,3
1733,6,1,1,1,1,2,3,3,1,55,5,1, ,300,1,1, ,1,4,1,3,4,1,1,Axmed Dhagax,2,2, , , 
1735,6,0,0,1,0,0,3,3,2,58,1,2, ,150,3,1, ,1,3,1,4,3,1,8,Gantaalaha,2,2,5,3,2
1736,1,0,0,1,0,0,1,0,1,28,6,1, ,300,1,1, ,1,4,1,4,4,1,7,jigjiga yar,2,2,5,3,5
1738,15,1,0,1,2,0,6,6,2,40,3,6, ,300,1,1, ,1,7,1,4,4,1,2,xawaadle,2,2,2,3,2
1739,10,2,0,5,1,1,4,6,1,59,7,1, ,700,1,1, ,1,6,1,3,3,1,7,Jigjigayar,2,2, , , 
1740,12,0,12,11,2,0,6,6,2,54,6,6, ,1000,1,1, ,1,9,1,4,4,1,2,hawaadle,2,2,2,5,1
1741,6,0,0,1,1,0,3,3,1,45,4,2, ,3000,1,1, ,1,9,1,4,4,1,7,Jigjigayar,2,2, , , 
1744,5,0,0,0,0,1,2,3,1,78,6,6, ,5000,1,1, ,1,4,1,3,3,1,8, ,2,2,3,3,6
1745,4,0,4,3,1,0,2,2,1,44,6,1, ,1000,1,2, ,1,6,1,4,4,1,8,boqoljire,2,2,3,2,2
1748,7,2,5,5,3,1,3,4,1,67,6,6, ,1000,1,1, ,1,5,1,4,4,1,7,hero awr,2,2,5,5,2
1749,9,0,9,7,1,0,5,4,1,55,6,3, ,1300,1,1, ,1,5,1,4,4,1,6,sheekh mubarig,2,2,4,3,2
1750,8,0,0,6,1,1,0,8,2,47,2,1, ,400,1,1, ,1,4,1,4,3,1,6,magalo ugaaso,2,2,4,3,4
1751,7,0,0,0,0,1,2,5,1,60,6,2, ,1000,1,1, ,1,5,1,3,4,1,8,hargeisa,2,2,2,4,3
1752,11,0,8,7,2,0,3,8,2,50,8,2, ,500,1,1, ,1,5,1,5,5,1,7,hero awr,2,2,5,4,2
1755,12,1,2,7,2,0,8,4,1,45,3,4, ,750,1,1, ,1,4,1,4,4,1,1,Cakara,2,2, , , 
1756,12,2,0,1,0,0,6,6,1,53,3,2, ,1000,1,1, ,1,8,1,5,4,1,3,Dhooldahable,2,2,3,4,4
1758,8,0,0,0,0,1,3,5,1,60,1,1, ,500,1,3, ,1,4,1,4,5,1,2,Daloodho,2,2,4,3,2
1759,7,1,1,1,2,2,4,3,1,55,6,2, ,420,1,1, ,1,4,1,3,4,1,1,Axmed Dhagax,2,2, , , 
1760,12,1,0,1,0,0,8,4,1,45,4,4, ,750,1,1, ,1,4,1,4,4,1,1,Half-London,2,2, , , 
1763,10,2,1,7,2,0,6,4,1,48,4,1, ,400,3,1, ,1,8,2,4,4,1,7,JIGJIGYAR,2,2,3,4,3
1764,5,1,0,0,1,0,1,4,1,35,7,1, ,1000,1,2, ,1,4,1,5,5,1,5,Masalaha,2,2,4,5,4
1765,12,1,1,5,2,0,5,7,1,45,6,7,Geerashpe,500,1,1, ,1,5,1,4,4,1,1,Stadium area,2,2,5,3,3
1766,10,0,0,1,0,0,5,5,1,49,4,7,diaspora bill,200,1,3, ,1,4,2,2,2,1,1,october,2,2,4,4,2
1767,10,0,10,9,2,0,5,5,2,47,6,2, ,500,1,1, ,1,5,1,4,4,1,2,Hargeisa,2,2,3,3,2
1768,14,3,1,1,0,2,5,9,1,64,2,2, ,1500,1,1, ,1,11,2,5,5,1,5,star area,2,2,5,4,2
1771,8,0,8,3,2,0,4,4,1,47,4,1, ,300,1,2, ,1,4,1,4,4,1,2, ,2,2,2,3,4
1774,5,1,1,0,0,0,2,3,1,31,4,2, ,500,1,2, ,1,5,1,4,4,1,5,xidigta,2,2,4,5,2
1778,10,2,8,5,2,0,7,3,1,43,6,1, ,1500,1,1, ,1,5,1,4,4,1,8,badda cas,2,2, , , 
1786,17,0,0,1,2,2,11,6,1,60,4,6, ,100,1,1, ,1,4,1,5,5,1,1,Pepsi village,2,2,2,3,3
1788,8,0,0,5,3,1,3,5,1,60,2,2, ,400,3,3, ,1,5,1,4,4,1,7,gantaalaha,2,2,3,4,3
1791,13,1,0,2,0,1,5,8,1,57,3,1, ,300,1,1, ,1,4,1,3,3,1,9,Warancade,2,2,3,4,3
1792,9,0,9,5,2,0,7,2,1,55,1,2, ,150,1,1, ,1,2,1,3,3,1,7,hero awr,2,2, , , 
1798,5,1,1,4,1,1,2,3,2,68,1,2, ,300,1,1, ,1,3,1,3,4,1,1,Badhka,2,2,3,3,2
1800,7,0,5,2,0,0,2,5,2,50,6,1, ,300,1,1, ,1,5,1,5,5,1,7,ibraahim koodbuur,2,2,5,4,3
1802,8,3,0,0,0,0,2,6,1,39,7,1, ,850,1,2, ,1,5,1,3,4,1,5,ambassador hotel area,2,2,3,4,5
1804,8,0,0,1,0,0,2,7,2,47,6,2, ,400,1,1, ,1,4,1,3,3,1,6,sh.mubarik,2,2,2,3,4
1808,7,2,0,0,1,0,2,5,1,37,8,1, ,500,3,2, ,1,3,1,4,4,1,7, ,2,2,4,6,4
1809,9,3,2,2,0,2,5,4,2,60,6,2, ,1300,1,2, ,1,5,1,5,5,1,1,october,2,2,3,4,3
1810,7,0,0,0,0,1,3,4,2,46,4,6, ,1700,1,1, ,1,8,1,5,5,1,1,sand village,2,2,3,3,3
1812,4,0,1,1,10,0,2,2,1,28,1,1, ,200,1,1, ,1,4,0,3,3,1,3,pepsiga,2,2,3,1,6
1814,8,1,0,0,0,0,4,4,1,52,7,2, ,1000,1,2, ,1,4,1,3,3,1,1,Stadium area,2,2,3,4,2
1815,2,0,0,0,2,0,1,1,1,35,6,1, ,750,1,2, ,1,3,1,4,4,1,1,October,2,2,4,4,1
1819,9,3,1,1,1,0,5,4,1,35,6,1, ,500,1,1, ,1,4,1,5,5,1,3,Pepzi-ga,2,2,4,4,3
1820,6,2,0,0,0,0,3,3,1,43,7,7,Member of Parliamen,3000,1,1, ,1,7,2,5,5,1,3,Dhooldahable,2,2,2,3,2
1821,4,1,2,2,0,0,2,2,1,23,4,4, ,100,1,2, ,1,2,1,2,4,1,1,Badhka,2,2,3,3,2
1822,12,0,1,1,0,1,6,6,1,61,1,7,Water-truck driver,800,1,1, ,1,5,1,3,4,1,7,Gacntaalaha,2,2,4,4,2
1824,9,2,0,1,1,0,3,6,1,45,4,1, ,500,1,1, ,1,4,1,4,4,1,7,Jigjiga yar,2,2,4,5,5
1825,10,0,0,5,3,2,3,7,2,38,1,1, ,200,1,1, ,1,4,1,3,4,1,6,Magalo ugaaso,2,2,4,2,2
1826,7,1,6,3,1,0,4,3,2,35,2,6, ,0,1,3, ,3,2,1,6,3,1,7,jigjigayar,2,2,3,3,6
1827,4,0,1,0,0,0,2,2,1,27,4,7,teacher,200,1,1, ,1,3,1,4,5,1,4,qudhac dheer,2,2,4,3,3
1828,10,2,1,2,0,2,5,5,1,67,4,2, ,600,1,1, ,1,7,1,5,4,1,7,Jigjig yar,2,2,2,3,2
1829,9,0,0,7,2,0,2,7,1,47,6,1, ,800,1,1, ,1,5,1,4,5,1,3,Pepsi,2,2,3,5,3
1831,11,2,0,1,0,0,4,7,2,38,6,2, ,3000,1,1, ,1,6,1,5,5,1,7,ibraahim koodbuur,2,2,5,5,3
1832,10,2,0,1,0,0,5,5,1,42,3,2, ,450,1,1, ,1,5,0,5,3,1,5,Cqalaaf,2,2,3,3,2
1833,9,1,2,7,2,1,5,4,1,61,6,3, ,500,2,3, ,1,4,1,4,3,1,1,Stadium area,2,2,1,3,4
1834,6,2,1,2,1,2,2,5,2,28,6,6, ,120,1,2, ,1,2,1,2,4,1,1,siinay,2,2,3,3,2
1835,7,0,0,1,1,0,3,4,2,45,1,2, ,100,1,1, ,1,4,1,4,5,1,3,Pepzi-ga,2,2,4,3,1
1837,9,0,0,2,4,3,5,4,1,60,2,1, ,150,1,1, ,1,4,1,4,4,1,6,magalo ugaaso,2,2,3,3,2
1838,7,0,0,1,3,1,4,3,2,60,2,6, ,700,1,2, ,1,5,1,4,3,1,6,Beeraha,2,2,1,3,1
1839,8,1,1,1,2,0,3,5,1,55,7,2, ,350,1,2, ,1,5,1,4,1,1,2,150 street,2,2,4,4,3
1840,2,0,2,1,0,0,1,1,1,22,4,2, ,300,1,2, ,1,2,1,4,4,1,7,hero awr,2,2,4,3,4
1842,6,0,6,4,2,1,3,3,2,74,1,2, ,500,1,1, ,1,3,1,4,4,1,7,hero awr,2,2,5,5,1
1844,6,0,6,1,1,0,5,1,2,40,2,6, ,500,1,3, ,1,4,1,6,1,1,7,jigjigayar,2,2,3,3,3
1847,14,3,1,1,0,0,7,7,1,35,7,7,director of technical institute,400,1,1, ,1,5,1,5,5,1,3,Ayax village,2,2,4,5,5
1850,12,11,1,2,10,1,5,7,2,60,7,2, ,1000,3,1, ,2,7,5,5,5,1,6,Jigjigyar,2,2,3,3,4
1854,3,0,0,0,0,0,2,1,1,40,4,7,dirawal,200,1,1, ,1,3,1,4,4,1,3,isha borama,2,2,3,3,2
1859,8,2,1,1,2,1,2,6,1,44,4,1, ,200,1,1, ,1,4,1,3,4,1,1,Badhka,2,2,3,3,2
1863,10,2,0,1,1,0,6,4,1,54,7,1, ,700,1,1, ,1,6,0,3,3,1,5,Laanta-Hawada,2,2,3,5,4
1864,4,0,0,0,0,0,2,2,1,58,3,1, ,400,1,1, ,1,4,1,5,1,1,7,xeroawr,2,2,4,3,3
1867,5,5,5,4,3,1,2,3,1,57,4,1, ,500,1,2, ,1,4,1,4,4,1,6,sheekh mubarig,2,2,3,3,2
1868,5,0,0,0,0,1,2,3,1,78,7,6, ,5000,1,1, ,1,4,1,4,3,1,8, ,2,2, , , 
1870,6,0,0,1,0,0,2,4,2,45,6,2, ,300,1,1, ,1,4,1,4,5,1,6,macalin haaruun,2,2,3,5,3
1871,4,2,0,0,0,0,0,4,2,29,6,1, ,500,1,2, ,1,4,1,4,3,1,7,Maroodi jeex,2,2,4,4,2
1872,10,2,10,8,2,1,6,4,2,56,6,5, ,600,1,3, ,3,6,3,4,5,1,2,Hargeisa,2,2,1,2,1
1880,9,1,2,4,1,1,5,4,1,60,4,1, ,900,1,1, ,1,6,1,5,5,1,8, ,2,2,4,4,1
1881,8,0,0,1,1,0,4,4,1,50,4,1, ,500,1,1, ,1,5,1,5,5,1,2, ,2,2,4,3,3
1882,8,0,4,2,1,0,4,4,1,58,1,5, ,300,1,1, ,1,4,1,3,3,1,1,cakaara,2,2, , , 
1887,6,2,2,2,1,0,1,5,1,34,6,7,Civil engineer,3000,1,1, ,3,7,1,4,5,1,9,New Hargeisa,2,2,3,3,3
1888,5,1,0,0,1,0,2,3,1,26,6,1, ,1000,1,1, ,1,4,1,3,3,1,9,New hargeisa,2,2,3,5,3
1889,10,2,3,2,2,1,3,7,1,50,1,1, ,2000,2,3, ,3,5,1,3,3,1,9,New Hargeisa,2,2,3,1,3
1892,2,5,3,2,8,8,8,8,2,20,8,6, ,1200,2,2, ,3,5,5,1,6,2,3,jigjiga,2,2,2,1,3
1894,3,0,0,0,0,0,1,2,2,37,4,1, ,200,1,2, ,3,5,1,6,6,1,2,Hargaysa,2,2,4,6,6
1895,6,0,0,2,2,0,4,2,2,35,2,6, ,200,1,3, ,1,5,1,4,1,1,7,jigjigayar,2,2,3,3,3
1896,5,0,5,4,2,0,2,3,1,56,3,7,Security guard,100,1,1, ,1,2,1,2,2,1,3,qandahaar,2,2,5,5,2
1898,5,2,1,0,2,0,3,2,1,35,7,2, ,1000,1,1, ,1,5,1,4,4,1,2,hargeisa,2,2,3,3,3
1899,9,1,1,5,1,0,3,6,1,40,2,1, ,3000,1,2, ,1,6,1,5,5,1,2,d,2,2, , , 
1900,6,1,0,0,0,0,4,2,1,58,4,1, ,1000,1,1, ,1,5,1,4,4,1,1,Actober,2,2,3,4,3
1901,10,0,0,1,0,1,7,3,2,80,1,6, ,450,1,3, ,1,4,1,4,5,1,7,xero-Awr,2,2,5,4,2
1902,8,0,0,0,0,0,3,5,2,48,7,2, ,450,1,2, ,1,4,1,5,5,1,1, ,2,2,5,5,5
1903,3,0,1,5,4,2,2,3,2,20,6,3, ,800,2,2, ,1,5,1,2,3,1,6,suuqa hoose,2,2,3,2,3
1904,5,0,5,0,2,1,3,2,1,59,6,1, ,600,1,1, ,1,4,1,4,4,1,2,idaacada,2,2,5,3,2
1905,7,2,0,0,0,0,4,3,1,40,3,2, ,120,1,2, ,1,3,1,3,4,1,3,pepsiga,2,2,2,4,3
1906,3,0,0,1,0,1,0,3,2,60,1,7,sell decoration home,10,1,4,temporary home,2,2,1,4,4,1,4,jungalka,2,2,1,6,3
1908,6,1,0,1,1,2,7,4,2,20,4,3, ,250,2,2, ,1,2,1,3,3,1,5,magaalo jimcaale,2,2,3,2,2
1910,8,2,1,4,2,1,2,3,1,42,1,4, ,300,1,1, ,1,4,1,3,4,1,1,Siinay,2,2,3,4,2
1911,6,2,1,0,0,0,1,6,1,21,7,2, ,200,1,4,Dwelling,1,5,1,4,4,1,7,Hargeisa,2,2,1,3,3
1912,7,0,0,1,0,0,3,4,1,31,6,1, ,1200,1,2, ,3,6,1,5,4,1,1,Jigjiga yar,2,2,4,3,4
1913,4,1,0,1,0,0,4,2,1,28,7,1, ,500,1,2, ,1,4,1,4,4,1,1,Siinay,2,2,2,3,3
1914,6,2,1,0,1,0,1,5,2,45,4,7,iam being billed,95,1,3, ,1,5,1,4,4,1,4,jungalka,2,2,4,4,3
1916,7,2,1,0,0,0,5,2,1,33,2,1, ,200,1,1, ,1,2,1,3,3,1,1,Masalle,2,2, , , 
1919,15,0,0,5,8,2,5,10,1,53,7,1, ,1900,1,1, ,1,17,2,5,5,1,7,Jigjigayr,2,2,2,5,3
1920,5,0,1,4,1,0,0,5,2,48,4,4, ,500,1,1, ,1,4,1,3,4,1,2,Xer-awe,2,2,4,3,3
1923,7,0,0,0,0,1,2,5,2,63,6,6, ,600,1,1, ,1,5,1,4,4,1,2,daloodho,2,2,4,4,1
1924,5,1,1,4,1,1,2,2,1,68,1,4, ,150,1,1, ,1,4,1,3,4,1,1,Badhka,2,2,3,3,3
1925,8,0,0,1,0,1,5,3,1,42,2,4, ,300,1,1, ,1,4,1,4,3,1,1,Half london,2,2, , , 
1926,11,2,1,0,0,1,8,3,1,37,2,1, ,550,1,1, ,1,4,1,3,4,1,4,Daarasalaam,2,2,3,4,3
1927,9,0,0,0,1,0,5,4,1,40,2,7,waash man,100,1,1, ,1,2,1,4,4,1,3,isha borama,2,2,3,3,2
1928,3,0,0,0,0,0,2,1,1,34,2,4, ,150,1,1, ,1,2,1,2,3,1,1,Half london,2,2, , , 
1929,7,3,0,0,1,0,4,3,1,35,1,4, ,200,1,3, ,1,2,1,4,4,1,3,ishaborama,2,2,1,6,6
1930,6,0,0,1,0,0,4,2,1,49,4,1, ,350,1,1, ,1,5,1,3,3,1,4,jarato,2,2,4,3,2
1931,11,0,0,1,0,2,3,8,2,65,2,4, ,500,1,1, ,1,4,1,3,3,1,1,Half london,2,2, , , 
1932,7,1,0,0,2,0,2,5,1,35,7,1, ,300,1,3, ,2,3,1,4,4,1,4,jungalka,2,2,3,4,4
1934,10,2,1,0,0,1,4,6,1,62,2,4, ,500,1,2, ,1,5,1,4,3,1,1,Half london,2,2, , , 
1935,9,2,2,5,2,1,3,2,1,50,1,4, ,100,1,1, ,1,2,1,3,4,1,1,Badhka,2,2,3,3,3
1936,5,8,2,1,2,3,2,1,1,51,4,5, ,350,1,2, ,2,2,1,2,4,1,7,jigjiga yar,2,2,2,1,3
1937,5,1,0,0,0,0,1,4,1,32,6,1, ,900,1,1, ,1,5,1,4,5,1,1, ,2,2, , , 
1939,7,0,0,0,0,0,3,4,2,43,2,6, ,1000,1,2, ,1,5,1,4,3,1,1,Half london,2,2, , , 
1942,12,1,1,7,3,0,6,6,2,56,4,6, ,700,1,1, ,1,5,1,4,4,1,5,Calaamada,2,2,4,3,4
1944,5,2,0,0,2,0,3,2,1,35,1,7,casual labor,90,1,2, ,2,1,1,2,1,1,4,jungalka,2,2,3,3,3
1945,8,2,1,3,1,1,4,4,1,65,2,2, ,400,1,1, ,1,4,1,4,3,1,6,Cabaaye,2,2, , , 
1946,6,1,3,1,1,0,2,4,1,32,4,1, ,400,1,2, ,1,4,1,3,4,1,7,150,2,2, , , 
1948,6,0,0,1,1,1,3,3,1,70,4,1, ,400,1,1, ,1,3,1,4,3,1,3,Isha borame,2,2,1,3,1
1949,9,1,2,4,2,0,4,5,1,43,4,1, ,750,1,2, ,1,6,1,5,5,1,7,jigjig yare,2,2, , , 
1950,9,0,0,1,3,1,5,4,2,43,4,2, ,400,1,1, ,1,4,1,4,4,1,1,October,2,2,3,4,1
1951,13,1,2,6,2,2,5,8,1,53,2,2, ,1300,1,1, ,1,11,2,5,5,1,7,jigjig yare,2,2, , , 
1952,11,2,9,8,5,0,1,10,1,42,7,1, ,1500,1,2, ,1,6,1,4,4,1,2,tuur xaamud,2,2,5,3,2
1954,5,0,0,0,0,0,1,4,1,37,4,1, ,150,1,1, ,1,3,1,3,4,1,2,Hawadle,2,2,5,3,2
1957,4,0,5,1,1,1,3,1,1,55,2,1, ,500,1,1, ,1,3,1,3,3,1,7,xiro Awr,2,2, , , 
1958,15,2,13,5,4,2,6,9,2,60,6,1, ,500,1,2, ,1,4,1,5,4,1,5,Hargeisa,2,2,3,3,3
1960,4,0,1,2,0,1,1,3,2,75,1,6, ,200,1,1, ,1,5,1,3,3,1,1,xalane,2,2, , , 
1962,3,0,1,0,2,0,1,2,1,55,1,6, ,150,1,2, ,1,2,1,1,3,1,5,jameecada,2,2, , , 
1963,9,1,1,5,1,0,3,6,1,40,2,1, ,3000,1,2, ,1,6,1,5,5,1,1,daloodho,2,2,4,3,1
1964,8,0,0,0,0,0,3,5,1,45,4,7,casual labor,150,1,1, ,1,3,1,4,4,1,4,jungalka,2,2,4,3,4
1968,5,0,0,3,2,0,3,2,1,41,6,1, ,500,1,1, ,1,3,2,3,3,1,7,Jigjigayar,2,2,1,4,3
1969,11,0,0,3,6,1,6,5,1,52,6,1, ,500,1,2, ,1,5,3,4,4,1,4,qudhacdheer,2,2,2,4,2
1970,8,5,2,1,4,2,2,5,1,31,4,3, ,120,2,1, ,1,2,1,2,3,1,5,kiladhka,2,2,2,2,4
1971,6,2,1,0,0,0,3,3,1,29,4,1, ,150,1,2, ,1,2,1,4,3,1,2,saldhiga,2,2,1,1,2
1973,4,0,0,1,0,0,1,3,2,41,3,6, ,230,1,1, ,1,2,1,3,5,1,4,daarasalam,2,2,3,3,2
1974,3,1,0,0,1,0,2,1,1,35,6,1, ,750,1,2, ,1,6,1,4,5,1,2,daloodho,2,2,2,5,3
1976,7,0,0,0,0,1,2,5,1,26,6,1, ,500,1,1, ,1,4,1,3,3,1,5,qudhcdheer,2,2,3,2,3
1978,4,0,0,0,0,0,4,0,1,25,7,7,4 single boys sharing everything,200,1,2, ,1,4,1,3,3,1,3,Dhooldahable,2,2,3,4,3
1979,7,0,7,7,2,1,1,6,1,61,1,2, ,250,1,1, ,2,4,4,5,4,1,2,26june,2,2,3,3,3
1981,10,1,1,1,0,0,6,4,2,41,2,4, ,300,1,1, ,1,4,1,4,3,1,1,Half london,2,2, , , 
1982,7,0,0,0,0,0,1,6,2,55,2,1, ,500,1,1, ,1,4,1,4,4,1,7,koodbuur,2,2,2,3,4
1984,8,0,1,1,1,1,3,5,2,60,1,7,dukaan khudradeed,150,1,1, ,1,6,1,3,4,1,3,isha borama,2,2,3,4,2
1985,3,0,0,2,1,0,1,2,1,27,6,1, ,450,1,1, ,1,3,1,3,4,1,7,Win yar degga,2,2, , , 
1986,6,2,2,2,2,0,3,3,1,40,4,2, ,200,1,2, ,2,2,1,4,4,1,2,26june,2,2,3,3,3
1987,9,0,9,7,1,0,3,6,2,50,1,2, ,600,1,1, ,1,5,1,4,5,1,8, ,2,2,5,4,2
1991,14,0,0,5,2,2,5,9,1,77,4,7,Retired,1200,1,1, ,1,7,1,4,4,1,8,Bada cas,2,2,4,3,3
1992,6,2,1,0,2,0,3,3,1,37,6,1, ,1000,1,2, ,1,5,3,4,3,1,1,Masalha galbeed,2,2,3,4,3
1994,4,0,1,2,1,0,3,1,1,24,5,1, ,400,1,2, ,1,3,1,2,2,1,9,Maamuus area,2,2, , , 
2000,9,0,0,1,2,0,2,7,2,50,8,6, ,700,3,4, ,2,6,0,5,5,1,1,Siinay,2,2,3,3,3
2004,7,0,0,0,0,0,4,3,2,55,1,6, ,400,1,1, ,1,4,1,3,5,1,1,xafadaha Aktoober,2,2,3,3,2
2005,7,0,0,1,1,2,5,2,2,75,1,2, ,150,1,1, ,1,4,1,3,4,1,1,cakaara,2,2,4,5,2
2006,7,0,6,2,1,0,0,3,2,45,1,2, ,300,1,3, ,2,5,1,4,4,1,2,26june,2,2,3,3,2
2007,11,2,1,1,1,1,7,4,1,60,6,1, ,350,1,1, ,1,7,1,3,5,1,5,masalaha,2,2,2,5,3
2008,7,0,7,5,2,1,3,4,1,67,4,1, ,300,1,2, ,1,4,1,4,4,1,8, ,2,2,5,5,2
2009,13,2,1,1,0,1,5,8,1,55,3,6, ,800,1,2, ,3,5,2,4,4,1,2, ,2,2,3,5,1
2013,9,1,1,4,1,1,3,4,1,49,5,1, ,300,1,1, ,1,4,1,4,4,1,1,Half-London,2,2,4,3,2
2014,8,2,1,0,1,0,5,3,1,40,5,1, ,400,1,2, ,2,4,1,3,1,1,2,Xisbiga,2,2,5,4,5
2015,12,1,1,0,0,1,2,10,1,79,7,5, ,800,1,1, ,1,8,1,3,4,1,7, ,2,2,3,4,2
2017,8,1,1,1,2,1,3,5,1,30,6,1, ,1000,1,1, ,1,10,1,4,5,1,9,Newhargeisa,2,2,3,4,3
2023,8,0,1,3,2,2,5,3,1,53,5,1, ,320,1,1, ,1,5,1,3,4,1,1,Axmed Dhagax,2,2, , , 
2024,4,0,0,1,0,1,4,0,1,65,1,6, ,150,1,1, ,1,3,1,4,3,1,4,Darasalam,2,2,4,3,3
2025,14,0,1,1,0,1,5,9,1,60,7,1, ,1000,1,3, ,1,7,1,5,5,1,1,hargeisa,2,2,3,2,3
2027,10,2,3,4,2,1,4,3,1,48,1,4, ,125,1,1, ,1,5,1,3,4,1,8,Siinay,2,2,3,3,3
2029,9,8,5,6,2,1,4,5,1,36,6,5, ,500,1,1, ,1,7,1,4,5,1,6,Hargeisa.,2,2,2,4,4
2030,7,1,1,4,6,1,4,3,2,32,4,3, ,500,1,2, ,3,5,1,4,5,1,7,Hargiesa,2,2,2,3,2
2035,11,0,0,0,0,1,6,5,1,56,4,2, ,1000,1,1, ,1,7,1,4,4,1,4,Hargeisa,2,2,2,3,3
2039,12,0,0,1,0,1,5,7,1,60,1,7,Police askari,200,1,1, ,1,4,1,3,5,1,3,isha borama,2,2, , , 
2041,7,0,1,1,1,1,3,4,1,80,2,6, ,150,2,1, ,3,3,1,3,3,1,2, ,2,2,3,6,1
2045,10,0,0,3,4,3,7,3,2,65,1,6, ,1000,1,1, ,1,5,1,4,4,1,2,150ka,2,2,3,3,1
2046,13,0,0,1,1,1,5,8,1,64,6,7,Retaired,6000,1,3, ,1,11,1,3,4,1,3,Isha borama,2,2,4,5,3
2047,9,0,0,1,1,0,2,3,2,25,4,2, ,150,1,1, ,1,6,1,4,3,1,7,Hargeisa,2,2,3,3,3
2049,7,0,1,3,1,2,3,4,1,70,1,6, ,300,1,1, ,1,4,1,4,4,1,1,October,2,2,3,4,3
2051,11,0,0,11,2,1,7,4,1,77,6,6, ,1000,1,1, ,1,7,1,4,3,1,2,Magaalo ugaaso,2,2,3,3,1
2052,6,0,0,6,1,0,3,3,2,45,1,2, ,150,1,1, ,1,4,1,5,3,1,2,26june,2,2, , , 
2054,7,1,0,1,0,0,3,4,2,46,2,2, ,270,1,1, ,1,3,1,3,3,1,4,Daarasalaam,2,2,3,3,2
2055,6,0,0,6,0,0,3,3,1,21,6,5, ,2000,1,1, ,1,6,1,5,3,1,7,Jigjiga yar,2,2,5,6,5
2057,7,7,7,7,2,2,2,5,1,60,6,2, ,1200,3,3, ,1,7,1,5,5,1,7,Jigjigayr,2,2,4,4,3
2058,10,0,0,1,1,2,7,3,1,61,4,2, ,500,1,3, ,1,4,1,5,4,1,7,Qunyar-daga,2,2,4,4,4
2059,4,0,0,0,1,1,2,2,1,65,7,2, ,500,1,1, ,3,4,1,4,4,1,7,xero awr,2,2,4,4,3
2060,5,0,0,0,0,1,3,2,1,63,1,1, ,800,1,1, ,1,3,1,4,4,1,6,sheekhnuur,2,2,2,4,3
2061,4,1,3,3,3,1,3,1,2,62,1,4, ,200,1,1, ,1,2,1,3,4,1,8, ,2,2,3,2,2
2062,5,0,1,2,2,0,3,2,2,45,1,1, ,200,1,1, ,1,4,1,4,3,1,6,magalo ugaaso,2,2,3,3,3
2064,6,0,0,6,1,0,3,3,1,45,1,2, ,200,1,1, ,1,4,1,4,3,1,2,26june,2,2,3,3,3
2065,6,0,0,0,0,0,3,3,2,45,8,1, ,200,1,1, ,1,4,1,3,3,1,2,150,2,2,3,3,3
2068,15,4,11,11,4,1,7,8,1,58,8,6, ,480,2,3, ,1,5,1,3,3,1,8,Area arabsiyo,2,2,3,3,3
2070,10,0,5,5,3,0,3,7,1,50,6,1, ,600,1,1, ,1,5,1,4,4,1,1,badhka,2,2,4,3,4
2071,4,0,0,0,0,0,1,3,2,57,3,6, ,300,1,1, ,1,4,1,5,4,1,6,Sh.nuur,2,2,5,3,4
2075,6,2,4,2,2,0,3,3,1,40,2,4, ,300,1,3, ,1,3,1,4,4,1,8, ,2,2,5,2,2
2076,9,0,9,8,2,1,3,6,1,62,6,2, ,800,1,1, ,1,8,1,4,4,1,9,New Hargeisa,2,2,2,3,3
2077,5,0,0,5,2,2,4,1,1,50,4,2, ,2000,1,1, ,1,3,1,4,4,1,5,Star,2,2,3,3,2
2080,7,2,1,1,0,0,3,4,1,26,4,1, ,300,3,1, ,3,3,1,3,3,1,6,Sheekh muprik,2,2,3,3,3
2087,5,0,0,0,1,0,1,2,2,40,7,1, ,1000,1,3, ,1,3,1,5,1,1,3, ,2,2,2,5,3
2088,13,0,0,1,1,1,5,8,1,64,6,7,Retaired,6000,1,3, ,1,11,1,3,4,1,3,Isha borama,2,2,2,4,4
2090,7,0,0,0,0,0,4,3,1,23,6,1, ,1000,1,2, ,1,4,1,4,5,1,2,xawaadle,2,2, , , 
2092,8,0,0,1,1,0,2,6,2,48,6,2, ,500,1,1, ,1,4,1,3,3,1,6,kilalka,2,2,4,3,3
2101,11,3,0,1,0,0,8,3,1,45,4,1, ,300,1,1, ,1,3,0,2,5,1,5,Laanta hawada,2,2,3,3,2
2103,10,1,1,3,2,2,7,3,2,63,5,1, ,500,1,2, ,3,4,1,3,3,1,1,Hargeisa,2,2,3,3,3
2104,13,0,0,1,1,1,5,8,1,64,6,7,Retaired,6000,1,3, ,1,11,1,4,4,1,3,Isha borama,2,2,3,4,4
2106,9,0,0,1,0,1,6,3,1,62,2,1, ,800,1,1, ,1,5,1,5,5,1,1,Iftin area,2,2,4,5,2
2111,11,0,0,3,6,2,5,6,1,54,4,4, ,450,1,1, ,1,5,1,3,4,1,7,jigjiga yar,2,2, , , 
2114,17,0,1,1,0,0,8,9,1,53,1,4, ,1200,1,1, ,1,6,1,4,4,1,1,Siinay,2,2,5,4,6
2116,8,3,2,0,1,0,3,5,1,40,6,7,principle,300,1,2, ,1,4,1,4,5,1,1,siinay,2,2, , , 
2117,5,1,0,1,3,1,2,3,2,30,6,7,Teacher,300,1,1, ,1,3,1,2,2,1,9,Sheekh nuur,2,2,1,3,6
2124,7,1,1,1,0,0,3,4,2,40,4,2, ,1000,1,1, ,1,6,1,5,5,1,9,New hargiesa,2,2,4,4,3
2126,8,1,0,0,0,0,4,4,2,42,3,1, ,250,1,2, ,1,2,1,3,3,1,3,Pepsi,2,2,1,3,2
2128,10,1,0,1,0,0,4,6,1,56,4,1, ,300,1,1, ,1,3,0,2,4,1,5,Laanta hawada,2,2,3,2,2
2130,10,1,9,9,2,0,5,5,1,40,6,1, ,600,1,2, ,1,5,1,4,3,1,6,New hargeisa,2,2,3,3,4
2132,9,0,0,1,0,0,5,4,2,42,1,7,dukaan khudradeed,150,1,1, ,1,2,1,3,5,1,3,isha borama,2,2,3,5,2
2133,12,1,0,0,0,1,5,7,2,55,1,2, ,700,1,1, ,1,4,1,5,5,1,7,jigjiga yar,2,2,4,5,2
2134,9,0,1,5,1,1,6,3,1,60,5,2, ,500,1,1, ,1,5,1,4,3,1,5,calamada,2,2,3,3,2
2136,8,1,0,0,0,1,3,5,1,61,1,6, ,200,1,3, ,1,3,1,5,3,1,1,Axmed guray,2,2,4,3,2
2137,8,1,0,0,0,0,2,6,1,50,1,6, ,200,1,1, ,1,2,1,3,3,1,4,Daarasalaam,2,2,3,4,3
2138,9,1,0,5,2,1,6,3,1,50,7,1, ,800,1,1, ,1,5,1,4,5,1,6,Magalo ugaaso,2,2,2,3,3
2139,4,0,0,1,1,0,2,2,1,41,8,6, ,600,1,2, ,3,5,1,3,6,1,7,Jigjiga yar,2,2,3,3,3
2141,16,2,1,9,4,0,10,6,1,52,6,2, ,5200,1,2, ,3,5,1,3,3,1,2,Daruraha,2,2,3,4,2
2142,6,0,6,4,1,0,3,3,2,39,2,6, ,100,1,3, ,1,4,1,4,1,1,7,jigjigayar,2,2,3,3,3
2143,3,0,0,1,2,0,3,0,1,35,7,1, ,300,1,1, ,1,4,1,3,3,1,4,dara salaam,2,2,3,2,3
2144,5,2,3,1,1,0,2,3,1,37,6,1, ,300,1,1, ,1,4,1,5,4,1,8,Gantaalaha,2,2,4,3,3
2145,6,0,0,0,0,0,1,5,2,48,7,2, ,1000,1,1, ,1,5,1,5,5,1,9,Hodan hills,2,2,3,4,2
2146,8,1,0,2,1,1,3,5,1,67,1,2, ,1200,1,3, ,1,7,2,5,4,1,2,Xero awr,2,2,3,4,4
2147,7,2,0,0,0,0,4,3,1,31,6,2, ,200,2,3, ,3,5,1,4,1,1,7,xero awr,2,2, , , 
2148,12,1,1,0,1,0,7,5,1,43,6,1, ,2000,1,1, ,1,7,1,4,3,1,2,daloodho,2,2,5,4,2
2151,6,2,2,0,0,0,2,4,1,37,6,2, ,500,1,2, ,1,2,1,5,4,1,1,October,2,2,3,5,5
2152,9,2,1,0,0,0,4,5,1,59,3,1, ,700,1,2, ,1,4,1,3,5,1,7,jigjiga yar,2,2,4,3,1
2154,3,1,0,0,0,0,2,1,1,32,6,1, ,900,1,2, ,1,6,1,5,5,1,7,Gantalaha,2,2,4,3,5
2157,10,1,9,9,2,0,5,5,1,50,6,1, ,350,1,1, ,1,4,1,4,4,1,6,gacan libaax,2,2,3,4,3
2160,15,1,0,0,0,0,4,11,2,50,7,2, ,1000,1,1, ,1,7,1,5,4,1,9,New hargiesa,2,2,4,4,4
2161,7,0,1,1,2,1,1,6,2,71,2,2, ,2500,1,1, ,1,7,1,4,4,1,2,150,2,2,5,4,4
2162,6,0,0,0,1,1,3,3,2,60,1,2, ,600,1,1, ,1,5,1,3,4,1,3,Isha-boorama,2,2,3,5,2
2163,6,0,0,1,1,1,4,2,2,54,2,2, ,100,1,3, ,1,4,1,3,4,1,7,Ibrahim koodbuur,2,2,1,3,3
2167,7,0,0,1,0,0,2,5,2,38,1,6, ,500,1,1, ,1,5,1,4,4,1,3,isha borama,2,2,3,3,3
2169,5,1,4,4,2,2,2,3,1,24,3,5, ,0,3,2, ,1,3,2,2,3,1,3,Oepsiga,2,2,2,3,3
2170,10,1,0,2,1,0,4,6,1,45,7,1, ,350,1,1, ,1,5,1,5,5,1,6,sheikh nuur,2,2,5,4,5
2172,10,0,0,0,0,1,4,6,1,77,6,6, ,350,1,1, ,1,4,1,3,3,1,4,Daarasalaam,2,2,4,3,2
2173,6,0,0,0,1,0,2,4,1,52,1,1, ,200,1,1, ,1,4,0,2,5,1,5,Qudhacdheer,2,2,3,3,3
2174,6,0,0,1,0,3,3,3,2,80,2,6, ,400,1,1, ,1,5,1,3,5,1,5, ,2,2,5,4,5
2175,11,2,0,2,3,1,4,7,1,53,2,2, ,450,1,1, ,1,4,1,3,4,1,6,Sheekh madar,2,2, , , 
2178,3,0,0,0,0,0,1,2,1,30,4,1, ,900,1,2, ,1,3,1,4,3,1,7,Gantaalaha,2,2,3,3,2
2179,9,2,1,0,0,0,6,3,1,51,4,1, ,150,2,1, ,1,3,1,3,3,1,2,sha'ab,2,2,3,2,4
2181,10,2,0,1,0,1,3,7,1,40,2,2, ,400,1,1, ,1,5,1,4,4,1,1,half london,2,2, , , 
2184,4,0,0,1,0,1,1,3,1,30,6,1, ,200,1,2, ,1,5,0,3,4,1,7,Hero awr,2,2,5,5,1
2185,7,1,2,2,1,1,4,3,2,60,3,2, ,1000,1,3, ,1,5,1,4,4,1,2, ,2,2,4,5,1
2186,13,3,0,6,1,0,3,10,1,52,6,7,Business and salaried employment,1000,1,3, ,1,9,5,5,4,1,9,Hodan hills,2,2,3,4,4
2188,6,1,1,0,2,0,3,3,1,35,7,5, ,1000,1,2, ,1,5,1,4,4,1,4,Jungalka,2,2, , , 
2190,9,0,0,0,0,0,5,4,2,41,4,2, ,800,1,1, ,1,7,1,5,5,1,7,jigjiga yar,2,2,3,2,1
2192,4,0,0,0,0,0,2,2,1,26,1,4, ,500,1,1, ,1,2,1,3,3,1,7,Boqol jire,2,2,3,3,3
2193,10,3,2,1,3,1,6,5,1,20,4,2, ,5000,1,3, ,3,13,4,5,5,1,9,New hargaysa,2,2,2,1,5
2194,13,1,0,1,0,0,9,4,1,43,1,7,construction worker,0,1,3, ,1,3,1,2,3,1,5,Jameeco weyn,2,2,3,2,2
2197,7,0,0,0,0,1,1,6,1,63,2,1, ,240,1,1, ,1,2,1,4,4,1,3,ishaborama,2,2,3,4,6
2200,6,0,1,0,0,0,4,2,1,55,7,1, ,1000,1,2, ,1,4,1,5,5,1,4,Jungal,2,2,4,4,4
2201,9,0,0,1,0,2,3,6,1,61,4,2, ,1000,1,1, ,1,5,1,3,3,1,7,150,2,2,3,2,3
2202,14,2,0,0,2,0,7,7,2,55,1,2, ,400,1,3, ,1,7,1,5,5,1,1,cakaara,2,2,4,3,3
2203,15,1,14,10,8,3,8,7,1,39,4,1, ,1100,1,2, ,1,10,1,5,5,1,8, ,2,2,5,4,2
2204,10,0,1,0,0,0,4,6,1,53,8,4, ,200,1,1, ,1,4,1,4,5,1,1,badhka,2,2,2,3,3
2205,7,5,1,2,1,0,3,4,1,35,3,4, ,100,1,1, ,1,2,1,3,3,1,1,Stadium Area,2,2,4,3,1
2207,7,0,0,3,0,2,4,1,1,62,5,2, ,1700,1,2, ,1,3,1,3,3,1,7,Buurta kala jeexan,2,2,3,1,5
2208,3,1,0,0,1,0,2,1,1,35,6,1, ,350,1,2, ,1,4,1,5,4,1,8,Gantaalaha,2,2,5,5,6
2211,5,0,3,3,2,0,3,2,2,43,3,1, ,400,1,2, ,1,2,1,5,4,1,6,gacan libaax,2,2,3,4,3
2212,5,1,2,0,1,0,3,2,1,32,6,1, ,300,1,3, ,1,3,1,4,4,1,6,sheekh nuur/kilalka,2,2,4,5,2
2213,18,2,0,1,0,0,7,11,2,45,2,6, ,200,1,1, ,1,4,1,5,4,1,6,macalin haaruun,2,2,3,4,5
2214,7,1,0,1,0,0,4,3,2,40,3,2, ,120,1,3, ,1,5,1,5,1,1,1,Aktoobar,2,2,4,3,6
2215,6,1,0,0,0,1,0,6,2,45,6,1, ,400,1,1, ,1,5,1,3,3,1,7,150,2,2,3,3,3
2217,5,0,0,0,0,0,2,3,1,30,4,1, ,800,1,1, ,1,5,1,3,3,1,2,Biya dhacey,2,2,1,3,2
2218,16,1,0,0,0,1,7,9,1,80,7,7,Retired,2000,1,1, ,1,6,1,5,5,1,9,New hargiesa,2,2,3,4,4
2220,10,1,1,3,2,3,7,3,1,68,6,1, ,500,1,1, ,1,6,1,3,3,1,1,qandahaar,2,2,3,3,3
2222,2,0,0,0,1,0,1,1,1,40,6,2, ,400,1,2, ,1,3,1,4,4,1,3,isha borama,2,2,3,4,2
2224,7,0,0,0,0,1,3,4,1,63,1,2, ,200,1,1, ,1,2,1,4,3,1,1,badhka,2,2,3,3,4
2226,5,1,0,0,0,0,1,4,1,25,2,1, ,200,1,2, ,3,2,1,3,3,1,3,xero ruush,2,2,3,2,3
2228,6,0,0,0,0,1,3,3,1,62,6,1, ,700,1,1, ,1,5,1,5,4,1,1,Stadium area,2,2,5,3,4
2230,10,0,0,1,3,2,3,7,1,60,3,6, ,300,1,1, ,1,4,1,3,3,1,1,Stadium Area,2,2,4,4,2
2231,8,1,0,5,0,2,2,6,1,72,5,2, ,1500,1,2, ,1,8,1,5,4,1,2,26 june,2,2,5,4,3
2235,5,1,0,0,0,0,1,4,1,32,6,1, ,900,1,1, ,1,5,1,4,5,1,1,Masalla,2,2,5,5,3
2239,5,0,0,4,1,0,2,3,2,55,3,6, ,300,1,1, ,1,3,1,5,4,1,6,Sh.nuur,2,2,4,3,4
2241,2,0,0,0,0,0,1,1,1,21,4,2, ,200,1,2, ,1,3,1,4,6,1,7,ibraahim koodbuur,2,2,3,3,3
2243,3,1,0,0,2,0,2,1,1,33,7,1, ,40,1,1, ,1,5,1,5,4,1,7,Xeroawr,2,2,3,4,3
2244,6,0,0,2,2,0,2,4,1,36,6,2, ,34,3,1, ,1,5,5,5,4,1,7, ,2,2,3,3,3
2248,9,2,1,0,1,0,4,5,1,38,5,1, ,300,1,1, ,1,4,1,4,4,1,3,Masalaha,2,2,3,2,4
2255,10,2,8,3,2,0,6,4,1,35,2,7, ,0,1,3, ,1,5,1,4,3,1,7, ,2,2,3,3,3
2257,8,0,0,5,1,0,5,3,2,40,4,6, ,1000,1,1, ,1,5,3,4,4,1,7, ,2,2, , , 
2259,14,1,1,1,0,0,6,8,1,45,2,1, ,1000,1,1, ,1,6,1,5,5,1,2,Cawo Dhalad,2,2,5,5,4
2260,5,8,2,4,2,1,8,5,1,25,6,2, ,1200,2,2, ,1,2,4,3,3,5,5,tablataagay,2,2,2,3,3
2261,2,5,5,3,2,1,1,3,1,26,4,4, ,300,1,2, ,1,5,3,4,2,1,7,magaalo biixi,2,2,2,1,3
2262,4,3,1,1,1,2,1,2,1,31,6,3, ,690,2,2, ,1,2,3,3,3,1,2,suuqa hoose,2,2,3,2,3
2264,2,0,0,0,0,0,2,1,1,30,7,1, ,800,3,2, ,1,6,0,5,4,1,9,Sheikh,2,2,3,2,2
2265,6,2,4,5,5,2,4,4,1,51,4,3, ,200,1,2, ,1,4,2,3,3,1,4,jigjiga yar,2,2,2,2,3
2266,6,0,1,0,2,0,4,3,1,58,3,7,He works in house construction like mixing cement,300,1,2, ,1,2,1,3,3,1,6,Sh.nuur,2,2,3,2,3
2267,6,2,1,0,35,0,3,3,1,50,5,1, ,7,1,2, ,1,2,0,2,1,1,7,xero awr,2,2,1,6,1
2268,7,0,1,4,0,2,4,3,1,61,7,4, ,500,1,1, ,1,4,1,3,3,1,6,geerash-aw Aadan,2,2,5,3,2
2269,10,0,0,9,2,0,5,5,1,56,7,2, ,0,1,1, ,1,7,1,5,5,1,3,UOH neighbourhood,2,2, , , 
2270,8,2,1,2,3,2,1,2,1,31,6,3, ,150,1,1, ,3,2,1,2,3,1,3,kiladhka,2,2,3,2,4
2272,6,2,3,2,2,1,5,27,1,21,4,3, ,1200,1,2, ,1,2,1,4,3,1,3,magaalo jimcaale,2,2,3,1,3
2278,10,2,1,1,2,1,6,4,1,30,6,1, ,300,1,2, ,1,4,0,3,3,1,7,Jigjiga yar,2,2,4,4,3
2279,8,3,0,0,0,0,1,5,2,26,7,2, ,180,1,1, ,1,7,1,4,3,1,7,Hargeisa,2,2,3,3,3
2280,5,0,0,0,0,2,4,1,1,65,1,1, ,300,1,3, ,1,4,1,5,5,1,1,cakaara,2,2,3,3,2
2281,10,1,0,0,1,0,4,6,1,50,5,4, ,50,1,1, ,1,5,0,5,5,1,7,xeroawr,2,2,1,5,6
2282,6,2,1,0,0,0,4,2,1,30,7,7,teacher,300,1,2, ,1,3,1,5,5,1,6,sheikh nuur,2,2,5,4,5
2283,6,0,0,6,4,0,3,3,1,50,4,2, ,400,1,1, ,1,6,1,4,4,1,7,ganad,2,2,5,4,3
2284,11,1,0,0,0,1,3,8,2,31,7,7,Retired,3000,1,1, ,1,9,2,5,5,1,1,Masallaha,2,2,4,4,4
2285,8,4,6,3,2,0,3,5,1,40,3,1, ,500,1,1, ,1,4,1,4,4,1,1,badhka,2,2, , , 
2286,13,0,0,1,0,1,8,5,1,55,6,2, ,700,1,1, ,1,4,1,5,5,1,1,Ishaborama,2,2,3,5,5
2287,6,3,0,1,0,0,2,4,1,45,6,7,Uber,700,1,1, ,1,5,1,4,5,1,5,Jameeco weyn,2,2,3,4,3
2290,7,0,0,0,2,0,4,3,2,35,7,1, ,1600,1,3, ,1,5,1,5,3,1,5,Calaamada,2,2,3,4,4
2292,10,0,10,10,3,0,4,6,1,60,6,2, ,500,1,1, ,1,5,5,4,3,1,1,Hargeisa,2,2,4,5,5
2293,8,2,1,1,2,0,4,4,1,20,6,1, ,1000,1,3, ,1,7,1,4,3,1,7,xero awr,2,2, , , 
2296,5,0,5,4,0,0,5,0,1,28,6,7,Employee of the government,400,1,1, ,1,3,0,3,3,1,2,Hargeisa,2,2, , , 
2297,12,0,0,6,4,2,8,4,1,58,6,2, ,780,1,1, ,1,5,1,4,4,1,5,Qudhacdheer,2,2,2,4,2
2298,11,0,0,0,0,1,5,6,1,65,2,1, ,250,1,1, ,1,2,1,4,4,1,3,ishaborama,2,2,3,4,3
2299,6,2,1,0,1,0,2,4,1,35,7,1, ,400,1,2, ,1,3,1,5,5,6,6,sheikh nuur,2,2,4,4,5
2302,11,0,0,1,0,0,5,6,1,32,7,1, ,1000,1,3, ,1,5,1,5,5,1,1,Ishaborama,2,2,4,5,5
2303,4,0,0,1,1,0,2,2,1,35,6,1, ,300,1,2, ,1,4,1,4,5,1,7,Sheedaha,2,2,5,5,5
2304,10,0,1,0,0,0,5,5,2,45,1,7,small shop,300,1,1, ,1,4,1,5,4,1,4,jungalka,2,2,3,4,4
2305,8,0,0,0,2,1,4,4,1,32,6,1, ,700,1,2, ,1,7,1,4,4,1,7,if iyo aakhiro,2,2,3,4,2
2307,6,2,1,0,0,0,6,1,1,45,6,1, ,400,1,3, ,1,4,1,5,5,1,7,Qunyar-daga,2,2,3,4,4
2308,9,2,7,1,1,0,3,6,1,40,8,1, ,400,1,1, ,1,5,1,3,3,1,3,lug surwaal,2,2,2,3,2
2309,4,1,0,0,0,0,1,3,1,30,7,2, ,1000,1,3, ,1,8,2,5,5,1,7,Xero awr,2,2,4,5,5
2310,9,0,9,0,7,2,6,3,1,68,7,2, ,500,1,3, ,1,7,1,5,5,1,8,Ex-control,2,2,4,4,4
2311,7,0,0,2,1,1,2,5,1,35,7,1, ,300,1,1, ,1,4,1,5,5,1,6,sheikh nuur,2,2,5,5,1
2312,5,1,0,1,2,0,3,2,1,35,6,2, ,500,1,1, ,1,5,1,5,4,1,1,Iftin area,2,2,4,5,2
2316,6,1,0,0,0,0,4,2,1,30,6,1, ,300,1,1, ,1,4,1,4,4,1,3,Faluuja,2,2,4,3,2
2317,13,0,1,1,0,0,7,6,1,56,5,1, ,458,1,3, ,1,5,1,4,5,1,6,Nasiye,2,2,5,4,3
2320,8,0,1,1,0,1,5,3,1,73,6,2, ,900,1,1, ,1,6,1,5,5,1,1,October,2,2,5,4,4
2321,12,0,4,3,2,0,2,10,2,20,6,2, ,450,1,1, ,1,5,0,4,1,1,7,jigjigayar,2,2,3,1,1
2322,10,2,1,1,0,0,6,4,1,40,6,1, ,500,1,3, ,1,6,1,5,5,1,6,150ka,2,2,3,5,4
2324,7,1,7,7,2,1,3,4,1,62,4,7, ,300,1,2, ,1,4,1,4,3,1,6,Sh.madar,2,2,5,3,4
2326,13,0,1,1,3,0,8,5,1,49,4,4, ,350,1,1, ,1,4,1,3,4,1,7,jig jiga yar,2,2,4,4,3
2327,12,0,0,1,1,1,7,5,2,90,7,1, ,1100,1,1, ,1,5,1,4,4,1,6,hargeisa,2,2,5,3,3
2328,11,4,1,0,2,2,7,4,1,35,6,1, ,1600,1,3, ,1,6,1,4,4,1,5,Calaaamada,2,2,4,5,4
2329,8,2,1,0,1,0,5,3,1,40,6,7,pri,300,1,2, ,1,4,1,5,5,1,1,siinay,2,2, , , 
2331,5,0,0,1,0,1,2,3,2,65,2,6, ,300,1,1, ,1,4,1,5,5,1,1,Siinay,2,2,5,4,3
2334,8,1,2,3,1,1,5,3,1,60,3,6, ,500,1,2, ,3,5,1,3,2,1,4,Calamada,2,2,3,2,2
2335,6,0,0,0,0,0,1,5,2,45,8,6, ,0,1,1, ,1,3,1,3,3,1,3,lug surwaal,2,2,3,3,6
2336,9,1,0,2,3,0,4,5,1,37,7,1, ,520,3,3, ,1,6,4,5,4,1,7,jig jiga yar,2,2,3,3,2
2338,9,3,0,4,1,0,4,5,2,40,7,2, ,250,1,1, ,1,5,1,5,4,1,7,Geerash gacan,2,2,3,3,3
2340,5,0,0,0,0,1,2,3,2,58,8,1, ,400,1,1, ,1,5,1,4,4,1,4,jungal,2,2,5,3,2
2342,11,1,0,1,0,0,6,5,1,65,6,7, ,400,1,1, ,1,5,1,3,4,1,7,jigjigayar,2,2,4,3,3
2343,8,0,0,0,0,2,3,5,1,78,7,1, ,800,2,1, ,1,4,1,3,5,5,6,Borama,2,2,1,5,1
2344,5,1,0,0,0,0,2,3,1,30,6,1, ,800,1,2, ,1,5,1,5,5,1,1,Badhka,2,2,3,5,5
2345,8,0,0,0,1,1,5,3,2,62,1,6, ,500,1,1, ,1,5,1,4,4,1,1,Badhka,2,2,3,3,2
2346,12,1,1,1,2,0,6,6,1,38,7,1, ,500,1,1, ,1,7,1,5,5,1,4,Daarasalaam,2,2,2,4,4
2347,9,0,0,2,1,0,0,9,2,50,7,1, ,600,1,1, ,1,6,2,5,5,1,7,jig-jiga yar,2,2,1,3,4
2348,10,2,0,1,1,1,4,6,1,60,6,2, ,1200,1,3, ,1,10,1,3,4,1,7,Jigjigayar,2,2, , , 
2349,9,1,1,3,1,0,4,5,2,33,6,2, ,620,3,1, ,1,6,3,5,5,1,7,ex- contarol,2,2,3,4,3
2351,14,2,1,1,0,2,6,8,1,51,4,1, ,700,1,3, ,1,5,1,5,5,1,2,Daloodho,2,2,3,4,4
2352,13,0,0,1,0,1,5,8,1,60,2,1, ,300,1,1, ,1,5,1,5,5,1,3,ishaborama,2,2,3,4,4
2354,6,0,0,0,0,0,2,4,2,46,2,1, ,700,1,3, ,1,4,1,5,4,1,5,Calamadaha,2,2,4,4,3
2356,10,2,1,3,2,1,3,4,1,50,1,4, ,150,1,1, ,1,4,1,3,4,1,1,Badhka,2,2,3,3,3
2357,8,2,3,2,1,0,4,4,1,37,5,1, ,300,1,2, ,1,3,1,3,3,1,6,magalo ugaaso,2,2,3,3,3
2358,7,1,0,0,2,0,4,3,1,55,7,3, ,2000,1,1, ,1,5,1,4,3,1,7,Jigjigayar,2,2, , , 
2360,4,0,0,0,2,0,3,1,1,32,6,1, ,400,1,1, ,1,4,1,5,5,1,2,26june,2,2,3,4,2
2362,14,1,1,1,1,0,6,5,1,39,4,1, ,1000,1,1, ,1,4,1,4,4,1,7,jigjigayar,2,2,4,3,3
2365,6,1,0,5,1,0,3,3,1,36,6,2, ,300,3,3, ,1,6,1,3,4,1,7,jigjigyar,2,2,3,3,2
2366,11,2,1,1,2,1,6,5,1,51,1,2, ,350,1,1, ,1,2,1,5,5,1,7,sheedaha,2,2, , , 
2367,3,1,1,0,0,0,2,1,2,27,4,1, ,200,1,2, ,1,3,1,4,4,1,4,Siinaay,2,2,3,4,3
2368,2,0,0,0,1,0,1,1,1,35,6,1, ,500,1,2, ,1,4,1,4,4,1,5,Calamadaha,2,2,3,4,5
2369,11,2,2,3,1,1,5,6,1,68,1,4, ,120,1,1, ,1,5,1,3,4,1,1,Badhka,2,2,3,3,3
2370,9,0,0,0,0,2,3,6,1,60,6,1, ,600,1,1, ,1,5,1,4,4,1,2,hargeia,2,2,3,3,1
2371,11,2,1,1,2,1,6,5,1,51,1,2, ,350,1,1, ,1,2,1,5,5,1,7,ibrahim koodbuur,2,2,5,3,3
2373,7,0,5,5,0,2,5,3,2,50,1,6, ,500,1,1, ,1,1,0,4,5,1,1,Deg kodbur,2,2,2,4,2
2374,6,0,0,6,1,1,4,2,1,67,4,1, ,350,1,1, ,1,5,1,4,4,1,7,Gantaalaha,2,2,5,4,3
2375,6,0,0,4,2,0,3,3,1,40,7,1, ,700,1,1, ,1,5,1,5,5,1,7,Gantaalaha,2,2,2,3,3
2376,10,2,2,2,2,0,3,7,1,53,1,2, ,300,1,1, ,1,3,1,5,5,1,7,ibrahim koodbuur,2,2,1,3,2
2378,10,1,0,1,0,1,4,6,1,48,6,2, ,600,1,3, ,1,5,1,5,5,1,7,150 street,2,2,4,4,3
2379,7,2,1,0,1,0,4,3,1,38,4,6, ,350,1,2, ,1,4,0,4,4,1,5,Laanta hawada,2,2,3,6,6
2380,10,0,0,1,1,1,6,4,1,64,1,7,no job,150,1,2, ,1,2,1,4,4,1,7,ibrahim koodbuur,2,2,1,3,3
2381,10,2,3,2,2,1,7,3,1,60,2,1, ,350,1,1, ,1,7,1,3,3,1,3,Pepsi,2,2, , , 
2382,10,2,0,3,4,1,6,4,1,62,6,2, ,900,3,1, ,1,7,5,5,4,1,7,ex- contarol,2,2,3,4,2
2384,5,2,0,0,1,0,2,3,1,35,6,1, ,240,2,1, ,1,4,0,3,5,1,1, ,2,2,5,3,2
2385,7,1,0,0,1,0,1,6,2,55,3,1, ,300,1,1, ,1,4,1,4,4,1,7,ibraahim koodbuur,2,2, , , 
2387,8,0,1,7,4,1,6,2,2,42,3,1, ,350,1,1, ,1,5,1,4,4,1,6,gacan libaax,2,2,3,4,4
2389,6,0,0,1,1,1,2,4,2,63,3,2, ,250,1,1, ,1,3,1,5,5,1,7,ibrahim koodbuur,2,2,3,3,3
2391,7,2,1,0,0,0,5,2,1,30,3,1, ,200,1,1, ,1,3,1,4,4,1,5,masalaha,2,2, , , 
2394,3,0,0,0,0,0,2,1,2,45,3,2, ,500,1,1, ,3,5,1,4,4,1,9,Macalin Harun waxda,2,2, , , 
2395,7,1,0,1,0,1,3,4,1,63,7,2, ,800,1,1, ,1,6,1,5,5,1,7,jigjigayar,2,2,3,4,3
2396,3,0,0,0,0,0,2,1,2,45,3,2, ,500,1,1, ,1,5,1,4,4,1,9,Macalin Haruun  waaxda,2,2,4,4,4
2397,7,1,0,0,0,0,1,6,2,55,3,1, ,300,1,1, ,1,4,1,5,5,1,7,ibraahim koodbuur,2,2,4,3,2
2398,5,0,0,1,2,0,3,2,1,55,4,7,Don't know,400,1,1, ,3,4,1,4,3,1,7,Ibrahim Koodbuur,2,2, , , 
2399,6,0,0,1,1,0,3,3,2,58,7,2, ,1200,1,2, ,1,7,1,3,3,1,7,Jigjiga yar,2,2,3,3,3
2400,5,1,0,0,1,1,3,2,2,60,7,1, ,600,1,1, ,1,5,1,4,3,1,7,Xero awr,2,2,5,3,2
2401,12,0,0,10,10,2,9,3,1,58,3,2, ,800,1,1, ,1,5,1,6,3,1,1,hargeisa,2,2, , , 
2402,7,1,1,0,0,0,2,2,1,40,4,6, ,500,1,1, ,1,5,5,4,4,1,2,26 june,2,2,4,4,3
2404,6,0,0,2,1,1,4,2,1,60,5,7, ,300,1,2, ,3,4,1,3,3,1,7,Ibrahim Koodbuur,2,2, , , 
2405,8,4,5,3,2,0,3,5,1,41,6,1, ,800,1,2, ,1,5,1,4,4,1,2, ,2,2, , , 
2407,10,0,0,2,1,2,4,6,1,54,1,2, ,300,1,1, ,1,3,1,5,3,1,7,ibrahim koodbuur,2,2,3,3,3
2408,9,0,0,0,0,1,5,4,1,69,7,2, ,5000,1,1, ,1,8,1,5,5,1,2,150,2,2, , , 
2409,8,0,0,1,0,1,2,6,2,52,6,1, ,650,1,1, ,1,6,1,3,3,1,8,cabaye,2,2,2,3,3
2412,4,0,0,0,0,1,0,4,2,66,2,2, ,300,1,2, ,1,3,1,2,2,1,5,qudhac-dheer,2,2,5,3,1
2414,9,0,0,2,2,1,7,2,1,70,4,7, ,300,1,1, ,1,5,1,3,3,1,2,26 June,2,2, , , 
2415,10,0,0,1,0,0,6,4,1,21,6,1, ,2500,1,1, ,1,8,2,5,5,1,7,shacab area,2,2,4,4,6
2416,8,3,1,0,2,2,8,3,1,60,6,2, ,200,1,2, ,1,4,4,4,5,1,6,barlin,2,2,2,3,3
2417,4,1,1,0,0,0,2,2,1,45,6,1, ,450,1,2, ,1,2,1,4,3,1,7, ,2,2,1,3,3
2420,12,1,3,3,2,0,7,5,1,40,6,1, ,30,1,1, ,1,6,2,5,5,1,7,jigjigayar,2,2,3,4,3
2421,10,3,1,0,1,0,6,4,1,43,7,1, ,1100,1,1, ,1,5,1,4,5,1,7,jigjiga yar,2,2,5,5,3
2422,9,0,0,1,1,1,5,3,2,56,1,2, ,250,1,1, ,1,2,1,5,5,1,7,ibrahim koodbuur,2,2,3,5,3
2424,6,1,0,1,1,0,3,3,2,42,6,2, ,300,1,1, ,1,5,0,5,5,1,2,Hargeisa,2,2,5,4,3
2425,4,0,0,0,0,1,0,4,2,66,2,2, ,300,1,2, ,1,3,1,2,2,1,5, ,2,2, , , 
2426,8,0,1,3,2,0,5,3,1,32,3,6, ,200,3,1, ,1,4,4,3,3,1,7,jig jiga yar,2,2,3,3,6
2427,7,1,0,0,0,0,1,6,2,55,3,1, ,300,1,1, ,1,4,1,4,5,1,7,ibraahim koodbuur,2,2,4,3,3
2428,4,0,0,0,0,1,0,4,2,66,2,2, ,300,1,2, ,1,3,1,2,2,1,5,qudhac-dheer,2,2, , , 
2429,5,0,0,3,2,1,1,4,1,80,5,6, ,700,1,2, ,1,3,1,4,3,1,3,Isha borame,2,2,4,3,2
2431,7,1,0,0,0,0,4,3,2,56,1,2, ,200,1,3, ,1,5,1,4,4,1,1,X.Aktober,2,2,4,6,6
2432,7,0,0,0,0,0,4,3,2,55,1,6, ,400,1,3, ,1,4,1,4,4,1,1,Aktoobar,2,2,3,3,6
2434,5,0,0,1,2,2,2,3,1,70,8,7,Driving,250,1,2, ,1,3,1,5,5,1,2,150St,2,2, , , 
2436,9,0,0,1,4,2,3,4,1,72,7,7,Self employed,2000,1,1, ,1,5,1,3,4,1,2,26 june,2,2,3,4,2
2437,12,2,10,5,2,0,7,5,1,50,2,1, ,500,1,2, ,1,6,1,3,5,1,2,xawaadle,2,2,4,5,2
2438,2,1,0,0,0,0,1,1,2,30,2,6, ,200,1,2, ,1,1,1,6,5,1,5,qudhac-dheer,2,2,4,4,1
2439,4,0,1,1,0,0,2,2,1,52,3,6, ,300,1,1, ,1,2,1,4,4,1,6,New hargeisa,2,2,3,3,2
2440,3,1,0,0,1,0,2,1,1,33,6,1, ,600,1,1, ,1,4,1,5,4,1,5,Calamadaha,2,2,4,4,4
2441,8,0,0,1,0,1,4,4,1,82,6,2, ,800,1,2, ,1,6,1,4,3,1,5,Calaamada,2,2,3,4,5
2442,8,0,0,0,0,1,4,4,1,82,6,2, ,700,1,2, ,1,6,1,4,2,1,5,X.calaamada,2,2,4,3,4
2443,11,0,0,1,1,1,8,5,1,64,6,7,Retaired,6000,1,3, ,1,11,1,4,3,1,3,Isha borama,2,2,2,3,3
2444,5,0,0,2,2,0,2,3,2,30,4,1, ,190,3,1, ,1,3,4,3,4,1,7,ex- contarol,2,2,3,3,6
2447,4,0,0,0,0,1,4,0,1,85,6,1, ,1180,1,3, ,1,10,3,5,5,1,5,Calamadaha,2,2,3,4,4
2448,8,0,0,1,0,0,5,3,2,50,2,6, ,1000,1,3, ,1,8,1,5,5,1,1,X.Aktober,2,2,4,4,3
2449,3,0,0,0,0,0,3,0,1,25,6,2, ,800,1,2, ,1,6,1,5,4,1,1,Masallaha,2,2,2,4,3
2450,7,0,0,0,1,0,5,2,2,55,6,1, ,800,1,3, ,1,6,1,5,5,1,7,Shacab area,2,2,4,4,3
2451,11,3,8,1,1,0,5,6,1,40,6,1, ,1000,1,3, ,1,6,1,4,4,1,7,jigjiga yar,2,2,4,4,2
2452,11,0,2,6,1,2,2,9,1,48,7,4, ,850,1,1, ,1,4,1,3,3,1,2,Daruuraha,2,2,3,4,3
2454,5,0,0,0,0,1,2,3,2,60,1,6, ,25,1,3, ,1,3,1,4,4,1,1,X. Aktober,2,2,3,6,3
2455,7,0,1,6,1,0,3,4,2,45,1,1, ,300,1,2, ,1,3,1,4,4,1,2,26june,2,2,3,3,2
2456,10,1,0,2,1,1,6,4,1,52,6,1, ,1000,1,3, ,1,8,1,3,4,1,2,J.jiga yar,2,2,4,3,3
2458,8,0,0,0,1,0,3,5,2,60,7,2, ,4000,2,1, ,1,13,1,5,5,1,7,if iyo akhiro,2,2,3,4,3
2459,11,0,0,1,1,1,7,4,1,89,4,2, ,900,1,3, ,1,4,1,3,3,1,5,Calaamada,2,2,4,3,3
2460,10,0,0,4,5,1,6,4,2,45,5,6, ,900,1,1, ,1,6,1,4,4,1,2,Daloodho/150ka,2,2,3,3,3
2461,12,1,0,1,0,0,8,4,1,45,3,4, ,700,1,1, ,1,4,1,3,4,1,1,half london,2,2, , , 
2462,10,0,1,2,2,2,3,7,1,60,2,1, ,350,1,1, ,1,6,1,4,4,1,2,Cawa-dhalad area,2,2, , , 
2465,11,0,1,9,1,0,11,4,2,54,6,1, ,250,1,1, ,1,5,1,5,5,1,3,pepsi,2,2, , , 
2468,4,2,0,0,2,0,1,3,1,35,6,1, ,300,1,2, ,1,3,1,3,3,1,2,daloodh village,2,2,4,3,1
2469,11,1,2,0,0,1,6,5,1,55,6,1, ,1500,1,3, ,1,7,1,4,4,1,6,Cabaaye,2,2,2,4,4
2471,15,3,0,3,2,1,11,5,1,65,6,7,fore man,500,1,3, ,1,5,1,3,4,1,3,Isha vorama,2,2,3,3,3
2472,6,1,1,0,1,0,3,3,1,39,7,1, ,600,1,1, ,1,5,1,5,5,1,2,Badda Cas,2,2, , , 
2473,14,6,1,1,0,0,5,9,1,50,6,7,driver,500,1,2, ,1,5,1,4,4,1,1,X.Aktober,2,2, , , 
2474,10,0,0,9,2,0,5,5,1,55,7,1, ,0,1,1, ,1,7,1,3,4,1,3, ,2,2,2,2,3
2475,2,0,0,0,0,0,1,1,1,20,3,6, ,50,1,2, ,1,2,1,3,5,1,5,qudhac-dheer,2,2,1,2,3
2477,6,0,0,1,3,0,2,4,2,40,3,1, ,400,1,3, ,2,4,1,4,2,1,3,sancaani/masalaha,2,2, , , 
2479,10,3,0,0,2,0,6,4,1,45,2,1, ,700,1,1, ,1,6,1,5,4,1,7,jigjiga yar,2,2,4,3,3
2480,9,0,0,1,1,2,5,4,1,68,6,7,Engineering,800,1,3, ,1,5,1,4,3,1,1,X Aktober,2,2, , , 
2484,9,0,1,0,0,0,5,4,1,26,6,5, ,1500,1,2, ,1,6,1,4,4,1,9,Hodan hills,2,2,4,4,4
2485,5,0,0,1,1,0,3,2,1,45,3,7,Army,150,1,3, ,1,4,1,3,3,1,7,Sha'b area,2,2,4,2,1
2487,4,0,0,0,0,1,0,4,2,50,3,6, ,350,1,1, ,1,4,1,5,5,1,7,xeroawr,2,2,3,5,3
2488,6,1,0,0,0,2,0,6,2,70,8,6, ,800,1,2, ,1,6,1,4,3,1,7,Jigjigayar,2,2,5,5,3
2489,4,2,2,2,1,0,4,1,1,36,6,1, ,600,1,2, ,1,4,1,4,4,1,2,Qaalib village,2,2,4,4,4
2490,14,3,6,4,2,1,8,6,1,60,6,1, ,700,1,2, ,1,5,1,4,5,1,5,hargeisa,2,2,4,4,3
2491,5,0,5,0,0,0,1,4,1,45,6,2, ,1000,1,1, ,1,5,1,5,5,1,2,Xawaadle,2,2,3,4,5
2493,10,3,2,3,1,0,4,6,1,50,1,2, ,220,1,1, ,1,5,1,3,4,1,1,Badhka,2,2,3,3,2
2494,11,3,1,0,3,1,5,6,1,35,2,7,Owner of quran school,250,1,1, ,1,4,1,3,3,1,4,Daarasaalm,2,2,3,2,2
2495,6,0,1,3,2,0,4,2,1,28,4,1, ,380,3,3, ,1,4,4,4,4,1,7,jig jiga yar,2,2,3,3,3
2497,8,0,0,1,0,0,4,4,1,55,2,2, ,2000,1,3, ,1,8,1,5,5,1,5,Calaamada,2,2,4,2,4
2498,16,2,1,1,0,1,6,8,1,60,7,1, ,900,1,1, ,1,5,1,4,5,1,8,Grand hadi area,2,2,3,3,2
2500,11,1,0,1,0,1,3,5,1,55,6,1, ,1500,1,3, ,1,7,1,4,4,1,6,Cabaaye,2,2,2,3,4
2501,4,2,2,2,2,0,1,3,1,34,6,6, ,300,3,2, ,1,4,1,4,3,1,3,State house,2,2,3,3,3
2502,16,3,1,1,0,0,9,7,1,56,7,2, ,1250,1,1, ,1,12,2,5,5,1,5,masala village,2,2,3,4,2
2503,11,3,8,8,2,2,4,7,1,65,6,1, ,450,1,1, ,1,4,1,3,4,1,6,Sh.madar,2,2,2,4,4
2504,11,0,2,6,1,2,2,9,1,46,7,2, ,850,1,1, ,1,4,1,4,4,1,2, ,2,2,2,4,3
2506,6,1,1,0,1,0,3,3,1,39,7,1, ,600,1,1, ,1,5,1,5,5,1,8,Badda Cas,2,2,5,5,5
2507,15,0,0,13,4,1,8,3,1,52,6,2, ,1500,1,3, ,1,7,1,4,3,1,4,hargeisa,2,2,5,5,5
2511,13,1,0,5,3,1,10,3,2,40,2,1, ,600,1,2, ,1,5,1,3,4,1,7,jigjiga yar,2,2,3,4,3
2512,8,0,0,0,1,1,4,4,2,40,1,2, ,500,1,1, ,1,6,1,3,5,1,7,jigjiga yar,2,2,3,2,1
2514,6,2,1,0,0,0,4,2,1,25,2,2, ,500,1,3, ,1,4,1,4,4,1,5,Calaamada,2,2,3,4,2
2516,11,0,0,0,1,1,7,4,1,60,5,1, ,250,1,2, ,1,5,1,4,4,1,3,pepsiga,2,2,4,4,2
2517,7,0,0,0,0,1,3,3,2,40,6,1, ,1500,1,2, ,1,5,1,5,4,1,7,jigjiga-yar,2,2,4,4,2
2518,6,2,0,0,0,0,2,4,1,33,7,1, ,700,1,2, ,1,3,1,2,4,1,4,jungalka,2,2,5,4,4
2519,7,0,0,1,0,0,5,2,1,56,2,1, ,300,1,1, ,1,4,1,4,4,1,1,birjeex,2,2,5,3,3
2520,5,3,0,0,0,0,4,1,1,30,4,6, ,500,1,2, ,1,4,1,3,4,1,9,Ina afdiinle,2,2,4,5,2
2522,10,0,0,1,1,0,5,5,2,40,1,2, ,300,1,1, ,1,3,0,4,4,1,5,Laanta hawada,2,2,5,3,2
2523,11,1,0,0,0,1,3,8,2,31,7,7,Retired,2500,1,1, ,1,9,2,5,5,1,1,Masallah,2,2,5,4,4
2525,8,0,0,0,0,0,2,6,1,58,4,2, ,1000,1,1, ,1,8,1,4,5,1,1,xero-awr,2,2,4,2,2
2526,7,0,0,0,0,0,3,4,2,47,4,2, ,1500,1,2, ,1,6,1,4,4,1,5,I live in hargysa,2,2,3,3,3
2527,8,0,4,4,0,0,5,3,2,29,5,2, ,400,1,1, ,1,6,1,3,5,1,1,Hargeisa,2,2,5,3,2
2528,10,0,1,1,0,1,3,7,1,56,4,2, ,1500,1,1, ,1,5,1,4,3,1,7,jigjiga yar,2,2,5,3,3
2529,13,0,0,1,1,1,8,5,1,64,6,7,Retaired,6000,1,3, ,1,11,1,4,5,1,3,Isha borama,2,2,5,3,4
2531,11,0,3,6,2,0,8,3,1,59,7,1, ,600,1,1, ,1,6,1,4,4,1,5,Laanta Hawada,2,2,4,2,4
2532,3,1,0,0,2,0,2,1,1,35,7,1, ,300,1,1, ,1,4,1,4,3,1,7,Jigjigayar,2,2,2,3,3
2533,7,0,7,7,2,2,3,4,1,70,6,1, ,500,1,1, ,1,5,1,4,4,1,6,Sheekh madar,2,2,2,3,4
2534,6,1,1,1,2,1,4,3,1,45,4,1, ,500,1,2, ,1,3,1,4,4,1,5,Kurta budh yare,2,2,5,4,3
2535,8,0,0,1,0,0,8,4,2,50,3,4, ,500,1,2, ,1,4,1,3,4,1,2,Cabaaye,2,2,4,4,1
2536,8,0,0,1,1,0,5,3,1,53,4,1, ,800,1,2, ,1,6,1,3,4,1,6,Dalloodho,2,2, , , 
2537,11,0,0,5,4,2,5,6,1,65,6,2, ,1050,1,1, ,1,7,1,4,4,1,2,Daruuraha,2,2,3,4,3
2538,10,0,0,0,2,1,4,6,1,45,4,2, ,200,1,1, ,1,5,1,4,4,1,6,Jigjiga yar,2,2,4,4,4
2539,9,0,0,3,2,0,7,2,2,50,6,6, ,600,1,1, ,1,5,1,4,4,1,3,Isha borame,2,2,4,4,3
2543,9,0,0,2,3,0,5,4,2,37,3,1, ,400,1,1, ,2,5,1,5,4,1,7,Shacabka,2,2,3,5,3
2544,15,3,10,10,2,1,15,4,1,65,6,2, ,500,1,3, ,1,5,1,4,4,1,3,Pepsi,2,2,5,3,3
2545,8,1,1,0,0,0,4,4,1,40,2,1, ,400,1,2, ,1,4,1,4,4,1,5,Calamada,2,2,4,3,5
2549,7,0,0,1,0,0,4,3,1,50,1,2, ,700,1,1, ,1,4,1,3,4,1,1,siinay,2,2,5,5,3
2550,9,2,0,1,0,2,5,4,1,61,6,2, ,500,1,3, ,1,5,1,4,5,1,1,X. Aktober,2,2,3,4,4
2551,7,0,0,0,0,2,3,4,1,60,6,7,officer,400,1,1, ,1,6,1,4,5,1,3,pepsi,2,2,3,3,3
2552,8,0,0,1,0,1,4,4,1,60,8,2, ,100,1,3, ,2,3,1,4,5,1,1,cakaara,2,2,4,3,2
2553,6,0,0,3,1,1,4,2,1,25,3,1, ,250,1,3, ,1,3,1,3,4,1,9,Dabla-taagay,2,2,5,4,2
2554,7,2,1,0,0,0,5,2,1,35,3,1, ,200,1,1, ,1,3,1,3,3,1,5,masalaha,2,2,4,5,2
2556,5,0,0,3,1,0,2,3,2,45,1,2, ,500,1,3, ,1,5,1,3,3,1,7,Jigjiga yar,2,2,1,4,3
2557,5,0,0,0,0,0,2,3,2,50,2,2, ,500,1,1, ,1,4,1,4,4,1,9,New Hargeisa ina waran cade,2,2,5,4,2
2559,12,0,1,1,0,2,4,8,2,89,2,6, ,500,1,3, ,1,9,1,5,5,1,2,Goljanno,2,2,5,5,1
2560,9,0,0,0,0,0,4,5,1,45,1,1, ,500,1,1, ,1,5,1,5,1,1,6,sheekh nuur.,2,2,4,2,2
2561,4,2,0,0,2,0,1,3,1,35,4,1, ,600,1,2, ,1,3,0,5,5,1,5,M.mooge,2,2,3,3,3
2562,10,0,10,7,2,1,3,7,1,55,6,7,Court,500,1,1, ,1,5,1,4,3,1,2,Xawaadle,2,2,3,3,3
2563,6,2,2,2,2,0,3,3,1,43,3,1, ,200,1,2, ,1,2,1,4,4,1,2,26june,2,2,3,4,4
2564,17,0,0,5,3,1,7,10,1,50,6,2, ,500,1,1, ,1,5,1,4,4,1,1,October,2,2,3,4,4
2565,6,1,5,3,2,0,1,5,2,42,6,6, ,1000,1,1, ,1,3,1,5,5,1,7,jigjiga yar,2,2,5,4,3
2566,10,1,9,7,1,0,4,6,2,50,2,6, ,0,1,1, ,1,5,1,5,4,1,1,cakaara,2,2,5,3,2
2567,9,0,0,2,1,2,4,5,1,72,6,1, ,900,1,3, ,1,6,1,5,1,1,7, ,2,2,3,4,3
2568,2,0,0,2,0,0,1,1,1,23,7,1, ,200,3,2, ,1,3,1,3,4,1,5,Qudhac dheer,2,2,1,4,3
2569,12,2,2,1,3,1,8,4,1,65,3,7,Renter on his house,500,1,3, ,1,6,1,4,4,1,7,Sha'b area,2,2,5,2,2
2570,9,1,0,1,0,0,4,5,1,32,6,2, ,900,1,1, ,1,5,1,4,3,1,5,calamada,2,2,3,4,1
2572,14,6,0,1,0,1,5,9,1,60,6,7,driver,500,1,2, ,1,5,1,4,4,1,1,X.Aktober,2,2,3,3,4
2573,9,0,0,1,0,1,6,3,1,60,6,1, ,400,1,1, ,1,4,1,5,5,1,7,ibraahim koodbuur,2,2,5,4,4
2574,9,1,0,1,0,1,6,3,1,62,1,6, ,300,1,1, ,1,5,1,3,3,1,4,Daaraslaam,2,2,1,4,2
2575,13,3,1,4,2,0,8,5,1,45,2,1, ,450,1,3, ,1,4,1,4,1,1,7,jigjigayar,2,2,2,3,6
2576,8,5,3,3,3,0,3,5,1,41,7,1, ,655,3,1, ,1,3,1,2,5,1,8,gabiley,2,2,3,2,3
2577,7,0,0,6,1,0,3,4,1,30,7,2, ,608,1,1, ,1,5,1,3,4,1,2,Hargeisa,2,2,4,3,3
2578,6,0,0,0,1,0,4,2,1,50,3,7,Engineering,400,1,3, ,1,5,1,4,4,1,5,Qudhacdheer,2,2,4,3,3
2580,7,2,0,1,2,1,1,6,1,35,6,1, ,600,1,2, ,1,5,1,4,4,1,9,Waran cadde,2,2,3,4,3
2581,10,0,1,0,0,1,6,4,2,65,4,1, ,500,1,1, ,1,7,1,5,5,1,5,masalaha,2,2,5,5,1
2582,5,0,0,2,0,0,1,4,2,40,2,6, ,250,1,3, ,1,2,1,3,5,1,5,qudhac-dheer,2,2,4,4,2
2584,11,0,11,7,3,1,7,4,1,45,4,1, ,600,1,3, ,1,6,1,4,5,1,1,siinay,2,2,4,2,2
2585,8,0,0,8,5,0,1,8,1,56,4,1, ,350,1,1, ,1,5,1,4,4,1,2,26june,2,2,1,3,4
2586,3,0,0,1,2,0,2,1,1,37,7,1, ,800,1,2, ,1,4,1,5,5,1,1,siinay,2,2,3,4,1
2588,5,0,0,0,1,1,3,2,2,70,1,6, ,150,1,1, ,1,4,1,5,4,1,1,Siiney,2,2,1,4,2
2589,8,0,8,4,2,1,6,2,2,48,2,1, ,300,1,1, ,1,4,1,3,2,1,1,Ishaborama,2,2,5,3,1
2590,5,0,0,0,2,0,5,2,1,36,7,1, ,700,1,2, ,1,5,0,4,4,1,1,Ahmed Guray,2,2,1,3,1
2591,6,1,3,1,1,0,1,5,1,38,6,1, ,130,1,1, ,1,2,1,2,4,1,3,Pepzi-ga,2,2,4,3,1
2593,15,6,4,1,3,2,7,8,1,65,1,7,Reer miyi,100,3,4,buul somali,1,1,1,3,3,1,1,Qalax,2,2,4,3,3
2595,8,1,1,4,2,0,1,7,2,58,3,6, ,450,1,1, ,1,4,1,4,4,1,6,magalo ugaso,2,2,3,3,2
2596,5,0,1,4,1,0,2,3,1,40,6,2, ,700,1,2, ,1,5,1,4,2,1,7,Qamar,2,2,3,5,5
2597,6,0,0,0,0,1,2,4,2,61,2,2, ,500,1,1, ,1,4,1,4,4,1,9,Waran Cadde,2,2,3,3,3
2598,9,2,1,0,0,0,3,6,2,45,3,6, ,300,1,1, ,1,5,0,4,5,1,5,Laanta hawada,2,2,5,2,2
2599,3,1,0,0,0,0,1,1,1,25,6,2, ,300,1,2, ,1,5,1,4,4,1,7,ibraahim koodbuur,2,2,4,3,3
2600,7,0,0,1,0,1,2,5,1,45,1,1, ,350,1,1, ,1,4,1,3,3,1,4,Daarasalaam,2,2,3,3,2
2601,6,0,6,6,2,0,2,4,2,50,2,1, ,200,1,1, ,1,4,1,5,5,1,1,half London,2,2,5,4,1
2602,5,1,0,1,1,0,4,3,1,40,4,6, ,800,1,1, ,1,4,1,5,4,1,6,Sh.nuur,2,2,3,2,3
2603,18,0,1,3,2,1,6,12,1,55,3,7,construction employee,250,3,1, ,1,5,2,4,4,1,8,Ex kaantrool,2,2,3,3,6
2605,15,2,0,2,0,1,4,11,1,55,4,1, ,500,1,3, ,1,5,1,4,5,1,1,X.Aktober,2,2,3,3,4
2607,10,0,2,1,0,0,8,2,1,48,4,7,Gaadhi pro box ku shaqaystaa,200,1,3, ,1,4,1,4,4,1,1,X Aktober,2,2,3,3,6
2608,10,0,0,3,5,2,4,6,1,58,6,1, ,500,1,1, ,1,4,1,4,5,1,6,sheekh mubarig,2,2, , , 
2609,5,1,1,0,1,0,2,3,1,35,6,7,Teachers,800,1,2, ,1,3,1,3,4,1,5,Jameeco weyn,2,2,2,3,1
2612,13,1,5,6,0,1,7,6,1,61,4,2, ,1000,1,1, ,1,4,1,5,3,1,3,Isha borama,2,2,3,3,3
2614,7,1,0,0,2,0,3,4,1,35,7,2, ,1200,1,2, ,1,6,1,5,5,1,1,Half London,2,2,5,5,4
2615,7,0,0,3,2,0,1,6,2,58,2,6, ,400,1,1, ,1,4,1,5,5,1,7,150,2,2,4,4,2
2617,3,1,0,2,0,0,1,2,1,26,7,1, ,500,1,2, ,1,4,1,4,3,1,3,Dhool dahable taliska,2,2,4,4,2
2618,12,3,5,2,2,0,6,6,1,50,1,1, ,200,1,1, ,1,4,1,3,4,1,3,Pepzi-ga,2,2,3,3,1
2619,6,0,0,0,0,1,3,3,2,55,2,7,Remittances,300,1,1, ,1,4,1,3,4,1,5,Laanta hawada,2,2,5,4,2
2623,14,0,0,2,2,2,8,6,1,63,7,7,enterprise,120,1,1, ,1,4,1,3,3,1,3, ,2,2,4,3,3
2624,5,0,0,0,1,1,3,2,1,35,8,6, ,300,1,1, ,1,7,1,3,3,1,7,none,2,2,1,3,2
2627,10,0,0,1,0,0,8,2,1,55,1,1, ,500,1,1, ,1,3,1,3,3,1,4,Boodari,2,2,3,3,2
2628,6,0,0,2,3,1,3,3,2,70,7,2, ,500,1,1, ,2,5,1,4,4,1,6,Daami,2,2, , , 
2629,7,0,1,3,2,0,1,6,2,42,1,1, ,250,1,1, ,1,3,1,3,3,1,6,Magalo ugaaso,2,2,2,3,3
2630,8,0,1,0,0,1,4,3,1,62,7,2, ,600,1,2, ,1,4,1,4,1,1,1,October,2,2,4,5,1
2631,10,2,3,5,2,1,5,5,2,60,1,2, ,200,1,1, ,1,3,1,5,5,1,7,Hargeisa,2,2,3,3,2
2632,8,1,2,2,2,1,4,4,1,63,6,2, ,500,1,1, ,1,6,1,5,5,1,1,Iftin area,2,2,5,5,3
2633,4,0,0,1,0,0,2,2,2,38,1,4, ,100,1,1, ,1,2,2,3,5,1,6,sheikh nur,2,2,5,5,3
2634,3,0,0,0,0,0,2,1,2,42,6,2, ,800,1,1, ,1,5,1,4,4,1,9,Waaxda,2,2,3,3,3
2635,8,0,0,2,4,2,5,3,1,55,7,1, ,800,1,2, ,2,3,1,3,3,1,2,Cabaaye,2,2, , , 
2636,8,0,0,0,0,0,5,4,1,47,6,1, ,5000,1,1, ,1,7,1,5,5,1,1, ,2,2,3,5,5
2637,15,0,0,8,2,0,6,9,1,58,7,1, ,5000,1,1, ,1,6,1,5,5,1,1,libaaxyada,2,2,4,4,1
2638,4,2,0,0,0,0,2,2,1,28,4,1, ,300,1,2, ,1,3,1,3,4,1,5,Sheekh madar,2,2,3,3,3
2639,9,0,0,1,0,0,4,5,2,40,2,2, ,300,1,3, ,1,5,1,4,3,1,3,X.pepsiga,2,2,4,3,4
2640,7,0,0,0,0,1,4,3,1,60,4,2, ,300,1,2, ,1,4,1,3,5,1,5,qudhac-dheer,2,2,1,3,3
2641,9,0,0,5,2,2,4,4,1,62,1,2, ,200,1,1, ,1,3,1,3,2,1,3, ,2,2,3,5,3
2642,8,0,0,0,0,1,5,4,1,60,8,1, ,1000,1,1, ,1,9,1,5,5,1,7,jigjiga yar,2,2, , , 
2643,12,3,9,5,2,0,6,6,1,56,2,1, ,500,1,1, ,1,4,1,4,5,1,1,half london,2,2,5,4,2
2644,6,2,4,3,0,0,3,3,1,29,2,1, ,300,1,3, ,1,4,1,3,3,1,7,jigjigayar,2,2,3,3,6
2645,7,2,0,5,2,0,4,3,1,45,2,1, ,400,1,1, ,1,5,1,4,4,1,2,26june,2,2,2,3,3
2647,9,2,1,3,2,1,5,3,1,60,4,2, ,1000,1,2, ,1,5,1,3,4,1,6,new hargeisa,2,2,3,4,3
2648,11,0,0,1,0,0,7,4,1,55,4,1, ,600,1,3, ,1,5,1,4,4,1,1,Birjeex,2,2,3,3,4
2649,9,2,1,0,0,0,4,5,1,43,4,2, ,850,1,2, ,1,4,1,4,5,1,7,jigjiga yar,2,2,5,3,4
2651,7,0,0,7,3,2,3,4,2,61,7,2, ,300,1,1, ,1,4,1,3,3,1,6,buurta,2,2,4,3,1
2652,9,3,1,0,0,0,7,2,1,55,3,2, ,300,1,1, ,1,3,1,4,4,1,7,ibraahim koodbuur,2,2,3,3,3
2653,4,0,0,1,0,0,1,3,2,55,8,2, ,150,1,1, ,1,5,1,4,4,1,1,badhka,2,2,4,4,5
2654,10,1,0,1,0,1,5,5,2,40,1,2, ,500,1,2, ,1,4,1,3,3,1,1,Non,2,2,5,3,2
2655,6,3,12,4,1,0,2,4,1,39,7,1, ,500,1,2, ,1,4,1,4,5,1,2,150 street,2,2,5,5,5
2656,10,0,0,2,3,2,6,4,1,60,3,1, ,200,1,1, ,1,5,1,3,4,1,3,pepsi,2,2, , , 
2657,5,2,1,0,0,0,3,2,1,30,3,1, ,100,2,1, ,2,1,1,3,3,1,2,State house,2,2,3,6,6
2658,6,0,0,0,0,1,4,2,1,60,8,2, ,600,1,2, ,1,4,1,3,3,1,1,X.siinay,2,2,3,3,4
2660,9,1,2,4,1,0,6,3,1,52,1,4, ,300,1,1, ,1,5,1,3,4,1,1,Badhka,2,2,3,3,2
2662,7,3,0,0,0,0,4,3,1,28,4,4, ,200,1,1, ,1,3,1,3,4,1,2,sha'ab,2,2,5,2,2
2664,8,1,0,1,0,1,2,6,2,50,2,1, ,500,1,2, ,1,3,1,4,4,1,5,Jarato,2,2,2,2,3
2665,11,0,0,0,0,1,5,6,1,61,1,1, ,900,1,1, ,1,4,1,3,3,1,2,Shacabka,2,2,3,3,3
2666,8,2,1,2,1,0,6,2,1,45,4,2, ,500,2,1, ,1,6,1,4,4,1,3,Isha Boorama,2,2, , , 
2667,12,2,1,2,1,1,6,6,2,58,6,2, ,1000,1,1, ,1,5,1,4,4,1,1,badhka,2,2,4,3,6
2668,15,2,2,1,2,0,7,8,1,40,4,2, ,300,1,1, ,1,5,5,3,4,1,6,sheikhnur,2,2,5,2,3
2669,9,2,1,2,2,0,2,7,1,35,6,2, ,500,1,2, ,1,3,1,3,3,1,5,qudhac-dheer,2,2,4,3,3
2670,7,0,0,0,1,3,3,4,1,70,1,1, ,100,1,1, ,1,3,2,3,4,1,3,Biibsi,2,2, , , 
2671,10,0,0,1,2,1,6,4,1,60,2,1, ,150,2,1, ,1,5,1,3,3,1,2,Cawo Dhalad,2,2, , , 
2674,6,0,0,2,3,1,3,3,2,60,1,6, ,200,1,1, ,1,3,1,5,4,1,2,150St,2,2, , , 
2675,7,0,0,0,1,3,3,4,1,70,1,1, ,10,1,1, ,1,3,4,3,3,1,3,Biibsi,2,2,5,3,4
2676,3,1,0,0,2,0,1,2,1,29,7,2, ,720,1,2, ,1,4,1,4,3,1,4,MOOGE,2,2,5,3,3
2677,8,0,0,1,1,0,5,3,2,40,4,2, ,1500,1,1, ,1,5,2,4,5,1,7,jigjigayar,2,2,3,5,6
2679,9,0,0,6,2,1,2,7,1,63,1,2, ,350,1,1, ,1,4,1,5,4,1,2,150St,2,2, , , 
2680,7,1,1,1,1,1,1,6,2,35,5,5, ,200,1,1, ,1,6,1,4,4,1,7,Ex control,2,2,1,6,6
2681,6,1,0,0,1,2,2,4,2,35,4,2, ,250,1,2, ,1,3,1,3,5,1,5,qudhac-dheer,2,2,5,4,3
2683,10,2,0,0,3,1,1,9,1,29,6,3, ,300,1,3, ,1,5,1,4,5,1,5,maxamud haybe,2,2,4,5,6
2684,10,1,1,3,4,1,4,5,1,61,7,2, ,900,3,1, ,1,5,4,5,4,1,7,jig jiga yar,2,2,3,4,3
2685,4,0,0,2,1,1,2,2,2,60,1,2, ,100,1,2, ,1,2,1,2,3,1,2,150St,2,2, , , 
2686,9,6,3,3,3,0,4,5,1,34,7,2, ,2000,1,1, ,1,10,2,5,4,1,2, ,2,2,2,5,5
2687,5,0,0,0,0,1,2,3,1,60,6,1, ,500,1,1, ,1,4,4,3,5,1,6,sheikhnur,2,2,4,4,3
2688,4,0,4,4,0,0,3,1,1,43,4,1, ,200,1,1, ,1,5,1,6,4,1,2,26june,2,2,3,4,4
2691,8,0,1,0,0,0,3,5,1,47,6,1, ,500,1,1, ,1,4,1,3,3,1,1,october,2,2,3,5,5
2692,6,0,0,0,0,0,2,4,2,30,4,6, ,500,1,3, ,1,4,1,5,4,1,1,X.Aktober,2,2,4,3,3
2695,8,0,8,8,3,1,4,4,1,62,6,1, ,500,1,3, ,1,4,1,5,5,1,2,Hawadle,2,2,4,4,3
2696,7,2,5,2,1,0,3,4,2,55,2,6, ,150,1,3, ,1,5,1,4,3,1,7,jigjigayar,2,2,3,3,6
2698,4,0,0,3,1,0,1,3,2,36,2,2, ,170,3,2, ,1,2,1,2,3,1,5,Jarato,2,2,5,3,3
2700,7,2,0,3,2,0,4,3,1,36,4,2, ,250,1,2, ,1,3,1,3,3,1,4,Jarato,2,2,5,4,3
2702,4,0,0,0,2,2,3,1,1,40,7,1, ,800,1,1, ,1,6,1,4,4,1,7,Jigjigayr,2,2,2,3,2
2704,6,1,1,0,1,0,4,2,1,35,2,1, ,350,1,2, ,1,4,1,4,4,1,4,Boqol jire,2,2,4,3,4
2705,8,1,0,1,1,0,4,4,1,35,6,1, ,350,1,3, ,1,3,1,3,3,1,1,Badhka,2,2,3,3,4
2706,10,0,9,9,3,1,6,4,1,62,6,1, ,700,1,1, ,1,3,1,4,4,1,5,Jiic aboorka,2,2,5,3,4
2707,4,0,0,0,0,0,0,3,2,60,1,7, ,600,1,1, ,1,6,1,5,5,1,1, ,2,2, , , 
2708,4,0,0,0,0,1,1,3,2,60,1,7, ,600,1,1, ,1,6,1,5,5,1,1,half london,2,2,4,3,3
2709,4,0,0,0,0,1,1,3,2,55,2,6, ,400,1,1, ,1,2,1,2,3,1,1,Half london,2,2, , , 
2710,9,0,0,1,6,2,5,4,1,63,6,2, ,1300,1,1, ,1,6,1,5,5,1,6,Gerash aw aadan,2,2,5,3,4
2712,6,1,1,0,1,0,3,3,1,35,6,1, ,800,1,2, ,1,6,1,5,5,1,7,am live a capital city,2,2,3,3,4
2713,7,0,7,4,2,0,3,4,2,25,4,6, ,0,3,3, ,1,5,1,4,3,1,3,Birish licliic,2,2,3,1,3
2714,11,5,3,3,2,1,5,6,1,64,7,2, ,700,1,1, ,1,6,1,4,4,1,7,hargeisa,2,2,3,5,4
2716,8,0,0,0,0,0,4,3,1,31,6,1, ,200,1,2, ,1,6,1,4,4,1,7,xero awr,2,2,3,3,3
2717,9,2,6,6,3,2,4,2,1,32,6,1, ,280,3,2, ,1,6,1,3,3,1,3,Birish liclic,2,2,3,3,3
2718,7,0,10,0,2,0,2,5,1,42,6,1, ,500,3,1, ,1,5,2,4,5,1,6,Geerash Aw Aadan,2,2,5,5,3
2719,5,0,0,1,4,0,3,2,1,40,6,1, ,450,1,1, ,1,5,1,4,3,1,4,boodhari,2,2,3,3,3
2722,3,0,0,2,1,0,0,3,2,49,3,4, ,600,1,2, ,1,3,1,3,3,1,2,Xer-Awr,2,2,3,2,2
2723,9,0,0,1,6,1,5,4,1,62,4,3, ,450,1,1, ,1,6,1,4,4,1,2,xero awr,2,2, , , 
2725,10,2,0,2,0,0,4,6,1,52,4,2, ,300,1,2, ,1,5,1,4,3,1,6,moofada,2,2,4,1,3
2726,7,2,1,1,2,1,3,4,2,55,3,6, ,700,1,1, ,1,5,1,3,3,1,1,Masala west,2,2,3,4,4
2727,10,3,1,3,2,1,4,6,1,37,4,2, ,300,1,1, ,1,5,1,2,2,1,3, ,2,2,4,3,3
2731,13,0,2,9,2,0,7,6,2,55,2,6, ,600,1,3, ,1,6,1,4,4,1,2,Xawadle,2,2,4,4,5
2732,7,1,2,2,1,1,5,2,1,72,1,7,school graud,60,1,1, ,2,2,0,2,2,1,7,xeedho,2,2,1,2,2
2733,10,0,2,6,2,0,3,7,1,48,6,1, ,1500,1,2, ,1,5,1,4,5,1,7, ,2,2,3,3,3
2736,10,0,0,1,4,6,4,6,1,70,7,6, ,2000,1,3, ,1,6,1,4,5,1,7,shacabka,2,2,3,3,2
2738,8,0,1,0,0,1,4,4,1,40,3,1, ,350,1,2, ,1,2,1,3,2,1,6,Sheekh mubarik,2,2,4,4,3
2739,6,1,1,2,1,0,2,4,1,45,6,1, ,500,1,1, ,1,5,1,3,5,1,3,isha boorama,2,2, , , 
2740,8,2,3,1,2,0,5,3,1,42,6,2, ,300,1,2, ,1,3,1,1,2,1,4,jungalka,2,2, , , 
2741,6,2,1,1,2,0,2,4,1,55,1,6, ,250,2,3, ,1,4,1,1,3,1,5, ,2,2, , , 
2742,10,3,3,2,2,0,4,6,1,55,1,6, ,35,1,1, ,1,6,1,5,4,1,1,badhka,2,2, , , 
2744,3,1,0,0,1,0,1,2,1,27,4,1, ,300,1,2, ,1,4,1,5,5,1,6,Sheekh Nuur,2,2,5,4,1
2745,8,0,0,0,0,0,3,5,1,50,1,7,Driver,300,1,2, ,1,4,1,6,4,1,5,Jameeco weyn,2,2,3,2,2
2746,9,0,0,0,0,0,7,2,1,53,3,4, ,450,1,1, ,1,4,1,4,5,1,7,ibraahim koodbuur,2,2,4,3,3
2747,8,3,5,5,0,0,4,4,1,33,7,1, ,2500,1,2, ,1,6,1,4,5,1,7,jigjiga yar,2,2,5,3,4
2748,7,0,7,2,1,0,2,5,2,45,6,1, ,400,1,1, ,1,4,1,4,4,1,6,Fakinka,2,2,3,3,4
2749,10,4,2,3,2,2,6,4,1,60,4,2, ,300,1,3, ,1,5,3,4,4,1,1,siiney,2,2,3,5,4
2751,7,1,1,2,3,0,4,3,1,40,6,2, ,700,1,1, ,1,5,1,4,3,1,2,Al madina,2,2,2,3,3
2752,5,0,0,1,3,0,2,3,2,55,7,1, ,1000,1,1, ,1,5,1,4,4,1,7,Jigjiga yar,2,2,2,4,4
2754,4,1,1,2,0,2,1,3,2,28,3,6, ,500,1,2, ,1,4,1,3,4,1,1,masalaha,2,2,4,3,4
2756,6,0,1,3,1,1,2,4,2,52,1,6, ,400,1,1, ,1,4,1,4,4,1,1,masalaha,2,2,5,4,4
2757,7,0,0,1,0,1,3,4,2,52,6,1, ,600,1,2, ,1,5,1,5,5,1,7,Qunyar daga,2,2,3,4,3
2758,4,0,0,4,0,0,2,2,1,32,6,1, ,600,1,1, ,3,4,1,3,3,1,2,biyo dhacyga hoose,2,2,2,3,3
2760,7,0,0,5,2,0,2,5,1,41,7,1, ,800,1,1, ,1,6,1,4,3,1,7,Jigjigayr,2,2,2,4,2
2762,3,1,0,0,2,0,2,1,1,30,7,2, ,690,1,2, ,1,4,1,5,5,1,4, ,2,2,5,3,3
2763,7,0,1,0,1,1,4,3,1,61,5,2, ,600,1,1, ,1,4,1,4,4,1,5,October,2,2,3,3,4
2764,5,2,0,1,2,0,2,3,1,48,1,1, ,150,1,2, ,1,3,0,3,3,1,6,shiekh mubarik,2,2,2,5,2
2765,10,2,2,1,2,1,5,5,1,35,6,1, ,500,1,1, ,3,5,1,2,3,1,6,Xaafad madiina,2,2,5,3,5
2766,15,2,1,0,1,2,6,9,2,55,6,2, ,500,1,3, ,1,7,1,5,5,1,2,Cabaaye,2,2,3,4,5
2767,11,0,0,1,0,1,3,8,2,40,4,2, ,1000,1,1, ,1,6,1,4,4,1,7,Jigjigayar,2,2, , , 
2768,9,0,0,1,0,0,3,6,1,54,7,7,civil engineering,900,1,1, ,1,4,1,3,3,1,7,jigjiga yar,2,2,3,4,3
2770,11,2,1,1,0,1,5,6,1,60,7,2, ,2500,1,1, ,1,7,1,5,5,1,7, ,2,2, , , 
2771,5,0,0,0,0,1,2,3,1,65,6,2, ,2500,1,1, ,1,6,1,4,5,1,7,jigjiga yar,2,2,4,4,4
2772,17,3,2,2,2,0,8,10,1,41,4,2, ,1000,1,1, ,3,6,1,4,4,1,2,Xero awr,2,2,3,3,3
2773,9,0,0,4,2,1,4,5,1,60,6,1, ,350,1,3, ,1,4,1,4,4,1,6,sheekh nuur,2,2,4,4,3
2774,6,0,0,2,3,1,3,3,1,62,5,1, ,645,1,1, ,1,5,1,4,4,1,5,Qudhacdheer,2,2,3,4,4
2775,10,2,1,1,0,1,5,5,1,60,6,7,civil engineering,300,1,3, ,1,5,3,3,1,1,1,hargeisa city,2,2,3,1,3
2776,11,2,0,0,1,0,7,4,1,43,4,7,Driver,600,1,3, ,1,5,1,4,5,1,5,Jameeco weyn,2,2,3,4,2
2778,11,2,1,4,3,1,4,7,1,47,5,1, ,480,1,1, ,1,6,1,4,4,1,1,Badhka,2,2,4,4,4
2780,11,2,1,6,1,0,4,7,2,52,2,6, ,1000,1,1, ,3,5,1,4,3,1,6,Sheekh muprik,2,2,2,3,3
2781,12,0,1,1,0,1,4,8,1,65,6,1, ,650,1,1, ,1,5,1,4,3,1,5,masalaha,2,2,5,5,2
2782,7,1,1,4,1,0,2,5,2,40,6,2, ,200,1,2, ,1,5,1,4,4,1,5,hargeisa,2,2,3,3,3
2783,4,0,1,4,0,0,2,2,2,52,6,6, ,500,1,2, ,1,3,3,3,3,1,1,Siiney,2,2,3,2,2
2784,7,0,0,0,1,2,2,5,1,72,6,2, ,2000,1,1, ,1,6,1,4,4,1,3,Isha boorama,2,2,5,5,3
2785,7,0,0,5,2,0,4,3,1,57,7,1, ,400,1,1, ,1,5,1,4,5,1,2,goljano,2,2,3,4,2
2786,8,2,1,1,0,0,6,2,1,20,6,2, ,600,2,1, ,1,5,1,3,4,1,2,cawo dhalad,2,2, , , 
2787,7,0,0,1,2,1,4,3,1,60,7,4, ,700,1,1, ,1,5,1,4,5,1,7,Jigjigayar,2,2, , , 
2789,5,0,0,1,1,0,3,2,1,49,6,2, ,1000,1,1, ,1,6,1,4,4,1,2, ,2,2,2,3,3
2791,10,1,0,0,0,0,3,7,1,58,4,2, ,1000,1,1, ,1,5,1,3,5,1,7,jigjiga yar,2,2,4,4,4
2792,14,3,4,6,1,0,6,8,2,55,1,6, ,500,1,1, ,1,5,1,4,3,1,1,masalaha,2,2,4,4,2
2796,11,2,1,1,0,0,7,4,1,45,8,4, ,250,1,2, ,1,2,1,3,4,1,9,Kililka,2,2,5,4,3
2797,11,0,0,2,3,1,6,5,1,69,7,2, ,400,1,1, ,3,5,1,4,6,1,8,jigjigayar,2,2,5,3,4
2801,5,0,0,1,0,0,2,2,2,39,8,1, ,200,1,1, ,1,2,2,5,5,1,6,sheikhnur,2,2,3,4,3
2803,13,0,2,7,3,2,6,7,1,65,6,2, ,500,1,3, ,2,6,1,4,3,4,1,I live in dacawaley,2,2,5,5,5
2804,3,0,0,3,0,0,2,1,1,28,7,1, ,300,1,2, ,1,2,1,4,4,1,1,axmed gurey,2,2,2,6,2
2805,5,3,1,0,1,0,4,1,1,39,4,6, ,100,1,2, ,1,3,1,2,3,1,5,Oodwayne,2,2,5,4,3
2806,5,0,1,1,3,1,1,4,1,51,6,7,Engineering,400,1,1, ,1,4,1,3,4,1,7,Gantalaha,2,2,2,4,4
2807,8,2,6,5,2,0,3,5,2,55,4,1, ,300,1,1, ,1,3,1,3,5,1,1,isha boorma,2,2,3,1,3
2808,11,0,0,1,0,1,5,6,1,53,2,1, ,280,1,1, ,1,3,1,3,2,1,6,sheekh nuur,2,2,4,3,4
2811,8,3,2,4,1,2,3,5,1,60,6,1, ,300,2,2, ,2,4,1,3,3,1,7,Ibraahin Koodbuur,2,2,3,4,3
2812,4,0,0,0,0,0,1,3,1,58,6,1, ,300,1,3, ,1,6,1,5,5,1,7,Gantaalaha,2,2,3,5,6
2813,12,2,1,1,2,0,7,5,1,55,7,1, ,500,1,1, ,1,7,1,5,5,1,7,xeedho,2,2,4,6,2
2817,13,0,0,1,0,0,7,6,1,54,4,4, ,310,1,1, ,1,6,1,5,5,1,4,Daarasalaam,2,2,5,5,2
2818,12,1,3,4,1,0,4,8,1,46,1,4, ,120,1,1, ,1,5,1,3,4,1,1,Badhka,2,2,3,3,3
2819,6,0,1,2,1,6,2,4,2,34,7,1, ,650,3,1, ,1,6,4,5,5,1,7,jig jiga yar,2,2,3,4,5
2820,12,2,1,1,0,1,6,8,1,45,1,1, ,550,1,1, ,1,3,3,3,5,1,6,sheikhnur,2,2,5,3,3
2821,12,0,0,1,0,0,7,5,1,58,6,1, ,2000,1,1, ,1,8,1,4,4,1,2, ,2,2, , , 
2824,4,1,0,0,2,1,1,3,1,60,6,2, ,1000,1,2, ,1,5,1,4,5,1,9,kaah area,2,2,3,3,2
2826,9,0,1,1,0,0,6,3,1,47,5,1, ,800,1,1, ,1,5,1,4,4,1,2,150,2,2,3,3,3
2827,12,2,0,1,1,2,7,5,1,62,6,2, ,1500,1,1, ,1,10,1,4,5,1,3,Fuuluja,2,2,3,3,3
2829,7,0,1,1,1,0,3,4,1,35,6,2, ,1700,1,1, ,1,10,2,4,4,1,7,Jigjigayar,2,2,5,5,4
2830,7,2,0,0,3,2,3,4,1,34,7,2, ,570,1,2, ,1,5,0,4,4,1,4,MOOGE,2,2,5,3,3
2832,13,0,1,0,2,0,4,9,1,52,3,2, ,300,1,1, ,1,6,1,4,4,1,3,pepsiga,2,2,4,4,2
2834,6,0,0,0,0,2,3,3,1,61,6,2, ,1200,1,3, ,1,7,1,4,4,1,1,Xero awr,2,2,5,4,3
2835,4,0,0,0,3,1,3,1,2,60,5,4, ,500,1,2, ,1,4,0,4,3,1,2,Goljano,2,2,4,4,2
2836,6,0,0,5,2,2,2,4,1,67,4,3, ,1200,1,2, ,1,6,2,5,3,1,7,jigjigayar,2,2,3,4,3
2838,8,0,0,0,0,0,4,4,2,54,4,6, ,2500,1,1, ,1,5,1,5,5,1,6,Geerash aw aadan,2,2, , , 
2839,8,0,0,0,0,0,3,5,1,53,4,1, ,800,1,2, ,1,5,1,3,3,1,2,Dalloodho,2,2, , , 
2840,7,0,1,0,1,2,5,2,1,45,6,1, ,1000,1,1, ,1,5,1,5,5,1,2,xero-awr,2,2,4,5,1
2842,7,0,0,1,0,1,3,4,1,70,3,6, ,1000,1,1, ,1,6,1,5,5,1,6,Geerash aw aadan,2,2, , , 
2843,5,0,1,4,2,0,3,2,1,29,6,1, ,400,3,3, ,1,5,1,4,4,1,7,jigjigyar,2,2,2,3,4
2844,10,3,1,3,3,0,4,6,1,50,7,2, ,700,1,1, ,1,7,1,3,4,1,2,xero awr,2,2, , , 
2845,8,0,1,0,1,0,6,2,1,49,6,1, ,5000,1,1, ,1,5,1,5,5,1,6,Geerash aw aadan,2,2, , , 
2846,12,0,0,3,7,2,6,6,1,58,7,2, ,1000,1,1, ,1,6,0,5,3,1,4,Mooge,2,2,5,5,3
2847,6,0,0,0,0,0,3,3,1,38,6,1, ,4000,1,1, ,1,6,1,5,5,1,6,Magaalo ugaaso,2,2, , , 
2848,9,0,0,2,0,1,7,2,1,60,6,1, ,2200,1,2, ,1,5,1,5,5,1,6,Geerash aw aadan,2,2, , , 
2850,8,0,0,1,0,0,3,5,1,48,2,6, ,100,1,1, ,1,2,1,2,3,1,1,birjeex,2,2,5,2,3
2853,4,0,0,1,0,1,2,2,1,60,6,2, ,300,1,1, ,1,5,1,5,5,1,2,xero awr,2,2, , , 
2854,6,0,1,4,1,0,2,4,2,58,2,6, ,500,1,1, ,1,5,1,4,4,1,2,Idaacada,2,2,4,5,5
2855,9,0,0,1,0,0,3,6,1,63,5,1, ,3000,1,1, ,2,6,1,3,5,1,6,Geerash aw aadan,2,2, , , 
2856,9,0,0,1,0,0,5,4,1,55,6,1, ,700,1,2, ,1,4,1,3,3,1,6,hargeisa,2,2,2,4,2
2857,7,0,0,0,5,2,2,5,1,60,7,2, ,760,1,2, ,1,6,1,4,3,1,4,MOOGE,2,2,5,3,3
2860,10,1,10,5,2,0,6,4,1,51,3,2, ,500,1,3, ,1,3,1,3,3,1,2,26 june,2,2, , , 
2861,12,0,4,3,4,1,5,7,2,35,4,2, ,600,1,2, ,1,4,1,4,4,1,1,siinay,2,2,2,3,3
2862,7,0,5,0,0,0,5,2,1,34,6,1, ,1500,1,1, ,1,4,1,5,5,1,6,Magaalo ugaaso,2,2, , , 
2863,11,0,0,1,0,0,5,6,1,56,5,1, ,1000,1,1, ,1,6,1,5,5,1,6,Geerash aw aadan,2,2, , , 
2864,9,0,0,3,4,2,4,5,1,49,6,2, ,550,1,1, ,1,4,0,4,3,1,4,Mooge,2,2,5,4,3
2865,12,0,3,4,4,1,6,6,2,55,1,2, ,1000,1,2, ,1,5,1,5,5,1,1,Oktoobar,2,2,4,3,2
2866,8,3,1,2,2,0,4,4,1,37,6,2, ,300,1,1, ,1,5,1,4,4,1,5,Sabaxareed,2,2,5,4,2
2867,5,0,0,0,1,0,4,1,1,43,4,7,Paid bills with his boys,200,1,2, ,1,5,1,3,3,1,7,Sha'ab area,2,2,5,3,2
2868,5,0,0,1,0,1,2,3,1,57,3,4, ,700,1,2, ,2,5,1,2,2,1,2,150 st,2,2,1,2,4
2869,4,1,0,2,0,0,1,3,1,23,4,2, ,2900,1,2, ,1,5,1,5,5,1,7,gantaalaha,2,2,3,3,1
2870,6,2,0,0,1,0,4,2,1,35,4,1, ,600,1,1, ,1,4,1,3,3,1,7,Jigjigayar,2,2, , , 
2871,4,0,0,2,1,1,1,3,2,60,1,1, ,300,1,2, ,1,8,2,4,3,1,2,Heroawr,2,2,2,3,2
2872,6,0,0,1,1,1,2,4,2,43,1,1, ,900,1,1, ,2,4,1,3,3,1,8,Ahmed Raaan,2,2,3,2,3
2873,5,0,0,1,0,1,2,3,1,60,3,4, ,500,1,1, ,1,3,1,3,4,1,7,Jigjigayar,2,2, , , 
2874,7,1,2,0,2,0,6,1,1,40,1,2, ,300,1,3, ,2,4,1,4,3,1,2,maroidi-jeex,2,2,2,2,6
2879,2,0,0,0,2,0,1,1,1,36,6,1, ,500,1,1, ,1,3,1,5,4,1,1,siinay,2,2,3,3,2
2881,12,0,0,2,0,0,8,6,1,45,6,1, ,1000,2,1, ,1,7,3,4,4,1,6,hargeisa,2,2,1,4,3
2882,9,0,9,5,2,0,5,4,1,51,4,1, ,500,1,3, ,1,4,1,4,4,1,2,26 june,2,2,1,3,6
2883,4,1,1,0,0,0,2,2,1,29,4,1, ,250,1,2, ,1,2,1,5,4,1,7,Qunyardaga,2,2,3,3,4
2884,7,0,1,4,2,0,4,3,1,58,3,7,driver car,200,1,1, ,1,3,1,4,5,1,1,Oktoobar,2,2,4,4,2
2886,8,0,0,1,0,0,4,4,2,50,3,4, ,500,1,2, ,1,4,1,3,4,1,2,cabaaye,2,2,4,4,3
2888,6,0,0,5,0,0,0,6,2,40,1,2, ,600,1,1, ,1,5,1,5,5,1,1,Hargaysa,2,2,3,5,4
2889,12,2,9,1,2,0,6,6,1,40,6,7,Doctor,500,1,1, ,1,5,1,3,3,1,9,Shiraaqle,2,2,3,4,4
2890,6,1,1,1,2,1,4,2,1,35,6,1, ,400,1,1, ,1,4,1,4,4,1,1,siinay,2,2,3,4,4
2891,3,0,0,0,0,0,2,1,2,55,8,1, ,200,1,2, ,1,3,1,3,4,1,1,october,2,2,3,3,3
2892,5,1,0,0,2,0,2,3,1,32,1,1, ,300,1,2, ,1,3,1,3,4,1,2,xero-awr,2,2,5,4,1
2893,15,2,1,1,1,1,5,6,1,28,6,2, ,200,1,1, ,1,8,2,4,4,1,7,Hargeisa,2,2,3,3,3
2894,9,0,0,2,3,3,3,6,2,62,7,2, ,300,1,1, ,1,5,5,3,3,1,2, ,2,2,4,2,2
2896,9,0,0,2,1,1,3,6,2,60,8,1, ,300,1,2, ,1,7,2,4,3,1,7,Jigjigayar,2,2,3,3,3
2900,10,1,0,1,0,2,4,6,1,48,7,1, ,1000,1,3, ,1,5,1,5,3,1,2,Cabaaye,2,2,3,5,4
2901,9,1,2,2,4,0,2,7,1,35,6,1, ,1000,1,2, ,2,4,1,4,3,1,6,Geerash aw aadan,2,2,4,4,5
2902,10,1,0,0,1,0,5,5,1,52,1,2, ,300,1,1, ,1,3,1,5,4,1,7,ibraahim koodbuur,2,2,4,3,2
2903,4,0,4,4,1,1,2,2,1,20,4,5, ,300,3,2, ,1,3,1,3,1,1,3,Pepsiga,2,2,3,3,3
2904,15,1,0,1,1,1,4,11,1,56,4,2, ,1000,1,1, ,1,5,1,4,4,1,1,birjeex,2,2,5,3,3
2907,9,1,0,1,0,0,5,4,1,51,7,2, ,100,1,1, ,1,4,1,4,4,1,4,jungalka,2,2,3,3,4
2908,5,1,0,1,2,0,2,3,1,35,3,1, ,200,1,2, ,1,4,1,4,3,1,7,Sha'ab area,2,2,4,3,1
2909,10,3,3,0,1,0,3,4,1,39,6,7,principle,400,1,1, ,1,5,1,4,4,1,1,siinay,2,2,4,4,4
2910,15,0,0,1,0,0,6,5,2,50,6,6, ,1000,1,1, ,1,9,8,3,5,1,3,pepsi,2,2,4,5,5
2914,12,0,12,8,2,0,6,6,1,56,7,2, ,700,1,1, ,1,7,1,5,4,1,6,Hargeisa,2,2, , , 
2915,6,2,0,0,0,0,3,3,1,34,6,1, ,300,1,1, ,1,3,1,3,2,1,7,Jigjiga yar,2,2,2,4,2
2918,10,1,9,6,2,2,4,6,1,26,6,5, ,550,3,2, ,1,6,1,3,3,1,3,Birish liclic,2,2,2,3,3
2919,9,0,0,1,0,1,4,5,2,52,6,2, ,500,1,3, ,1,4,1,5,3,1,7,Sheedaha,2,2,3,5,4
2920,4,2,0,0,0,0,1,2,1,27,6,2, ,2500,1,1, ,1,6,1,3,5,1,9, ,2,2, , , 
2921,1,0,1,1,0,1,3,7,1,70,4,3, ,700,1,1, ,1,6,1,4,4,1,9,new hargeisa,2,2,1,4,2
2922,10,0,0,1,1,0,7,3,1,40,3,1, ,400,1,1, ,1,3,1,3,4,1,2,cabaaye,2,2,4,4,3
2923,9,1,0,1,0,0,5,4,1,51,7,2, ,100,1,1, ,1,4,1,4,4,1,4,jungalka,2,2,4,3,3
2924,4,1,0,0,1,0,2,2,2,35,6,1, ,300,1,2, ,1,2,1,3,3,1,2,Hawadle,2,2,4,1,1
2925,5,0,0,1,2,1,2,3,2,80,6,2, ,1000,1,1, ,1,5,1,5,5,1,6,hargeisa,2,2,3,4,3
2927,11,2,0,0,1,0,8,3,1,40,3,4, ,400,1,2, ,1,2,1,3,3,1,7,Jigjiga yar,2,2,4,3,6
2928,7,0,0,1,0,1,3,4,1,61,3,6, ,350,1,3, ,2,2,1,4,4,1,1,xero- awr,2,2,4,3,2
2929,10,0,0,1,0,1,6,4,1,65,6,1, ,500,1,2, ,2,5,5,3,3,1,6,geerash aw adam,2,2,2,2,4
2932,5,0,0,1,0,0,2,3,2,50,1,2, ,200,1,2, ,1,5,1,3,4,1,2,xero-awr,2,2,4,3,4
2933,12,2,0,0,0,0,5,7,1,40,6,1, ,500,1,1, ,1,3,1,4,4,1,9,new hargeisa,2,2,4,3,2
2934,9,1,3,5,1,0,5,4,1,56,4,2, ,5000,1,1, ,1,8,1,3,3,1,9,new hargysa,2,2,3,3,3
2935,15,2,0,4,1,1,8,7,1,65,8,2, ,200,1,1, ,1,8,1,5,2,1,1, ,2,2,3,3,3
2936,12,3,5,1,2,1,4,8,1,35,1,2, ,200,1,2, ,1,4,1,4,4,1,5,hargeisa,2,2,1,2,2
2938,12,1,0,0,3,0,5,7,1,45,7,2, ,800,1,3, ,1,6,0,5,5,1,2,150 street,2,2,5,4,2
2939,12,6,5,2,1,2,8,4,1,65,6,2, ,1000,1,1, ,1,7,5,2,1,1,7,daloodho,2,2,2,3,3
2940,7,2,1,0,1,1,6,2,2,40,6,1, ,300,3,3, ,1,5,12,4,3,1,2,Xero awar,2,2,3,5,5
2941,6,1,0,1,0,1,3,3,1,58,6,2, ,1500,1,1, ,1,5,1,4,4,1,9,new hargeisa,2,2,4,3,4
2942,7,0,1,4,0,2,4,3,1,60,7,4, ,500,1,1, ,1,4,0,3,4,1,6,geerash-aw Aadan,2,2,5,3,1
2943,5,1,1,1,2,0,3,2,1,38,6,1, ,2000,2,1, ,1,4,1,3,3,1,9,new hargysa,2,2,2,3,3
2944,11,0,0,0,0,1,4,7,1,55,4,1, ,500,1,1, ,1,5,1,1,4,1,2,cabaaye,2,2,3,5,2
2945,6,0,0,1,0,0,3,3,2,45,8,6, ,30,1,1, ,2,2,1,3,3,1,7,xero-awr,2,2,5,3,2
2948,10,0,0,0,1,2,5,5,1,68,3,1, ,800,1,1, ,1,5,1,5,5,1,7,Sheedaha,2,2,4,3,1
2952,10,0,0,1,1,3,4,6,1,60,4,6, ,1000,1,1, ,1,6,1,5,5,1,9,new hargeisa,2,2,4,4,6
2954,11,4,2,2,1,1,7,5,1,35,6,1, ,800,1,1, ,1,7,2,4,5,1,3,hargeisa,2,2,2,1,5
2955,5,1,0,0,0,1,3,2,2,60,6,2, ,1000,1,1, ,1,5,1,4,5,1,9,Newhargeisa buurta,2,2,4,4,2
2957,10,1,2,3,3,1,4,6,1,42,6,2, ,700,1,1, ,1,7,1,5,5,1,1,Badhka,2,2,4,3,3
2958,9,0,1,1,0,0,4,5,1,58,6,2, ,600,1,1, ,1,5,1,3,3,1,2,Hargaysa,2,2,2,4,2
2960,10,0,0,2,2,2,5,5,1,62,5,6, ,500,1,2, ,1,4,2,4,4,1,3,Biibsi,2,2,4,4,2
2961,6,1,0,3,1,0,3,3,1,36,7,1, ,2000,1,2, ,1,5,1,4,3,1,3,31 may,2,2,2,3,4
2962,6,0,1,0,0,0,3,3,2,28,1,1, ,100,1,3, ,3,2,1,4,4,1,1,cakaara,2,2,5,2,2
2963,10,9,1,1,3,1,4,6,1,65,7,2, ,5000,1,1, ,1,8,3,5,3,1,7,badacas,2,2,3,4,6
2964,14,1,0,1,1,0,9,5,2,35,6,6, ,100,1,3, ,1,5,1,4,4,1,1,X Aktober,2,2,3,2,3
2967,3,1,0,2,0,0,2,1,1,20,4,1, ,180,1,2, ,1,1,1,3,2,1,4,Jarato,2,2,3,3,2
2968,6,0,0,6,1,0,3,3,2,42,1,1, ,250,1,1, ,1,4,1,5,4,1,2,26june,2,2,1,3,4
2969,14,0,14,11,4,0,6,8,2,41,7,3, ,1000,1,2, ,1,5,1,5,5,1,7,Hargeisa,2,2, , , 
2972,5,5,0,5,5,0,2,3,2,50,4,6, ,1000,1,2, ,1,6,1,5,5,1,6,Gacan libaax,2,2,4,5,3
2973,7,1,2,0,1,0,2,5,1,35,3,1, ,200,1,3, ,1,4,1,4,5,1,9,new hargeisa,2,2,4,4,6
2974,10,0,0,8,1,0,3,7,2,65,3,6, ,1000,1,2, ,1,5,1,5,5,1,6, ,2,2,5,5,3
2976,2,0,2,2,1,1,0,2,2,58,1,6, ,500,1,2, ,1,4,1,5,4,1,6,Waran Cade road,2,2,2,3,2
2977,12,2,1,1,0,0,6,6,2,40,1,6, ,500,1,2, ,1,5,1,5,4,1,5,Calaamada,2,2,4,3,3
2980,11,0,11,5,0,0,3,8,1,23,4,3, ,400,1,1, ,1,5,1,4,4,1,7,Hargeisa,2,2, , , 
2982,5,0,0,1,0,3,2,3,1,78,6,1, ,300,1,1, ,3,6,5,3,4,1,7, ,2,2,3,3,2
2983,6,0,0,0,1,1,2,4,1,67,6,2, ,900,1,1, ,1,4,1,5,5,1,5,masalaha,2,2,3,5,3
2984,11,2,1,7,0,1,3,7,1,40,4,2, ,300,1,3, ,1,5,1,4,4,1,1,halflondon,2,2,4,4,3
2985,8,2,1,1,0,3,5,3,1,60,3,4, ,400,1,1, ,1,4,1,3,4,1,1,xero- awr,2,2,4,4,4
2987,9,1,0,4,0,0,7,2,1,28,6,1, ,200,1,1, ,1,7,2,4,4,1,3,Biibsi,2,2,3,1,1
2988,12,2,10,9,4,1,5,7,2,43,3,1, ,350,1,1, ,1,4,1,5,5,1,2,26june,2,2,4,3,4
2989,4,0,0,1,0,1,1,3,2,80,1,6, ,300,1,1, ,1,2,2,3,4,1,6,sheikhnur,2,2,2,5,5
2990,6,0,0,1,0,0,2,4,2,54,3,6, ,530,1,2, ,1,3,1,3,3,1,2,xero-awr,2,2,4,4,4
2991,17,0,0,1,0,1,12,4,1,62,7,1, ,3000,1,1, ,1,7,1,5,5,1,6,magaalo ugaaso,2,2,3,3,3
2993,16,0,0,12,4,2,8,8,2,55,6,2, ,300,1,1, ,1,5,1,4,4,1,2,Qudhacyada,2,2,2,3,4
2994,12,0,0,9,0,3,9,3,1,61,5,4, ,800,1,2, ,1,5,1,3,3,1,7,Magalo jimcale,2,2,3,4,3
2996,8,2,1,0,0,0,5,3,1,45,6,1, ,500,1,2, ,1,4,1,5,5,1,7, ,2,2,1,2,1
2997,8,0,8,6,2,1,4,4,1,70,1,1, ,200,1,1, ,1,4,1,4,3,1,1,October,2,2,5,4,2
2998,12,1,0,1,1,0,8,4,1,50,7,2, ,250,1,2, ,1,4,1,1,3,1,3,hargeisa,2,2,3,3,3
3000,5,0,0,0,1,1,3,2,2,60,1,1, ,600,1,1, ,1,1,1,5,5,1,1,October,2,2,5,3,2
3001,15,2,1,0,1,0,9,6,2,23,6,2, ,1000,1,1, ,1,8,0,5,3,1,7,jigjiga yar,2,2,4,4,6
3002,10,3,2,3,2,0,5,5,1,35,4,1, ,350,1,3, ,1,4,1,5,2,1,7,jigjigayar,2,2, , , 
3003,11,0,1,3,1,1,2,9,1,50,4,4, ,308,1,2, ,1,5,1,3,4,1,7,Jigjiga yar,2,2,4,3,2
3004,5,0,0,0,0,1,3,2,1,68,5,7,proker,370,1,1, ,1,4,1,5,5,1,7,if iyo aakhiro,2,2,3,4,3
3005,12,1,1,1,10,0,7,5,1,55,7,1, ,2000,1,1, ,1,7,1,5,5,1,7,xeedho,2,2,3,5,4
3006,12,2,1,1,1,0,6,6,2,35,6,3, ,600,3,1, ,1,5,3,5,3,1,7,dacarbudhuq,2,2, , , 
3008,11,1,1,0,0,1,4,7,2,55,6,5, ,450,1,3, ,1,5,1,4,5,1,7,Qunyardaga,2,2,3,3,4
3014,11,0,0,1,0,1,6,5,2,58,2,1, ,100,1,1, ,1,5,1,2,4,1,1,birjeex,2,2,4,3,3
3015,7,0,0,1,1,0,3,4,2,45,1,6, ,100,1,1, ,1,6,5,3,3,1,7,Heroawr,2,2,2,3,1
3017,7,1,1,0,0,0,4,3,1,30,7,6, ,350,1,1, ,1,4,1,4,4,1,2,Hargeisa,2,2,3,2,2
3018,8,2,0,1,1,0,6,2,1,36,2,1, ,500,1,3, ,1,4,1,4,4,1,7,Saldhiga aadan shiine,2,2,1,2,6
3019,11,0,5,4,1,1,8,3,1,61,6,1, ,800,3,1, ,1,5,1,3,4,1,3,pepsi,2,2,3,4,3
3020,10,0,0,1,0,0,4,6,2,38,3,1, ,500,1,1, ,1,5,1,4,3,1,2,cabaaye,2,2,3,4,3
3021,5,0,0,2,0,0,4,1,2,45,6,2, ,900,1,2, ,1,5,1,4,3,1,2,Hargaysa,2,2,3,3,6
3022,9,2,2,2,3,0,1,3,1,52,6,1, ,1000,1,1, ,1,6,2,5,5,5,7,gantalaha,2,2,3,1,5
3023,8,3,1,1,1,2,4,4,1,60,2,2, ,400,1,1, ,1,4,1,4,3,1,6, ,2,2, , , 
3024,15,0,0,4,4,1,6,12,1,58,6,6, ,2000,1,3, ,1,10,1,4,4,1,2,Hawadle,2,2,3,5,3
3026,13,2,11,5,3,1,7,5,2,70,1,6, ,600,1,2, ,2,5,1,3,5,1,1,nuur village,2,2,5,2,1
3027,9,0,0,7,2,0,6,3,1,38,5,1, ,900,1,2, ,1,5,4,4,2,1,4,star area,2,2,1,4,5
3028,8,2,0,0,0,0,6,2,1,54,4,1, ,150,1,1, ,1,2,2,3,5,1,6,dacarbudhuq,2,2,4,2,1
3029,3,1,0,0,0,0,1,1,1,30,4,1, ,1000,1,2, ,1,6,1,5,5,1,5,buurta kala jeexan,2,2,3,3,2
3030,6,0,6,4,1,1,3,3,1,64,2,1, ,250,1,3, ,1,4,1,4,3,1,7,jigjigayar,2,2,3,3,3
3031,8,0,1,1,1,0,4,4,2,50,1,6, ,150,1,2, ,1,4,1,3,4,1,2,xawadhle,2,2,4,4,4
3032,12,0,0,7,4,1,7,5,1,54,8,4, ,950,1,2, ,1,4,1,3,4,1,7,Magalo jimcale,2,2,2,3,4
3035,6,0,0,5,1,0,3,3,1,28,5,6, ,300,1,1, ,2,4,1,3,1,1,6,Magaalo ugaaso,2,2,5,1,2
3036,13,0,1,4,0,1,6,9,1,55,6,2, ,800,1,1, ,1,6,1,5,5,1,7,jigjiga yar,2,2,3,5,2
3039,5,1,0,3,2,0,2,3,1,36,6,1, ,600,1,2, ,1,5,1,4,3,1,4,golwaraabe,2,2,3,3,4
3040,13,2,4,6,1,0,9,4,1,50,6,1, ,400,1,3, ,1,4,4,4,3,1,1,Half london,2,2, , , 
3041,15,3,0,1,0,2,6,9,2,50,2,6, ,700,1,3, ,1,5,1,5,5,1,5,Xaafada jameecada,2,2,2,1,2
3042,4,0,4,4,0,0,1,3,1,33,4,2, ,200,1,2, ,2,3,1,3,2,1,3, ,2,2,3,1,1
3043,10,0,0,2,6,2,7,3,1,70,6,1, ,500,1,1, ,1,5,1,3,3,1,1,siiney,2,2,4,3,3
3044,5,0,5,5,1,0,3,2,1,35,6,2, ,400,1,1, ,1,5,1,5,5,1,1,axamed gurey,2,2,4,4,3
3045,9,0,3,4,2,0,3,6,1,58,4,4, ,900,1,1, ,1,6,0,4,5,1,2,Xawaadle,2,2,3,4,4
3047,11,1,0,3,0,0,8,3,1,40,5,1, ,500,1,1, ,1,3,1,3,2,1,1,October,2,2,2,3,2
3048,5,1,0,0,0,0,2,3,1,45,6,1, ,240,1,1, ,1,4,1,5,5,1,5,masalaha,2,2,5,5,2
3049,8,2,1,0,0,0,4,4,1,40,4,4, ,500,1,2, ,1,2,1,3,3,1,2,cabaaye,2,2,3,4,2
3050,8,2,0,2,2,0,4,4,2,40,1,3, ,500,1,2, ,2,3,1,3,2,1,2,Daruuraha,2,2,5,3,2
3051,5,0,0,3,1,1,2,3,1,66,5,1, ,980,1,3, ,1,5,2,3,3,1,2,Xer-awr,2,2,4,4,3
3052,9,3,4,0,2,0,6,3,1,51,4,1, ,200,3,1, ,1,4,1,4,4,1,3,pepsi,2,2,3,3,4
3053,9,1,1,0,1,1,4,5,2,40,6,1, ,500,1,1, ,1,5,1,5,5,1,2, ,2,2,5,5,4
3056,4,2,2,2,0,0,2,2,1,24,6,5, ,100,1,1, ,1,2,1,3,4,1,3, ,2,2,1,3,4
3057,12,0,6,4,2,0,5,7,1,58,6,2, ,900,1,1, ,1,4,1,5,5,1,1,Oktoobar,2,2,4,3,2
3058,11,0,0,1,0,1,7,4,2,45,1,6, ,400,1,1, ,1,5,2,3,5,1,6, ,2,2,4,4,6
3059,8,0,0,1,2,1,3,5,2,47,2,5, ,1000,1,1, ,1,9,2,4,4,1,7,gantaalaha,2,2,3,5,3
3060,9,0,0,1,0,0,4,5,1,51,7,2, ,500,1,1, ,1,6,1,3,3,1,7,hero  awr,2,2,3,4,3
3061,4,1,1,0,2,0,1,3,1,36,6,1, ,350,1,2, ,1,4,4,4,4,1,1,siinay,2,2, , , 
3062,5,0,0,2,0,1,2,6,2,45,4,1, ,500,2,2, ,1,6,3,3,4,1,2,Xer awr,2,2,2,4,1
3063,6,0,5,5,1,0,3,3,1,35,7,1, ,500,1,1, ,1,4,1,3,5,1,8,Hargeisa,2,2, , , 
3064,4,0,0,0,0,0,2,2,1,31,7,1, ,200,1,1, ,1,4,1,4,4,1,2,Jig jiga yar,2,2,3,4,3
3065,5,2,1,1,1,0,3,2,1,35,4,2, ,300,1,1, ,1,2,1,3,4,1,5,Saylada,2,2,4,2,3
3066,11,0,11,10,1,0,3,8,2,35,7,1, ,900,1,1, ,1,5,1,5,4,1,6,Hargeisa,2,2, , , 
3067,6,0,0,1,2,1,1,5,2,60,1,2, ,450,1,1, ,1,4,1,4,4,1,1,October,2,2,5,3,2
3068,5,2,1,0,0,0,2,3,2,50,2,1, ,250,1,2, ,1,5,1,3,4,1,2,qudhac yada,2,2, , , 
3069,4,0,0,4,0,0,2,2,1,30,6,1, ,800,1,2, ,1,4,1,4,3,1,6,Cabaaye,2,2,3,3,4
3070,6,0,0,0,0,0,5,1,1,32,6,1, ,250,1,1, ,1,4,1,4,3,1,7,jigjiga,2,2,4,3,4
3071,6,0,0,0,1,0,2,4,1,35,7,1, ,1000,1,1, ,1,7,1,5,5,1,6,Magaalo ugaaso,2,2, , , 
3072,15,0,15,5,0,0,8,7,2,26,7,1, ,1000,1,2, ,1,7,1,5,5,1,2,Hargeisa,2,2, , , 
3073,5,0,0,0,0,0,3,2,2,50,4,7, ,67,1,2, ,1,5,1,4,3,1,7, ,2,2,1,5,3
3074,10,0,0,6,0,0,6,4,1,55,3,1, ,400,1,1, ,1,4,1,5,4,1,6,Sh.nuur,2,2,3,3,2
3075,10,0,10,8,4,0,5,5,1,45,6,1, ,600,1,1, ,1,5,1,4,4,1,3, ,2,2,3,4,3
3077,12,0,0,1,0,0,6,6,1,55,5,2, ,500,1,1, ,1,5,1,4,4,1,1,October,2,2,4,2,3
3079,7,2,1,2,2,0,4,3,1,38,7,2, ,4500,1,1, ,1,5,1,5,5,1,4,Calaamadaha,2,2,5,5,4
3080,11,0,0,2,5,2,7,4,1,60,7,1, ,1000,1,1, ,3,5,1,4,1,1,6,Sh. Madar,2,2, , , 
3081,8,0,0,2,0,0,5,3,1,53,6,2, ,900,2,3, ,1,8,1,4,4,1,7,Near qamar feul station,2,2,2,5,4
3083,5,0,0,2,2,1,1,4,2,55,6,2, ,500,1,1, ,1,5,1,4,5,1,6,aw aadan,2,2,3,4,3
3084,9,2,1,3,1,2,3,6,1,60,1,7,Driving,500,1,2, ,1,4,1,1,1,1,2,150St,2,2, , , 
3085,9,0,1,1,0,0,6,3,1,50,7,7,Teacher,1000,1,3, ,1,5,1,4,4,1,7,Jigjigayar,2,2,4,3,3
3088,10,0,10,10,6,2,7,3,1,62,6,1, ,500,1,1, ,1,5,1,4,4,1,3, ,2,2,3,1,2
3089,5,0,0,1,3,1,3,2,2,67,4,7,Teacher,200,1,1, ,1,4,1,5,3,1,2,150St,2,2, , , 
3090,8,1,0,0,1,0,6,2,1,45,7,1, ,5000,1,1, ,1,5,1,5,5,1,6,Geerash aw aadan,2,2, , , 
3091,6,0,0,3,2,1,3,3,2,73,1,2, ,200,1,1, ,1,2,1,4,5,1,2,150St,2,2, , , 
3092,4,0,0,0,3,1,1,3,2,70,1,2, ,300,1,2, ,1,3,1,5,5,1,2,150St,2,2, , , 
3094,10,0,0,0,1,1,5,5,1,60,1,1, ,250,1,3, ,1,3,1,4,4,1,3,31 may,2,2,3,3,3
3095,9,0,0,2,0,0,2,7,1,55,8,2, ,1500,1,1, ,1,5,1,5,5,1,6,Geerash aw aadan,2,2, , , 
3096,13,0,0,4,7,2,6,7,1,75,1,2, ,600,1,1, ,1,6,1,5,5,1,2,150St,2,2, , , 
3099,5,0,0,1,3,1,2,3,2,65,1,2, ,200,1,1, ,1,3,1,5,4,1,2,150St,2,2, , , 
3100,4,1,0,1,2,0,1,3,1,37,7,1, ,900,1,2, ,1,5,5,4,3,1,1,badhka,2,2,2,4,3
3101,2,0,0,1,0,1,1,1,2,63,1,1, ,150,1,1, ,1,2,1,3,3,1,2,150St,2,2, , , 
3102,6,0,0,2,0,1,4,2,1,65,4,1, ,300,1,2, ,1,4,1,3,3,1,7,koodbuur,2,2, , , 
3103,3,0,0,0,1,0,1,2,2,52,2,2, ,400,1,1, ,1,7,1,5,4,1,7,Sha'ab area,2,2,5,4,5
3106,5,0,0,0,1,1,2,3,2,63,1,2, ,150,1,3, ,1,3,1,4,5,1,1,cakaara,2,2,4,2,2
3107,8,2,0,1,1,0,4,4,1,38,7,1, ,600,1,1, ,1,6,1,4,5,1,7, ,2,2,4,4,4
3109,8,0,0,2,0,0,3,5,1,55,4,1, ,500,1,2, ,1,6,1,3,3,1,7,koodbuur,2,2, , , 
3110,7,0,0,1,0,0,5,2,2,55,3,3, ,750,1,1, ,1,4,1,4,3,1,1,Isha boorama,2,2,3,4,4
3111,12,2,1,1,1,0,6,6,1,40,6,3, ,600,1,1, ,1,6,2,4,5,1,7,dacarbudhuq,2,2,3,4,5
3112,12,0,2,2,2,0,5,7,2,44,1,1, ,200,1,1, ,1,4,1,3,4,1,1,Hargaysa,2,2,4,3,6
3113,9,0,0,3,0,1,5,4,1,70,5,1, ,400,1,2, ,1,6,1,3,3,1,2,xawaadle,2,2, , , 
3115,18,2,0,1,0,0,7,9,2,48,2,6, ,30,1,1, ,1,6,1,5,5,1,6,macalin haaruun,2,2,3,3,5
3116,10,1,0,1,1,1,5,5,2,60,1,6, ,300,1,1, ,1,4,4,3,5,1,6,sheikhnur,2,2,5,3,3
3118,9,4,5,4,00,0,6,3,1,32,6,1, ,500,1,1, ,1,5,1,4,4,1,2,Hargeisa,2,2, , , 
3119,7,0,0,1,1,1,2,5,1,65,6,1, ,500,1,3, ,1,5,1,4,4,1,7, ,2,2,4,5,3
3120,13,0,6,4,2,1,6,7,1,50,8,1, ,1000,1,1, ,1,5,1,5,5,1,1,Oktoobar,2,2,4,3,2
3123,4,1,1,0,0,1,1,3,1,45,4,2, ,350,1,2, ,1,4,1,3,3,1,7,koodbuur,2,2, , , 
3124,6,0,0,3,1,0,3,3,2,44,6,1, ,800,1,2, ,1,5,1,4,4,1,8,Buurta kala-jeexan,2,2,4,3,3
3127,9,1,1,0,0,0,4,5,2,39,3,2, ,350,1,2, ,1,2,1,3,4,1,4,Qudhac-dheer,2,2,4,3,2
3128,6,1,2,1,1,1,3,3,1,30,6,2, ,3200,1,1, ,1,8,2,5,5,1,7,Sha'ab area,2,2,5,5,4
3129,10,3,4,3,1,0,4,6,1,46,1,4, ,200,1,1, ,1,6,1,4,4,1,1,Badhka,2,2,3,3,3
3131,6,0,0,0,0,0,4,2,2,58,1,6, ,500,1,1, ,1,4,1,5,4,1,6,Sh.nuur,2,2,4,3,3
3132,7,0,0,1,1,0,4,3,2,35,6,1, ,1400,1,1, ,1,5,1,5,5,1,6,Geerash aw aadan,2,2, , , 
3133,9,0,7,4,2,1,4,5,2,27,7,2, ,500,1,1, ,1,7,1,5,5,1,2,Hargeisa,2,2, , , 
3134,9,2,1,2,3,1,5,4,1,60,6,3, ,400,2,3, ,3,7,1,3,3,1,5,Qudhac dheer,2,2,3,3,5
3135,2,0,0,0,0,1,0,2,2,65,1,2, ,350,1,2, ,1,4,1,4,4,1,7,xero- awr,2,2,4,3,3
3138,4,1,1,1,1,0,1,3,2,40,5,1, ,400,1,2, ,1,3,1,3,4,1,4,Hargeysa,2,2,4,4,3
3139,7,0,3,3,3,2,1,4,2,32,3,2, ,300,2,1, ,1,5,4,5,5,1,2, ,2,2, , , 
3140,11,0,11,5,2,0,3,8,1,52,1,6, ,150,3,1, ,3,2,1,6,6,2,2,Xawaaadle,2,2,3,6,6
3141,14,0,0,1,2,0,12,2,1,72,6,2, ,850,1,1, ,1,6,1,4,4,1,2,Goljano,2,2,4,4,2
3144,4,0,0,0,1,0,2,2,2,55,1,2, ,600,1,1, ,1,4,1,4,3,1,6,New Hargeisa,2,2,3,2,2
3146,2,0,0,0,0,1,0,2,2,65,1,2, ,350,1,2, ,1,4,1,4,4,1,7,xero- awr,2,2,4,3,2
3147,7,1,2,1,0,0,6,1,1,45,6,1, ,500,1,1, ,1,5,1,3,3,1,7,koodbuur,2,2, , , 
3150,7,0,0,1,0,1,3,4,1,60,4,2, ,500,1,1, ,1,4,1,3,4,1,5,Qudhac-dheer,2,2,4,4,3
3151,5,4,0,1,0,0,2,3,2,31,6,6, ,1000,1,2, ,1,4,1,4,4,1,7,xero- awr,2,2,5,4,3
3152,4,1,0,0,0,0,3,1,1,36,6,1, ,300,1,1, ,1,4,1,5,4,1,1,X Aktober,2,2,3,3,3
3153,5,0,0,0,0,0,3,2,2,50,5,7, ,5000,1,1, ,1,5,1,4,3,1,7,village kulaha,2,2,2,4,3
3154,3,3,0,0,2,2,1,2,2,74,3,2, ,1000,1,2, ,1,4,0,5,5,1,2,Hargeisa,2,2,3,5,3
3155,13,0,0,1,0,0,6,7,1,50,3,2, ,920,1,2, ,1,5,1,4,4,1,7,Hargaysa,2,2,4,6,2
3157,9,2,1,3,1,1,5,4,1,45,1,1, ,200,1,1, ,1,7,3,3,3,1,2,Xawaadle,2,2,5,4,2
3159,9,0,0,0,0,0,4,5,1,56,6,2, ,50,1,1, ,1,4,1,5,3,1,6, ,2,2,3,3,3
3160,9,0,0,1,0,1,4,5,1,55,6,1, ,500,1,1, ,1,5,1,4,4,1,2,Goljanno,2,2,5,4,2
3161,8,0,0,6,0,2,4,4,1,64,1,2, ,700,1,1, ,1,5,1,4,4,1,1,October,2,2,3,5,3
3163,6,0,0,3,1,2,4,2,1,69,1,6, ,800,1,1, ,1,5,1,4,4,1,1,October,2,2,3,5,2
3164,4,0,0,0,2,0,2,2,2,46,1,2, ,5000,1,3, ,1,3,1,3,5,1,6,cabaaye,2,2,3,3,2
3165,11,3,1,3,2,2,5,6,2,60,4,3, ,400,1,1, ,1,5,1,4,4,1,7, ,2,2,3,3,4
3166,6,2,1,0,0,0,1,5,1,40,6,1, ,500,1,2, ,1,4,1,4,4,1,2,Hawadle,2,2,4,4,4
3167,6,0,0,0,0,0,3,3,1,55,2,1, ,100,1,1, ,1,4,1,3,5,1,6,sheikh nuur,2,2,4,2,4
3168,7,0,0,5,0,0,2,5,1,50,1,7,security guard,250,1,1, ,1,4,1,4,4,1,3,Isha boorama,2,2,5,3,1
3169,9,2,3,2,2,0,4,5,1,40,4,1, ,400,1,1, ,1,5,1,3,3,1,1,Badhka,2,2,3,3,3
3171,12,4,8,1,3,1,5,5,1,61,2,6, ,150,1,2, ,2,5,5,3,4,3,9,Berbera,2,2,2,3,2
3172,4,1,0,0,0,0,2,2,1,26,1,4, ,400,1,2, ,1,2,1,3,3,1,7,Gacntaalaha,2,2,3,3,3
3173,10,0,0,1,8,1,7,3,1,34,6,1, ,300,1,2, ,3,6,1,3,3,1,2,Goljanno,2,2,4,3,2
3174,14,0,1,1,0,0,7,12,1,25,6,7,He is an engineer,1000,1,1, ,1,9,0,4,5,1,9,I live in acity,2,2, , , 
3176,9,1,1,1,1,0,4,5,1,54,6,1, ,500,1,1, ,1,7,1,5,5,1,2,Hargaysa,2,2,4,6,4
3177,7,0,0,6,2,1,4,3,1,63,6,1, ,600,1,1, ,3,5,3,6,3,1,1, ,2,2,3,2,3
3178,10,10,0,1,0,2,6,4,1,32,6,1, ,800,1,1, ,1,5,3,5,3,1,1, ,2,2,3,4,3
3179,5,0,0,1,0,0,3,2,1,57,2,1, ,457,1,2, ,3,5,5,3,3,1,2,Togdheer,2,2,5,1,3
3180,10,0,0,5,3,2,7,3,1,40,3,1, ,900,1,1, ,3,4,1,3,3,1,2,biyo dhacyga hoose,2,2,2,3,3
3181,11,0,11,7,2,0,5,6,1,52,6,4, ,400,1,2, ,1,4,1,4,4,1,2,Hargeisa,2,2,4,4,2
3182,3,0,0,2,0,1,1,2,2,60,6,2, ,500,1,3, ,1,5,1,5,4,1,8,redsea,2,2,5,3,4
3183,5,0,0,0,0,0,3,2,2,50,8,7, ,67,1,2, ,1,5,1,4,3,1,7, ,2,2,1,3,3
3185,9,3,0,0,0,0,3,6,2,36,1,7,basic on relatives money,300,1,1, ,1,5,1,4,3,1,2,Hawadle,2,2,1,3,1
3186,12,2,1,1,0,3,7,5,1,44,1,6, ,1000,1,2, ,1,4,1,4,4,1,6,new hargeisa,2,2,4,4,2
3187,4,1,2,4,0,0,2,2,2,54,2,2, ,1000,1,2, ,2,4,1,3,2,1,6, ,2,2,2,1,2
3188,7,0,1,3,2,1,3,4,2,53,2,2, ,430,1,2, ,3,4,1,3,3,1,5, ,2,2,2,2,3
3190,4,1,0,0,1,1,2,2,1,60,1,1, ,400,1,1, ,1,4,1,4,5,1,6,cabaaye,2,2,4,3,3
3192,5,0,0,0,0,0,3,2,2,50,5,7, ,69,1,2, ,1,5,1,4,3,1,7, ,2,2,1,3,3
3194,7,1,6,5,4,1,2,5,2,52,8,2, ,200,1,1, ,1,6,1,3,4,1,7,Ezra,2,2, , , 
3195,8,0,0,1,1,1,2,6,1,35,6,2, ,500,1,2, ,1,5,1,4,3,1,8,bada cas,2,2,3,3,3
3197,10,2,1,0,0,1,3,7,1,68,3,4, ,300,1,1, ,1,5,1,3,3,1,1,October,2,2,4,3,6
3199,8,0,0,2,1,0,6,2,1,55,6,1, ,400,1,2, ,3,3,1,4,5,1,5,Xidigat,2,2,3,5,3
3200,4,0,0,1,2,1,2,2,2,35,7,6, ,600,2,3, ,3,5,1,4,4,1,3,Half london,2,2,4,3,2
3201,7,5,2,4,3,0,2,5,1,57,1,2, ,200,1,1, ,1,5,0,3,4,1,7,Xera awr,2,2,3,5,4
3202,10,0,0,1,1,0,5,5,1,58,2,1, ,800,1,1, ,1,6,1,3,3,1,2,Cawodhalad,2,2, , , 
3203,8,0,0,2,1,0,5,3,1,55,3,1, ,800,1,2, ,2,5,1,3,2,1,4, ,2,2,1,1,2
3204,4,1,0,1,1,1,2,2,1,45,1,2, ,500,1,1, ,1,7,2,4,4,1,7,Jigjigayar,2,2,4,3,2
3205,5,2,0,0,0,0,2,3,2,30,2,7,Independent business,500,1,2, ,1,3,1,3,3,1,9,New Hargeisa,2,2, , , 
3206,14,2,1,1,1,0,7,6,2,35,7,2, ,200,1,1, ,2,7,1,4,3,1,2,Haleeya,2,2,3,3,3
3207,12,0,12,7,3,1,6,6,2,60,1,6, ,600,1,1, ,1,5,1,4,4,1,2,26 june,2,2,4,3,2
3208,9,1,0,0,0,0,6,3,1,58,2,1, ,1000,1,1, ,1,5,1,4,4,1,7,Gantaalaha,2,2, , , 
3209,12,0,3,9,2,0,7,6,1,52,4,2, ,400,3,3, ,1,5,2,4,4,1,7,jigjigyar,2,2,3,3,2
3210,7,0,0,0,0,1,4,3,1,60,4,1, ,700,1,1, ,1,5,1,3,3,1,7,Jigjiga yar,2,2, , , 
3213,6,0,1,2,2,1,2,4,2,38,4,2, ,400,1,1, ,1,4,1,4,4,1,1,siinay,2,2,4,3,1
3215,9,0,0,1,0,1,3,6,1,62,4,1, ,850,1,1, ,1,4,1,3,5,1,5,Qudhacdheer,2,2,4,5,2
3216,8,0,0,1,0,0,3,3,1,53,6,6, ,2000,1,1, ,1,12,1,6,4,2,7,jigjigayar,2,2,4,4,5
3220,10,0,0,1,0,0,6,4,1,56,6,1, ,2000,1,1, ,1,7,2,4,4,1,2,i dont live in a village,2,2,3,3,2
3221,8,0,0,1,0,1,4,4,2,55,2,2, ,800,1,1, ,1,7,1,3,4,1,2,Cawodhalad,2,2, , , 
3222,12,0,0,1,0,1,5,7,1,60,4,1, ,500,1,1, ,1,5,1,4,3,1,7,jigjigayar,2,2,3,5,3
3223,4,0,0,1,0,0,0,4,2,35,1,6, ,700,1,2, ,1,5,1,3,5,1,6,cabaaye,2,2,4,3,3
3225,17,1,2,3,4,7,8,9,1,60,5,1, ,300,1,1, ,1,6,1,4,4,1,5,hargeisa,2,2,3,3,3
3226,4,0,2,0,2,0,2,2,1,45,2,1, ,170,1,1, ,1,2,1,2,3,1,8,Ex control,2,2,3,3,1
3227,6,0,0,1,1,1,3,3,1,60,6,2, ,3000,1,1, ,1,8,2,5,5,1,6, ,2,2,4,3,3
3229,11,0,0,1,1,0,4,7,2,49,6,2, ,600,1,1, ,1,4,1,5,5,1,6,Hargaysa,2,2,4,5,6
3231,8,0,8,2,3,1,4,4,1,63,6,2, ,600,1,1, ,1,7,1,5,4,1,2,Hargeisa,2,2,4,3,3
3232,6,0,1,3,1,1,3,3,1,61,1,7,muscle wealth,150,1,1, ,1,3,1,3,3,1,7,maroodi jeex,2,2,4,3,2
3233,16,1,0,1,0,0,6,10,1,51,1,1, ,700,1,2, ,1,4,1,3,5,1,6,cabaaye,2,2,4,3,3
3234,11,0,0,2,0,1,5,6,2,48,4,2, ,600,1,3, ,1,7,1,5,3,1,8,bada cas,2,2, , , 
3235,6,0,0,4,2,0,3,3,1,56,8,1, ,800,1,1, ,1,5,1,5,5,1,1,Oktoobar,2,2,4,3,2
3236,5,1,5,0,1,0,1,4,1,38,4,1, ,400,1,2, ,1,400,1,4,4,1,1,October,2,2,4,3,2
3238,5,0,0,1,0,0,3,2,2,40,2,2, ,150,1,1, ,1,3,1,1,3,1,7,shacab Area,2,2,4,3,2
3239,7,1,1,2,1,2,4,3,1,65,1,1, ,150,1,1, ,1,4,1,2,3,1,7,Shacabka,2,2,3,3,3
3240,11,0,0,2,0,1,5,6,2,46,4,2, ,700,1,3, ,1,7,1,5,4,1,7,jigjig yar,2,2,4,4,3
3241,6,0,0,1,4,3,3,3,1,70,7,1, ,2000,2,1, ,3,7,1,4,3,1,2,150,2,2,3,4,6
3242,9,0,9,8,2,0,3,6,1,48,6,1, ,1000,1,3, ,1,4,1,5,5,1,2,goljano,2,2,4,4,4
3244,10,0,0,0,1,1,3,7,1,70,4,6, ,300,1,2, ,2,6,1,4,4,1,7,boqol jire,2,2,3,3,3
3245,8,0,0,0,0,1,4,4,1,62,1,1, ,800,1,1, ,1,5,1,3,5,1,6,cabaaye,2,2,3,3,3
3247,12,0,0,12,2,1,5,7,1,64,4,2, ,5000,1,1, ,1,8,0,5,5,1,2,Hargeisa,2,2,2,3,4
3248,9,1,1,0,2,1,7,2,1,64,6,1, ,300,1,1, ,1,4,1,5,4,1,7,Xero-awr,2,2,3,3,2
3249,6,0,0,0,0,1,3,3,2,64,3,6, ,1000,1,1, ,1,6,0,4,5,1,7,Hero -awr,2,2, , , 
3250,6,0,0,0,1,1,5,1,1,67,6,2, ,700,1,1, ,1,9,1,4,4,1,7, ,2,2, , , 
3251,8,0,0,0,1,1,6,2,1,35,6,7,Uber driver,600,1,3, ,1,5,0,4,5,1,2,Cawo dhalad,2,2,3,5,3
3253,7,0,7,7,2,1,4,3,2,49,4,6, ,350,1,1, ,1,5,1,3,5,1,6,cabaaye,2,2,3,3,3
3254,10,0,0,1,0,1,7,3,1,61,7,1, ,200,1,2, ,1,5,2,3,3,1,2,150 street,2,2,3,4,3
3255,12,0,0,1,1,1,3,10,1,65,7,1, ,1000,1,1, ,1,7,1,5,4,1,1,half london,2,2,4,4,3
3257,10,0,5,1,1,0,2,8,2,50,4,2, ,2000,1,1, ,1,6,0,4,1,1,5,calaamada,2,2, , , 
3258,9,1,0,1,2,0,6,3,1,43,4,4, ,300,1,1, ,1,3,1,3,3,1,1,Cabdi iidaan,2,2, , , 
3261,8,0,0,2,2,0,5,3,1,80,4,1, ,400,1,1, ,1,8,1,3,3,1,7,koodbuur,2,2, , , 
3262,8,5,3,3,3,2,3,5,1,33,7,1, ,555,1,2, ,1,5,2,5,5,2,6, ,2,2,3,5,1
3264,12,1,1,2,0,0,8,4,1,50,6,2, ,600,1,1, ,1,9,1,3,3,1,7,koodbuur,2,2, , , 
3265,8,0,0,0,0,1,3,5,1,65,7,2, ,2500,1,1, ,1,9,2,5,1,1,8,BADACAS,2,2,1,1,3
3267,13,7,0,1,0,1,7,6,1,65,5,1, ,700,1,1, ,1,9,1,3,3,1,7,koodbuur,2,2, , , 
3272,8,1,7,6,4,1,5,4,1,62,8,6, ,90,2,1, ,1,4,1,3,3,1,7,Sheedaha,2,2,2,3,3
3273,4,0,0,1,02,0,2,2,1,45,6,1, ,400,1,1, ,1,4,1,3,3,1,7,koodbuur,2,2, , , 
3274,6,2,1,0,1,0,3,3,1,35,3,4, ,150,1,2, ,1,2,1,2,3,1,7,Gantaalaha,2,2,4,2,1
3276,6,0,0,0,0,0,4,2,2,31,6,1, ,750,2,1, ,1,4,1,3,6,1,6,cabaaye,2,2,5,4,3
3277,3,0,0,0,0,0,1,2,2,45,1,1, ,300,1,1, ,1,4,1,3,3,1,7,koodbuur,2,2, , , 
3278,8,1,1,0,0,0,4,4,1,42,1,6, ,200,1,1, ,1,5,1,4,3,1,2,150,2,2, , , 
3280,10,0,0,1,1,0,6,4,1,42,7,2, ,800,1,1, ,1,6,1,5,4,1,2,Hargeisa,2,2,3,5,4
3281,8,2,3,1,2,2,5,3,1,46,6,2, ,400,1,2, ,1,3,1,5,5,1,5, ,2,2,5,4,2
3282,9,0,0,1,0,0,4,5,1,31,4,1, ,800,1,1, ,1,4,1,4,1,1,1,siinaay,2,2,4,4,2
3286,6,2,0,0,0,0,2,4,1,29,6,1, ,600,1,2, ,1,4,1,3,5,1,6,cabaaye,2,2,5,3,2
3288,7,1,1,0,1,0,3,4,1,35,4,1, ,350,1,2, ,1,4,1,4,3,1,2,Hargeisa,2,2,3,3,3
3290,12,1,1,1,3,1,5,7,1,56,7,1, ,250,1,1, ,1,7,1,4,5,1,1,October,2,2,3,3,2
3291,6,0,0,1,1,0,3,3,1,44,4,2, ,500,1,2, ,1,4,1,5,5,1,7,jigjig yar,2,2,3,5,5
3295,9,0,0,0,1,0,8,1,1,33,4,1, ,500,1,1, ,1,5,1,4,5,1,1,siinaay,2,2,3,4,3
3296,8,0,0,1,1,0,6,2,2,36,1,1, ,200,1,1, ,1,3,1,4,4,1,3,Pepsiga,2,2, , , 
3299,5,0,5,0,1,0,2,3,1,40,3,2, ,500,1,2, ,1,3,0,5,5,1,5,Qudhac - dheer,2,2,5,4,3
3300,12,0,2,9,1,0,6,6,1,36,6,1, ,2000,1,1, ,1,5,1,5,5,1,7,maroodi jeex,2,2,3,5,3
3301,6,1,3,0,2,0,2,4,1,27,4,1, ,480,1,2, ,1,3,1,4,4,1,7,Ex control,2,2,3,4,4
3302,7,1,0,6,0,0,3,4,1,27,3,2, ,300,1,2, ,1,5,9,4,4,1,2,Xero awar,2,2,4,3,4
3305,10,3,1,0,0,0,7,3,2,21,3,2, ,200,1,1, ,1,4,1,3,4,1,2,Hawadle,2,2,4,3,2
3306,11,0,0,2,2,0,5,6,1,50,2,1, ,600,1,1, ,1,6,1,5,4,1,1,Iftin area,2,2,3,5,4
3307,8,1,1,2,2,2,3,5,1,43,3,1, ,550,1,1, ,3,5,1,3,4,1,2,biyo dhacyga hoose,2,2,2,3,2
3308,11,1,10,5,2,0,4,7,1,55,6,1, ,700,1,1, ,1,4,1,3,4,1,2,goljano,2,2,2,3,3
3309,8,0,0,2,0,0,7,1,1,54,4,2, ,800,1,1, ,1,5,1,5,5,1,7,xeroawr,2,2,3,4,6
3310,7,0,1,3,3,0,1,6,2,50,4,6, ,1000,1,2, ,2,5,1,5,4,1,7,Jigjiga yar,2,2,4,4,3
3311,3,0,0,2,0,1,1,2,2,63,1,6, ,400,1,1, ,1,3,1,4,4,1,4,Jarato,2,2,2,2,1
3312,10,1,0,1,0,0,5,5,1,50,1,2, ,450,1,1, ,1,3,1,3,4,1,1,siinaay,2,2,1,2,6
3314,4,0,4,4,1,1,1,3,2,62,4,2, ,6000,2,1, ,1,4,0,5,3,1,2,Hargeisa,2,2,1,3,3
3316,13,0,0,1,0,1,10,3,1,70,1,2, ,300,1,1, ,1,5,1,1,5,1,1,Hargaysa,2,2,4,6,6
3317,14,2,9,1,2,0,9,5,1,45,6,2, ,740,1,1, ,1,5,1,4,4,1,5,Qudhacdheer,2,2,3,4,2
3318,5,0,0,1,0,1,3,2,1,75,2,1, ,500,1,1, ,1,5,1,4,5,1,7,Qunyar daga,2,2,3,3,3
3319,9,0,0,18,1,2,4,5,2,60,1,2, ,450,1,1, ,1,4,1,3,4,1,6,New Hargeisa,2,2,5,3,2
3320,11,2,3,3,3,0,4,7,1,40,5,1, ,500,1,2, ,1,5,1,4,4,1,1,Badhka,2,2,4,4,2
3321,8,0,0,0,2,1,4,4,2,63,3,7,business,500,1,1, ,1,6,1,4,3,1,2,idaacada,2,2,3,3,3
3322,9,3,1,0,1,0,3,6,1,37,6,1, ,400,1,2, ,1,4,1,3,4,1,7,jigjiga yar,2,2,3,3,3
3323,13,2,1,3,1,0,6,7,1,54,3,4, ,170,1,1, ,1,4,1,4,4,1,7,Gantaalaha,2,2,3,4,2
3324,11,1,1,4,4,1,3,8,1,40,6,2, ,500,1,1, ,1,4,1,5,4,1,5,hargeisa,2,2,4,3,3
3325,7,2,0,3,1,1,5,2,1,50,6,1, ,600,1,2, ,1,5,4,4,3,1,7, ,2,2,3,5,3
3326,11,0,0,0,4,1,7,4,1,60,6,1, ,250,1,2, ,1,5,3,4,4,1,3, ,2,2,1,3,4
3327,11,0,0,1,0,0,6,5,1,50,4,2, ,1500,1,1, ,2,4,1,5,5,1,9,new hargeisa,2,2,1,4,6
3328,3,0,0,0,0,0,2,1,1,58,4,1, ,300,1,1, ,1,3,4,4,3,1,1, ,2,2,1,3,4
3329,3,0,0,0,1,2,1,2,2,60,4,6, ,100,1,1, ,2,3,1,1,2,1,3,Isha-borama,2,2,2,3,6
3331,5,3,0,0,0,0,2,3,1,30,4,2, ,400,1,2, ,1,5,1,5,5,1,5,masalaha,2,2,5,5,1
3332,5,2,1,0,1,0,3,2,1,38,6,1, ,250,1,1, ,3,4,2,5,4,1,9,Hodan hills,2,2,5,3,2
3333,11,0,0,1,0,1,7,4,1,62,6,2, ,1000,1,1, ,1,8,2,5,5,1,2, ,2,2,4,4,4
3335,5,3,1,0,0,0,3,2,1,28,4,7,farm planter,200,1,2, ,1,3,1,3,4,1,1,badhka village,2,2,5,4,3
3336,5,0,0,3,0,1,2,3,1,70,7,7,Retired,500,1,1, ,1,5,1,5,5,1,9,Hodan hills,2,2,4,5,3
3338,4,0,0,1,1,1,2,2,1,65,1,1, ,500,1,2, ,2,5,1,2,2,1,2,Biyo dhacay,2,2,4,5,5
3339,10,0,0,2,0,0,5,5,2,40,6,1, ,265,1,1, ,1,4,1,3,4,1,3,31 may,2,2,3,3,6
3340,10,0,0,1,1,1,6,4,1,60,6,2, ,1000,1,3, ,1,6,1,4,4,1,7,Shacab area,2,2,4,3,2
3341,5,1,0,1,0,0,3,2,1,33,6,7,technical,450,1,2, ,1,5,1,3,3,1,7,jigjiga yar,2,2,3,3,3
3342,9,2,1,2,4,0,5,4,1,38,4,2, ,1000,1,2, ,1,4,1,4,4,1,1,siinay,2,2,3,3,3
3344,13,0,0,1,0,0,7,6,2,48,1,7,non,400,1,1, ,1,5,0,5,5,1,7,xero awr,2,2,5,4,5
3345,14,2,5,1,0,0,10,4,1,40,6,7,engineer,1000,1,1, ,1,6,1,3,5,1,9,kaah area,2,2,4,5,2
3346,9,0,0,2,2,0,5,4,1,52,6,7,Doctor,200,1,1, ,1,5,1,5,5,1,7,Geerash gacan,2,2,3,4,4
3348,12,1,0,9,3,1,6,6,1,58,1,1, ,200,1,1, ,1,5,1,5,5,1,5,Calamada,2,2,4,5,5
3349,8,2,1,0,2,1,5,3,1,60,6,3, ,3,3,1, ,1,5,3,5,3,1,6,gacan libaax,2,2,3,5,3
3350,11,1,0,1,0,0,7,4,1,52,3,1, ,400,1,1, ,1,4,1,3,3,1,2,Shacabka,2,2,3,3,2
3351,7,3,1,4,5,0,5,2,1,30,6,1, ,1000,1,2, ,1,3,1,5,5,1,7,jigjigyr,2,2,3,3,3
3352,5,1,0,1,1,0,2,3,1,33,7,1, ,400,1,2, ,1,4,1,3,3,1,7,Xero awr,2,2,2,3,3
3353,4,2,0,0,0,0,2,2,1,23,4,1, ,250,1,2, ,1,2,1,3,4,1,2,Hawadle,2,2,4,3,1
3354,11,1,1,1,0,1,9,2,1,60,6,7,Taxi driver,300,1,2, ,1,2,1,3,3,1,6,New Hargeisa,2,2,4,4,2
3357,15,5,5,3,0,2,5,5,2,66,1,1, ,200,1,2, ,2,2,2,1,1,1,3,Isha Boorama,2,2,3,1,1
3358,10,0,9,4,3,1,6,4,1,46,6,1, ,300,1,1, ,1,4,1,4,4,1,3, ,2,2,3,3,4
3359,9,0,9,8,4,1,3,6,2,50,1,2, ,700,1,1, ,1,4,1,4,4,1,2,goljano,2,2,3,5,4
3360,9,0,0,5,2,2,4,5,1,45,6,2, ,300,1,1, ,1,4,1,4,3,1,2,150 ka,2,2,3,3,3
3361,14,0,5,7,2,0,5,9,1,40,6,2, ,1000,1,1, ,1,8,2,5,5,1,6,geerash awaden,2,2,4,4,2
3362,13,4,5,5,18,35,6,8,1,22,6,2, ,500,1,3, ,1,5,1,5,1,1,7,Gacmo dheere,2,2, , , 
3363,8,2,6,6,1,1,4,4,2,60,3,2, ,500,1,1, ,1,4,1,4,4,1,6,sheekh mubarig,2,2,4,3,3
3364,9,4,1,0,1,0,5,4,1,43,4,1, ,300,1,3, ,1,4,1,4,4,1,7,Ibraahim koodbuur,2,2,4,3,2
3365,6,0,1,1,0,0,4,2,1,40,7,1, ,600,1,1, ,1,5,1,5,4,1,7,jigjigayar,2,2, , , 
3366,9,2,0,0,0,0,5,4,1,55,4,1, ,400,1,2, ,1,3,1,3,4,1,1,siinaay,2,2,1,3,6
3367,4,1,0,0,0,0,1,3,1,24,1,2, ,600,1,2, ,1,4,1,5,5,1,7,xero awr,2,2,3,4,4
3369,7,1,0,0,0,0,3,4,2,38,6,7,business woman,300,1,2, ,1,3,1,4,5,1,1,October,2,2,5,5,5
3370,9,2,1,0,0,1,5,4,1,50,2,1, ,300,1,1, ,1,2,1,3,4,1,7,Gunyar daga,2,2,1,3,6
3371,3,1,0,0,0,0,2,1,1,50,2,1, ,200,1,1, ,1,3,1,5,4,1,9,new hargeisa,2,2,1,6,6
3372,3,1,0,0,2,0,1,2,1,40,1,7,police officer,100,1,2, ,1,2,1,3,3,1,3,pepsi area,2,2,3,3,1
3373,5,0,0,3,2,0,1,4,1,56,4,6, ,700,1,2, ,1,5,1,4,4,1,7,Jigjiga yar,2,2,3,3,3
3374,7,0,0,1,4,2,5,2,1,65,7,7,teacher,600,1,3, ,1,3,1,3,3,1,9,shiraaqle,2,2,3,4,3
3375,3,0,0,2,1,0,0,3,2,57,1,1, ,400,1,2, ,1,4,1,4,4,1,2,Idaacada,2,2,3,5,2
3376,11,0,1,1,1,1,6,5,1,58,6,2, ,500,1,1, ,1,4,1,3,3,1,7,hero awr,2,2,3,3,3
3377,7,0,0,1,1,1,4,3,2,63,1,2, ,500,1,1, ,1,4,1,5,5,1,7,ibrahim koodbuur,2,2,5,5,5
3378,3,0,0,0,1,0,3,0,1,35,7,1, ,700,1,2, ,1,3,1,5,5,1,2,cabaaye,2,2,5,4,4
3379,8,1,1,3,3,0,3,5,1,35,7,2, ,2000,1,1, ,1,5,1,5,4,1,3,Isha-borama,2,2,5,5,5
3380,7,0,0,1,1,0,2,5,2,45,4,6, ,1500,1,1, ,1,5,1,5,5,1,1,Masallaha,2,2,4,4,4
3381,11,0,0,0,0,1,2,9,1,75,5,6, ,500,1,1, ,1,5,1,5,5,1,2,Xawaadle,2,2,4,4,3
3383,6,1,0,1,1,0,4,2,2,35,6,1, ,800,1,2, ,1,5,1,4,4,1,7,Jigjiga yarn,2,2,4,2,1
3384,5,0,0,4,0,1,4,1,2,50,7,2, ,1200,1,3, ,1,9,2,5,3,1,7, ,2,2,3,3,3
3385,5,1,0,0,2,0,3,2,1,55,3,1, ,200,1,2, ,1,3,1,5,4,1,9,new hargeisa,2,2,1,1,6
3386,7,0,0,6,5,2,3,4,1,62,6,1, ,400,3,2, ,1,4,1,4,1,1,5,Xidigat,2,2,3,4,4
3388,11,1,10,10,2,0,4,7,2,20,6,2, ,1200,3,1, ,2,6,2,5,4,1,3,Faluuja,2,2,2,3,2
3390,9,0,0,1,0,1,6,3,1,60,6,1, ,200,1,1, ,1,5,1,5,5,1,7,xero awr,2,2,4,5,2
3391,9,1,0,1,1,0,5,4,1,63,4,1, ,150,1,1, ,1,5,1,1,3,1,5,masalaha,2,2,5,4,5
3392,5,2,1,0,2,0,1,4,1,44,5,4, ,100,1,2, ,1,2,1,3,3,1,9,Hodan hills,2,2,4,1,1
3393,9,0,0,3,4,2,6,3,1,51,6,2, ,500,1,1, ,1,5,1,4,3,1,2,150ka,2,2,3,3,3
3394,7,0,0,4,2,1,4,3,1,60,5,2, ,300,1,1, ,1,6,1,3,4,1,9,Macalin haruun,2,2,4,4,6
3395,7,0,0,0,0,0,3,4,2,47,4,2, ,1500,1,2, ,1,6,1,4,3,1,5,hargysa,2,2,3,3,3
3396,6,3,1,1,0,0,3,3,1,40,3,1, ,600,1,2, ,1,3,1,5,5,1,2,Hargaysa,2,2,4,5,5
3397,10,0,1,6,2,1,4,8,1,52,1,1, ,800,1,1, ,1,5,1,4,4,1,7,maroodi jeex,2,2,4,3,3
3400,9,1,0,0,0,0,5,4,1,52,4,2, ,400,1,2, ,1,3,1,3,3,1,7,jigjiga yar,2,2,3,3,3
3402,8,0,0,0,0,0,2,5,1,58,4,2, ,1000,1,1, ,1,8,1,4,4,1,7,Xero awr,2,2,4,3,3
3403,8,1,1,1,1,0,4,4,2,27,2,2, ,500,1,2, ,1,5,1,5,4,1,9,new hargeisa,2,2,4,2,3
3405,8,0,1,1,0,1,3,5,1,60,1,7,muscal wealth,300,1,1, ,1,4,1,5,5,1,1,october,2,2,5,5,5
3406,7,0,1,0,0,0,4,3,1,58,2,1, ,500,1,1, ,1,5,1,3,3,1,7,Xero Awr,2,2, , , 
3407,10,0,5,0,0,1,4,6,2,47,1,1, ,450,1,1, ,1,5,1,4,4,1,1,siinaay,2,2,1,3,6
3408,5,0,5,1,0,1,0,5,2,90,1,7,none,400,1,1, ,1,6,1,4,4,1,7,jigjiga yar,2,2,5,3,6
3409,4,1,3,2,0,0,2,2,1,30,4,2, ,300,1,1, ,1,0,0,1,2,1,5,Ina mooge,2,2,2,3,6
3410,8,3,0,0,0,0,6,2,1,42,7,1, ,1500,1,2, ,3,7,2,5,5,1,7,jigjiga yar,2,2,2,3,3
3411,5,0,0,1,0,1,3,2,1,65,4,6, ,900,1,1, ,1,6,1,5,4,1,7,Xero-awr,2,2, , , 
3412,5,0,0,1,1,0,0,5,2,45,6,6, ,300,1,1, ,1,3,1,3,4,1,7,Xero awr,2,2,3,3,3
3413,7,2,1,1,1,52,4,3,1,52,1,7,taxi,300,1,1, ,1,2,1,5,5,1,7,ibrahim koodbuur,2,2,4,5,5
3414,6,2,1,3,0,0,3,3,1,32,7,2, ,1900,1,2, ,1,5,1,5,5,1,9,Hodan hills,2,2,5,4,2
3415,6,0,0,0,0,0,4,2,1,61,1,1, ,200,1,1, ,1,2,0,4,4,1,1,October,2,2,1,4,4
3416,6,0,0,4,0,0,3,3,2,28,7,1, ,150,1,1, ,1,5,1,4,4,1,9, ,2,2,3,3,4
3417,7,2,2,5,1,0,3,4,1,42,6,2, ,600,1,1, ,1,6,0,5,3,1,2,Hargeisa,2,2,3,3,3
3418,9,0,0,7,2,1,5,4,1,64,6,1, ,800,1,1, ,3,6,1,4,4,1,7,Jigjiga yar,2,2,3,3,3
3419,8,2,0,0,0,1,4,4,1,40,4,1, ,300,1,1, ,1,4,1,4,5,1,7,Qunyar daga,2,2,4,5,3
3420,9,0,1,3,3,2,5,4,1,63,6,2, ,500,1,1, ,1,5,1,3,4,1,2,150ka,2,2,3,3,4
3421,4,0,0,0,1,1,2,2,2,48,4,6, ,400,1,2, ,1,3,1,2,2,1,7,Jigjiga yarn,2,2,2,4,4
3422,8,4,2,0,2,0,2,6,2,39,3,1, ,350,1,2, ,3,4,1,3,4,1,2,Idaacada,2,2,5,3,3
3423,7,0,3,4,0,0,4,3,1,35,1,1, ,150,1,1, ,1,2,1,3,3,1,6,Magalo ugaaso,2,2,2,2,3
3425,6,3,2,0,1,0,4,2,1,35,6,1, ,600,1,1, ,1,5,1,4,1,2,1,Oktoobar,2,2,5,1,1
3426,8,3,4,3,1,0,2,6,2,56,2,2, ,500,1,1, ,1,3,1,4,5,1,1,siinay,2,2,4,5,4
3427,9,1,0,1,1,2,3,6,2,80,1,6, ,130,3,3, ,1,5,1,4,3,1,2,150 street,2,2,2,4,4
3430,17,0,0,1,1,1,7,10,1,60,2,2, ,300,3,3, ,1,4,1,4,4,1,7,Ibraahim koodbur,2,2,1,4,3
3431,6,0,0,2,4,6,3,3,1,40,1,2, ,1000,1,2, ,1,4,1,5,4,1,6, ,2,2,2,3,4
3432,10,2,0,1,0,0,6,4,1,37,4,1, ,500,1,1, ,1,5,1,5,5,1,3,ishaborama,2,2,3,3,4
3433,8,0,0,0,0,2,5,3,1,32,5,1, ,300,1,1, ,1,5,1,5,5,1,7,xero awr,2,2,5,5,5
3434,9,5,5,1,2,0,4,5,1,40,6,2, ,1000,1,3, ,1,6,1,5,1,1,6,Geerashow aadan,2,2,3,4,3
3436,6,0,1,1,0,0,4,2,1,40,7,1, ,600,1,1, ,1,5,1,4,4,1,7,jigjigayar,2,2,3,3,3
3437,7,0,0,1,0,1,3,4,2,60,3,6, ,300,1,2, ,1,3,1,4,3,1,1,October,2,2,4,3,3
3438,2,0,0,0,0,0,2,0,1,25,4,1, ,250,1,2, ,1,1,1,3,4,1,7,jigjiga yar,2,2, , , 
3439,12,0,6,3,2,1,8,4,1,47,6,1, ,900,1,1, ,1,4,1,4,4,1,8,Ex control,2,2,5,3,3
3440,10,1,3,3,4,0,5,5,2,38,5,2, ,500,1,1, ,1,4,1,5,4,1,5,district,2,2,5,3,4
3441,11,2,1,0,1,1,6,5,1,45,3,4, ,300,2,1, ,1,5,1,3,5,1,2,Hawadle,2,2,1,1,1
3442,13,0,0,0,0,1,6,7,1,60,6,2, ,1000,1,1, ,2,4,1,4,5,1,7,jigjiga yar,2,2,3,4,1
3443,9,0,1,1,0,2,4,5,1,68,1,1, ,200,1,3, ,3,4,1,4,5,1,1,cakaara,2,2,4,3,4
3444,9,0,1,3,1,0,3,6,1,44,7,1, ,450,3,2, ,3,4,1,3,2,1,6,sh.madar,2,2,3,3,3
3445,5,1,0,0,3,1,3,2,1,61,7,1, ,800,1,1, ,3,4,1,3,3,1,6,Mabruuk,2,2, , , 
3447,3,1,1,2,1,1,2,1,1,26,8,5, ,200,1,1, ,1,4,1,5,2,1,3, ,2,2,3,3,3
3448,7,0,0,4,2,1,3,4,1,58,6,1, ,300,1,1, ,1,4,1,5,4,1,7,maroodi jeex,2,2,3,3,3
3449,2,0,0,0,0,0,2,0,1,25,4,1, ,250,1,2, ,1,1,1,5,4,1,7,jigjiga yar,2,2,3,4,3
3450,8,0,0,1,0,1,4,4,1,61,2,6, ,250,1,2, ,1,4,1,3,3,1,2,Goljano,2,2,4,3,1
3452,20,2,1,6,6,5,7,13,1,29,6,2, ,250,1,2, ,1,20,3,4,4,1,6,sheikh madar,2,2,3,3,4
3453,8,0,1,4,1,2,3,5,1,50,3,1, ,800,1,2, ,1,6,1,4,4,1,1,siiney,2,2,3,4,2
3455,12,4,6,1,1,0,9,3,1,58,6,7,no work,500,1,1, ,1,4,1,4,4,1,7,jigjiga yar,2,2,3,3,3
3457,10,0,0,8,0,2,6,4,2,55,3,2, ,680,1,3, ,1,5,1,3,4,1,9,dablatagay,2,2,2,3,2
3458,9,0,0,1,0,0,2,7,1,64,4,2, ,1500,1,1, ,1,5,1,5,5,1,6,Geerash aw aadan,2,2, , , 
3461,10,0,2,3,2,0,4,4,1,55,6,1, ,250,1,1, ,1,4,1,5,4,1,2,hargeisa,2,2,1,1,4
3462,12,1,0,1,2,0,3,9,1,35,4,2, ,500,1,1, ,1,5,1,3,3,1,9,kaah area,2,2,3,3,4
3463,7,0,7,7,2,2,3,4,1,60,1,1, ,280,1,1, ,1,4,1,4,4,1,7,Ibrahim koodbuur,2,2, , , 
3465,4,0,0,0,0,0,4,1,2,45,1,1, ,500,1,1, ,1,5,5,4,5,1,3,pepsi,2,2, , , 
3466,11,0,0,1,0,2,8,3,1,60,3,6, ,400,1,1, ,1,6,1,5,5,1,7,xero awr,2,2,5,5,2
3467,6,0,0,2,0,0,2,4,1,65,6,6, ,400,1,3, ,1,2,1,4,4,1,7, ,2,2,3,3,6
3468,9,0,0,1,0,0,2,7,1,64,4,2, ,1500,1,1, ,1,5,1,5,5,1,6, ,2,2, , , 
3469,6,1,2,2,1,0,3,3,1,50,4,2, ,300,1,3, ,1,4,1,3,3,1,6,Hargeysa,2,2,5,5,3
3472,5,0,2,2,1,0,3,2,1,40,7,1, ,500,3,2, ,1,5,1,4,4,1,3, ,2,2,3,3,6
3474,10,1,1,5,1,2,2,8,2,40,6,1, ,800,1,3, ,1,6,1,5,4,1,5,masalaha,2,2,5,5,3
3475,5,2,0,0,0,0,2,3,1,30,6,1, ,1000,1,1, ,1,4,1,4,5,1,2, ,2,2, , , 
3477,6,2,1,1,2,0,1,5,1,50,3,1, ,1200,1,2, ,1,4,1,4,4,1,9,Hodan hills,2,2,5,1,1
3479,3,2,0,0,0,0,1,2,1,30,7,6, ,600,2,2, ,1,4,2,4,3,1,2,saxil,2,2,3,5,2
3480,12,0,0,4,1,1,4,6,1,60,6,2, ,300,1,1, ,1,12,3,5,5,1,2,Maroodi jeex,2,2, , , 
3481,8,0,0,0,0,1,3,5,1,63,6,2, ,500,1,1, ,1,4,1,4,3,1,5,masalaha,2,2,1,4,4
3482,8,0,0,2,2,1,7,1,1,45,1,1, ,500,1,1, ,1,5,4,3,3,1,2,Xawaadle,2,2,5,4,2
3483,2,0,0,0,0,0,1,1,1,30,4,4, ,120,1,1, ,1,3,1,4,5,1,7,Qunyar daga,2,2,3,5,6
3484,5,0,0,1,1,1,2,3,1,60,3,4, ,200,1,1, ,1,3,1,3,4,1,2,xawaadle,2,2,4,3,2
3485,6,0,0,1,0,1,3,3,2,70,2,1, ,300,1,1, ,1,5,1,5,4,1,2,goljano,2,2,3,3,3
3486,5,2,0,0,0,0,2,3,1,31,6,1, ,600,1,1, ,1,4,1,5,5,1,7, ,2,2,5,5,3
3489,6,1,3,2,0,0,2,4,1,34,7,2, ,700,3,2, ,1,4,1,4,4,1,3, ,2,2,3,3,3
3490,7,1,1,0,1,0,1,6,1,35,6,1, ,600,1,2, ,1,2,1,5,5,1,7,xero awr,2,2,5,5,1
3491,15,0,0,5,2,0,9,6,1,48,6,2, ,500,1,1, ,1,4,1,4,4,1,6, ,2,2,3,3,2
3493,7,1,1,0,0,0,5,2,1,36,3,2, ,150,1,2, ,3,2,1,2,3,1,2,Hawadle/150,2,2,3,2,1
3494,9,0,9,2,2,1,5,4,1,68,6,2, ,500,1,2, ,1,4,0,1,2,1,6,cabaye,2,2,3,1,1
3495,12,2,1,2,1,1,5,7,1,45,5,1, ,300,1,1, ,1,8,5,4,3,1,2,Cabaaye,2,2,4,4,2
3496,14,1,13,7,3,1,7,7,1,50,2,2, ,500,1,1, ,1,8,1,1,2,1,5,Xidigta,2,2,3,3,3
3497,4,0,0,3,1,0,2,2,2,42,2,2, ,350,3,2, ,3,4,1,4,4,1,1,siinay,2,2,5,5,3
3498,8,3,1,0,0,0,3,5,2,36,6,6, ,1000,1,2, ,1,7,2,4,4,1,7,Gantaalaha,2,2,3,3,2
3499,3,0,0,0,1,1,0,3,2,52,1,7,no job,300,1,1, ,1,5,1,5,5,1,7,ibrahim koodbuur,2,2,3,4,4
3500,7,0,0,0,1,1,3,4,2,45,2,6, ,300,1,1, ,1,4,1,4,4,1,1,October,2,2,4,3,3
3502,7,0,0,0,1,1,3,4,2,45,2,6, ,300,1,1, ,1,4,1,4,4,1,1,October,2,2,4,3,3
3503,9,1,4,1,0,1,3,6,1,60,6,6, ,600,1,3, ,1,6,2,5,5,1,7, ,2,2, , , 
3505,8,1,0,7,2,0,4,4,1,42,6,1, ,2000,1,2, ,1,6,1,5,5,1,7, ,2,2,3,3,3
3506,12,0,0,1,3,1,5,7,2,67,7,1, ,1000,1,1, ,1,5,1,5,4,1,2,Bali cabne,2,2, , , 
3507,6,2,1,2,0,1,3,3,2,44,7,2, ,1500,1,2, ,1,5,1,3,4,1,9,Hodan hills,2,2,5,5,3
3508,5,0,0,3,2,0,2,0,1,58,6,2, ,1500,1,1, ,1,6,1,5,5,1,1,Oktoobar,2,2,4,3,2
3509,7,1,0,2,0,0,3,4,2,30,6,2, ,300,1,2, ,1,3,1,4,4,1,7,Ibraahim koodbuur,2,2,3,3,3
3510,10,8,2,4,2,0,5,5,1,56,6,4, ,600,1,2, ,1,4,1,3,3,1,2, ,2,2,1,3,4
3511,7,1,1,3,2,0,4,3,1,47,6,1, ,700,1,1, ,1,6,1,4,4,1,1,Badhka,2,2,3,3,2
3512,10,0,0,1,3,2,5,5,1,61,7,7,manager of DAN,900,1,1, ,1,7,1,4,4,1,6,kaah area,2,2,3,3,3
3515,6,0,0,0,0,1,1,5,1,38,6,1, ,150,1,1, ,1,3,1,3,3,1,7,Qunyar daga,2,2,1,5,3
3516,6,1,5,2,0,0,3,3,1,32,4,2, ,300,1,2, ,1,3,1,5,2,1,1,October,2,2,3,4,3
3517,4,0,0,0,0,1,2,2,1,62,2,1, ,400,1,1, ,1,3,1,5,5,1,3,ishaborama,2,2,3,4,4
3518,9,0,9,5,2,0,7,2,1,45,7,1, ,500,1,3, ,1,6,1,5,5,1,1,warshada caanaha,2,2,5,4,2
3520,9,4,1,5,3,1,4,5,2,55,6,2, ,1500,1,1, ,1,8,3,4,4,1,7,Hargaisa,2,2,3,4,4
3521,12,1,1,1,1,1,5,7,1,63,1,2, ,1000,1,2, ,1,4,1,5,2,1,9,new hargeisa,2,2,1,2,3
3522,10,3,0,1,2,0,3,7,1,50,8,4, ,200,1,1, ,1,4,1,3,1,1,3,Faluuja,2,2,3,3,3
3523,14,0,14,13,3,1,6,8,1,65,7,1, ,1000,1,1, ,1,4,1,5,4,1,2,Hargiesa,2,2, , , 
3524,9,0,0,2,2,1,5,4,2,45,8,1, ,150,1,1, ,1,6,2,3,3,1,7,Xeroawr,2,2,4,4,2
3525,7,1,6,6,3,1,3,4,2,92,1,6, ,400,1,1, ,1,4,1,3,4,1,2,idaacada,2,2,3,5,2
3527,14,1,13,6,1,0,7,7,2,47,4,2, ,500,1,2, ,1,5,1,4,4,1,3, ,2,2,2,2,2
3528,7,0,0,1,1,0,4,3,1,35,6,1, ,600,1,2, ,1,4,1,4,4,1,1,Siinaay,2,2,1,3,6
3529,6,1,1,0,0,1,2,4,2,60,1,6, ,300,1,1, ,1,5,1,5,5,1,7,xero awr,2,2,3,5,5
3531,7,0,5,2,1,0,4,3,1,37,6,1, ,300,3,2, ,1,3,1,3,4,1,3, ,2,2,3,3,3
3532,2,0,2,2,0,0,1,1,1,30,4,2, ,300,1,2, ,2,2,1,3,3,1,9,Kilalka,2,2,2,3,5
3533,8,3,1,0,2,2,5,3,1,37,6,1, ,600,1,1, ,1,6,1,4,5,1,1,siinay,2,2,3,4,1
3534,5,1,4,3,1,0,4,1,1,39,6,1, ,700,1,1, ,1,5,1,4,4,1,7,gantaalaha,2,2,5,2,2
3535,11,1,0,1,1,2,7,5,1,60,1,6, ,300,1,1, ,1,8,8,3,5,1,6,sheikhnur,2,2,4,1,1
3536,5,0,2,1,2,0,2,3,1,45,6,1, ,500,1,1, ,1,4,1,4,4,1,7,Jigjiga yar,2,2,3,3,2
3537,8,1,2,1,1,1,3,0,1,20,6,2, ,100,3,3, ,1,3,1,3,3,1,7,ibrahim koodbuur,2,2,3,1,3
3538,14,2,1,3,2,1,6,8,1,50,7,2, ,3000,1,3, ,3,6,1,4,3,1,2,26 june,2,2, , , 
3541,7,2,1,2,1,5,7,5,1,20,6,2, ,200,3,2, ,2,4,4,1,3,1,7,ibraaahin koodbuur,2,2,3,4,3
3543,5,2,0,1,2,0,1,4,1,55,6,2, ,600,1,1, ,1,5,1,5,3,1,2,Idaacada,2,2,4,5,3
3545,19,0,1,1,0,0,7,12,1,25,6,7,He is an engineer,1000,1,1, ,1,9,0,4,5,1,9,I live in acity,2,2,2,4,4
3546,5,0,0,4,0,1,4,1,1,63,2,6, ,300,1,1, ,1,4,1,4,5,1,1,siinay,2,2,4,5,4
3547,12,3,1,1,1,0,7,5,1,56,5,1, ,200,1,2, ,1,4,1,4,4,1,3,pepsiga,2,2, , , 
3548,12,0,5,1,0,1,5,7,1,60,4,1, ,250,1,2, ,1,4,1,4,4,1,2,goljano,2,2,3,2,3
3549,7,3,1,0,0,0,5,2,1,32,4,2, ,350,1,2, ,1,3,1,4,4,1,6,macalin haaruun,2,2,3,5,4
3554,7,0,0,1,0,1,5,2,1,60,4,7,Enterpreuner,1100,1,1, ,1,8,1,4,5,1,2,Goljano,2,2,2,3,3
3555,12,0,1,3,2,0,8,4,1,40,4,4, ,400,1,1, ,1,4,1,4,3,1,3,Faluuja,2,2,3,3,3
3557,5,2,5,4,1,1,7,6,2,50,7,2, ,50,1,3, ,1,5,1,5,5,1,6,Hargeysa,2,2,3,5,5
3559,12,1,0,1,1,1,3,9,1,51,3,1, ,600,1,2, ,1,6,1,4,2,1,7,Jigjiga yarn,2,2,2,2,1
3561,7,0,1,0,0,1,2,5,2,70,1,6, ,150,1,1, ,1,4,1,3,4,1,3,isha borama,2,2, , , 
3562,7,0,7,5,2,1,4,3,1,60,4,1, ,400,1,1, ,1,5,1,4,3,1,6,sheekh mubarig,2,2, , , 
3563,8,2,6,3,2,0,5,3,1,50,3,2, ,600,1,2, ,1,4,1,4,4,1,2,idaacda,2,2, , , 
3564,9,1,1,0,1,0,6,3,1,40,7,2, ,350,1,1, ,1,4,1,5,4,1,7,ibraahim koodbuur,2,2, , , 
3565,4,0,4,4,2,1,1,3,2,50,4,6, ,600,1,1, ,1,4,0,5,3,1,2, ,2,2,1,3,3
3566,6,1,1,2,1,1,2,4,1,67,7,2, ,2500,1,1, ,1,7,1,5,5,1,7,Koodbuur,2,2,4,4,4
3567,7,0,0,2,1,0,4,3,2,45,3,1, ,300,1,2, ,1,3,1,2,3,1,6,Sheekh madar,2,2, , , 
3568,9,2,7,6,0,0,5,4,1,24,6,1, ,1000,1,1, ,1,6,1,3,4,1,7,gantaalaha,2,2, , , 
3576,7,1,6,5,2,0,3,4,1,45,5,2, ,300,1,1, ,1,5,1,4,4,1,3, ,2,2,4,4,6
3579,12,0,0,2,1,0,6,6,1,26,5,2, ,500,1,1, ,1,5,1,4,4,1,5,calamada,2,2,2,3,4
3581,7,0,7,5,2,1,4,3,1,60,4,1, ,600,1,1, ,1,5,1,4,4,1,6,sheekh mubarig,2,2,5,3,2
3583,8,0,0,0,0,2,4,4,1,73,3,2, ,800,1,1, ,1,4,1,2,4,1,1,siinay,2,2,2,3,3
3585,4,6,1,7,8,11,10,6,2,99,6,1, ,100,1,1, ,1,100,100,4,3,1,7,Ibraahim Koodbuur,2,2, , , 
3586,7,0,1,0,0,1,2,5,2,70,1,6, ,150,1,1, ,1,4,1,3,4,1,3,isha borama,2,2,4,3,2
3587,8,0,0,0,0,0,1,7,2,48,1,1, ,300,1,2, ,1,4,1,4,4,1,2,sha'ab,2,2,5,2,2
3590,10,3,0,1,2,0,5,5,1,35,4,1, ,300,1,1, ,1,4,1,3,2,1,7,boqol jire,2,2,3,4,1
3591,6,1,0,1,0,1,3,3,1,65,7,2, ,1000,1,2, ,1,5,1,5,5,1,6,Baar-waraabe,2,2,5,5,3
3592,5,0,1,0,0,0,0,5,2,34,2,6, ,250,1,2, ,1,2,1,5,5,1,6,macalin haaruun,2,2,3,5,2
3594,11,2,6,2,2,1,7,4,1,46,4,1, ,600,1,1, ,1,4,1,4,4,1,1,siinay,2,2,4,3,3
3595,6,1,2,1,1,1,2,4,2,38,3,2, ,120,1,2, ,2,2,1,2,2,1,4,hargeysa,2,2, , , 
3596,14,1,5,4,2,2,5,8,1,65,4,2, ,850,1,2, ,1,6,1,3,4,1,2,daloodho,2,2,4,3,3
3597,10,1,0,1,0,1,7,3,1,64,7,6, ,2000,1,2, ,1,5,1,4,4,1,2,Hawadle,2,2,1,6,6
3598,6,1,0,1,2,1,2,3,1,67,7,1, ,900,1,2, ,1,5,1,4,4,1,2,Xer-Awr,2,2,4,4,4
3599,10,0,1,7,2,0,5,5,1,50,6,2, ,400,1,2, ,1,4,1,3,4,1,6,Aw aadan,2,2,3,3,3
3600,7,2,3,1,1,0,3,4,2,38,3,7,street vendor,120,1,2, ,2,2,1,2,2,1,8,Hargeysa,2,2,3,2,1
3601,7,1,2,1,2,0,1,5,1,20,6,2, ,200,3,3, ,3,4,1,5,4,1,7,ibraahin koodbuur,2,2,3,1,3
3602,6,0,6,6,2,1,4,2,1,60,6,1, ,500,1,3, ,1,5,1,4,5,1,3,Isha baroma,2,2,4,4,3
3603,8,2,1,1,1,1,1,1,1,36,3,2, ,100,2,3, ,2,5,1,3,2,2,7,ibrahim koodbuur,2,2,2,2,3
3604,6,1,2,3,0,0,3,3,2,32,3,2, ,700,1,2, ,1,7,1,4,5,1,7,Ifyo aakhiro,2,2,5,5,6
3605,7,1,1,1,1,1,4,3,1,62,6,1, ,150,1,1, ,1,6,1,5,5,1,2,Qaalib,2,2,3,6,1
3606,6,0,0,0,1,0,4,2,2,40,4,1, ,700,1,1, ,1,6,14,4,4,1,4,New hargysa,2,2,4,3,4
3609,19,0,1,1,0,0,7,12,1,25,6,7,He is an engineer,1000,1,1, ,1,9,0,4,3,1,9,I live in acity,2,2,4,4,3
3610,10,4,1,1,1,0,4,6,1,35,6,1, ,300,1,2, ,1,3,1,3,5,1,6,beeraha,2,2,3,6,2
3611,9,1,1,0,1,0,6,3,1,36,7,2, ,340,1,1, ,1,4,1,5,5,1,7,ibraahim koodbuur,2,2, , , 
3612,13,1,7,5,2,0,8,6,1,55,4,2, ,2000,1,1, ,1,4,1,5,5,1,1,siinay,2,2,3,4,3
3614,9,1,1,0,1,0,6,3,1,36,7,2, ,350,1,1, ,1,4,1,5,4,1,7,ibraahim koodbuur,2,2,3,4,3
3615,6,2,1,0,0,0,3,3,2,33,2,2, ,350,1,1, ,1,4,1,5,5,1,6,macalin haaruun,2,2,5,5,5
3618,2,0,2,2,2,1,1,1,1,70,1,7,Daily laborer,500,1,2, ,1,3,1,4,4,1,3,Isha borama,2,2,2,1,2
3619,10,10,10,2,8,10,6,4,1,56,6,7, ,1000,1,4, ,3,5,1,4,6,1,6,new Hargeisa,2,2,3,4,4
3620,7,1,0,2,0,2,7,5,1,20,6,5, ,200,3,2, ,1,4,4,3,3,1,7,ibraaahin koodbuur,2,2,3,3,5
3621,8,2,1,3,2,0,5,3,1,35,6,2, ,1000,1,3, ,1,11,2,5,4,1,7,Jigjiga yar,2,2,4,5,3
3622,8,0,2,4,2,0,3,5,1,57,5,1, ,700,1,1, ,1,4,1,5,4,1,1,Oktoobar,2,2,4,3,2
3623,12,0,0,1,2,0,7,5,1,48,1,4, ,300,1,1, ,1,4,1,4,4,1,7,Hargeisa,2,2,3,5,2
3624,6,1,2,2,1,0,3,3,1,59,6,2, ,1000,1,1, ,1,6,1,3,4,1,7,JIG-JIGA YAR,2,2,4,3,3
3625,15,4,3,2,2,0,6,8,1,50,7,1, ,400,1,3, ,1,6,1,4,1,1,8,gacmo dheere,2,2,3,3,2
3626,10,4,1,1,0,0,6,4,1,50,6,2, ,300,3,1, ,1,5,1,4,5,1,2,26 June,2,2,4,3,2
3627,9,0,0,8,1,0,3,6,2,37,3,2, ,500,3,2, ,1,5,1,4,2,1,2,xawaadle,2,2,2,4,2
3631,7,0,7,7,2,1,4,3,2,49,4,6, ,350,1,1, ,1,5,1,3,4,1,6,cabaaye,2,2,3,3,3
3633,4,0,0,1,0,1,1,3,1,62,4,2, ,200,1,1, ,1,6,1,5,5,1,6,sh.mubarik,2,2,1,3,3
3634,9,2,3,2,1,1,5,4,1,50,1,3, ,120,3,3, ,2,3,1,2,2,1,6,Salaxley,2,2,4,2,1
3636,8,0,1,1,0,0,4,4,2,45,4,2, ,400,1,1, ,1,4,1,5,5,1,6,macalin haaruun,2,2,3,5,5
3637,6,1,0,0,1,0,3,3,1,40,1,2, ,400,1,1, ,1,3,1,3,4,1,6,New Hargeisa,2,2,4,3,2
3639,7,0,7,7,2,1,4,3,2,49,4,6, ,350,1,1, ,1,5,1,3,3,1,6,cabaaye,2,2,3,3,3
3640,8,0,0,0,0,1,4,4,2,60,4,2, ,800,1,1, ,1,5,1,3,4,1,1,October,2,2,3,4,2
3641,10,10,10,3,7,10,6,4,1,55,2,2, ,1000,1,4,bangala,1,6,1,5,6,1,6,new Hargeisa,2,2,4,5,1
3642,4,0,0,0,0,0,1,3,1,48,6,2, ,500,1,1, ,1,4,1,5,5,1,6,sheekhmadar,2,2,4,6,2
3643,5,0,0,0,4,0,3,2,1,45,6,1, ,300,1,3, ,1,5,1,4,3,1,7,Sha'ab area,2,2,4,3,2
3644,11,3,1,3,2,1,4,5,1,62,8,6, ,300,1,1, ,1,5,1,4,1,1,1,Axmed Dhagax,2,2,3,3,2
3646,7,0,7,7,2,0,4,3,1,50,4,7,business man,250,1,1, ,1,3,1,3,4,1,6,cabaaye,2,2,3,3,3
3647,4,0,0,2,2,0,2,2,2,28,6,1, ,1200,1,2, ,1,3,2,4,4,1,4,Hargeysa,2,2,5,5,4
3648,15,0,0,1,0,1,5,10,1,60,2,6, ,500,1,1, ,1,4,1,5,4,1,7,jigjiga yar,2,2,2,4,5
3649,5,0,0,0,0,0,3,3,1,55,2,2, ,900,1,1, ,1,5,1,3,4,1,7,Xero Awr,2,2, , , 
3650,10,1,0,1,3,3,5,5,1,63,7,2, ,500,1,1, ,1,5,1,5,5,1,1,boqol jire,2,2,3,3,2
3652,3,0,1,0,1,1,1,2,2,35,4,2, ,350,1,1, ,1,4,1,3,4,1,4,Hargeysa,2,2,4,3,2
3653,7,0,7,7,2,0,4,3,1,50,4,7,business man,250,1,1, ,1,3,1,3,4,1,6,cabaaye,2,2,3,3,3
3654,8,0,0,1,0,1,6,2,1,64,1,6, ,750,3,3, ,1,5,1,3,4,1,2,Xero awr,2,2,3,3,2
3655,9,0,0,0,0,0,5,4,1,40,6,1, ,400,1,1, ,1,4,1,3,4,1,6,cabaaye,2,2,3,4,3
3656,4,1,0,0,0,0,1,3,2,31,3,6, ,500,1,2, ,1,6,1,5,4,1,9,Warancade Area,2,2,5,4,3
3658,14,3,1,2,1,0,7,7,1,40,3,3, ,200,1,3, ,3,4,1,4,5,1,4,maroodi jeex,2,2,1,1,2
3659,9,1,2,1,2,0,5,4,1,40,7,3, ,200,1,3, ,1,5,1,4,5,1,5,maroidi-jeex,2,2,1,3,2
3660,5,2,0,0,0,0,2,3,1,30,6,1, ,500,1,1, ,1,4,1,4,5,1,2, ,2,2,3,3,4
3661,8,3,1,0,1,1,3,5,2,60,7,2, ,200,1,1, ,1,5,0,4,1,1,3,pipsiga,2,2, , , 
3663,7,0,0,0,0,0,4,3,1,56,2,1, ,250,1,3, ,1,4,1,4,4,1,2,26 june,2,2,3,3,2
3664,7,0,0,0,3,1,7,1,1,67,6,1, ,700,1,1, ,1,9,1,5,5,1,7, ,2,2,2,4,3
3665,13,1,0,2,1,2,7,6,1,60,2,4, ,300,1,3, ,1,5,1,4,4,1,2,26 june,2,2,2,3,4
3666,8,3,1,0,1,1,3,5,2,60,7,2, ,200,1,1, ,1,5,1,4,1,1,3,pipsiga,2,2, , , 
3668,15,3,1,1,0,0,9,6,1,55,4,6, ,300,1,2, ,3,5,1,5,4,1,7,jigjiga yar,2,2,2,3,3
3669,9,2,1,1,0,0,5,4,1,49,2,6, ,0,3,1, ,1,3,1,4,4,1,2,26 june,2,2,3,3,2
3670,10,1,0,1,0,0,6,4,1,45,7,1, ,500,1,1, ,1,6,1,4,5,1,7,Gantaalaha,2,2,2,3,3
3672,5,0,0,2,2,1,3,2,2,35,1,2, ,250,1,1, ,1,3,1,3,3,1,8,State house,2,2,3,3,3
3674,12,3,1,9,4,2,6,6,1,58,7,4, ,150,1,1, ,1,3,1,2,4,1,1,isha boorma,2,2,4,1,3
3676,5,0,0,0,0,0,1,4,2,48,4,6, ,1400,1,1, ,1,6,1,4,4,1,3,Faluuja,2,2,3,3,3
3678,5,1,4,4,1,0,3,2,1,41,6,1, ,600,1,1, ,1,5,0,5,4,1,2,Hargeisa,2,2,3,4,4
3679,7,0,0,4,2,1,3,4,2,64,2,2, ,400,1,1, ,1,5,1,3,3,1,4,Cabdi qalaaf,2,2,4,3,1
3680,6,2,1,2,0,1,3,3,1,60,7,4, ,900,1,3, ,2,6,2,5,5,5,7,jigjiga yar,2,2,5,3,5
3684,8,2,1,1,2,1,5,3,1,60,6,2, ,2000,1,2, ,1,2,2,5,5,4,4,iftin,2,2,5,1,3
3685,14,4,10,4,2,0,6,8,1,47,6,1, ,800,1,1, ,1,5,1,5,4,1,2,Hargeisa,2,2,3,3,2
3686,9,0,2,5,2,0,4,5,1,49,8,1, ,740,1,2, ,1,5,1,3,4,1,4,calamada,2,2,5,4,2
3687,11,0,0,1,1,1,6,5,1,60,6,2, ,2500,1,1, ,1,5,1,4,4,1,2,Goljanno,2,2,5,5,4
3688,12,0,12,2,2,1,5,7,1,65,7,2, ,500,1,1, ,1,4,1,4,4,1,2,Harigesa,2,2,3,4,3
3689,14,0,14,12,3,1,6,8,1,55,6,2, ,20,1,1, ,1,5,1,3,4,1,2,Hargeisa,2,2,4,2,2
3690,8,0,0,0,0,0,5,3,2,59,8,4, ,150,1,1, ,3,5,5,3,6,1,2,xero awr,2,2, , , 
3692,3,0,0,2,1,0,2,1,2,50,5,2, ,1000,1,2, ,1,7,1,5,5,1,7, ,2,2,4,5,5
3693,9,0,0,1,0,2,3,6,2,25,6,2, ,350,1,1, ,1,5,1,4,5,1,7,Xarshin,2,2,3,5,3
3695,10,0,0,1,0,1,8,2,1,63,7,6, ,300,1,1, ,1,5,1,4,4,1,1,October,2,2,4,4,2
3696,14,2,1,1,0,1,5,9,1,60,2,6, ,300,1,1, ,1,5,1,2,2,1,7,Gantaalaha,2,2,4,5,3
3697,4,1,0,3,0,0,1,3,1,32,6,7,Truck,1500,1,2, ,1,5,1,4,4,1,2,Xawaadle,2,2,1,3,3
3698,12,0,1,8,2,1,5,7,1,46,3,1, ,1000,1,2, ,3,5,1,3,3,1,2,biyo dhacyga hoose,2,2,2,4,3
3699,8,0,0,3,2,0,5,3,1,58,3,1, ,250,1,3, ,1,3,1,3,3,1,6,sheekh mubaarak,2,2,5,4,3
3700,3,0,0,0,1,0,2,1,1,38,3,1, ,180,1,2, ,1,2,1,3,2,1,3,31 may,2,2,4,3,6
3701,11,2,9,8,5,1,5,6,1,61,6,1, ,500,1,2, ,1,7,1,4,4,1,3, ,2,2,3,4,2
3702,8,0,0,1,0,0,5,3,1,57,6,1, ,500,1,1, ,1,4,1,3,4,1,1,siinay,2,2,3,3,3
3705,6,0,0,0,0,2,1,5,1,87,7,1, ,1000,1,1, ,1,5,1,3,5,1,9,shiraqle area,2,2,5,5,2
3706,13,2,2,2,2,0,6,7,1,45,1,1, ,600,1,1, ,1,6,1,4,5,1,6,new hargeisa,2,2,1,3,2
3707,7,0,0,2,1,0,3,4,2,54,4,6, ,900,1,2, ,1,5,1,5,5,1,3,faluuja,2,2,4,5,2
3708,4,1,1,0,0,0,2,2,1,38,6,1, ,600,1,1, ,1,5,1,4,4,1,7,area xero awr,2,2,5,4,3
3709,7,1,1,2,0,0,4,3,1,60,6,1, ,500,1,1, ,1,5,1,5,5,1,2,26 JUNE,2,2, , , 
3711,9,0,0,1,1,1,3,6,1,60,5,2, ,500,1,1, ,1,6,2,5,1,1,7,Maroodi jeex,2,2,1,1,1
3712,7,1,0,1,0,2,3,4,1,56,1,1, ,300,1,1, ,3,4,1,3,2,1,1,masalaha,2,2,3,2,4
3715,7,5,4,4,0,3,4,3,1,26,4,6, ,500,1,1, ,2,5,4,4,4,1,7,Jigjigayar,2,2,3,5,4
3716,15,2,1,5,2,0,9,6,1,45,7,1, ,1500,1,1, ,1,5,1,4,4,1,7, ,2,2,3,3,1
3718,10,1,0,2,1,1,6,4,2,45,6,7,Islamic,500,1,1, ,1,5,1,4,4,1,2,Xawaadle,2,2,3,3,3
3720,8,0,0,1,2,0,5,3,1,50,6,1, ,300,1,1, ,1,5,1,4,4,1,7,Geerash gacan,2,2,3,3,3
3721,9,2,1,2,2,1,4,5,1,63,6,2, ,300,1,3, ,2,4,2,4,5,1,6,Hargeisa,2,2,5,3,2
3722,7,0,1,6,3,2,3,4,1,60,1,2, ,280,1,3, ,1,4,1,4,4,1,7,Ibrahim koodbuur,2,2,5,3,3
3723,6,1,0,0,0,0,2,4,1,48,2,1, ,360,1,2, ,1,4,1,3,4,1,5,"dumbuluq ,al huda area",2,2,3,4,2
3724,5,0,0,0,0,1,1,4,2,60,2,2, ,800,1,2, ,1,3,1,3,4,1,5,Qudhaac dheer,2,2,3,3,3
3725,13,3,0,1,1,1,8,5,1,60,8,1, ,1000,1,1, ,1,7,1,3,3,1,8,Bada cas,2,2,1,4,4
3726,6,1,1,2,1,0,3,3,1,36,7,1, ,200,1,1, ,1,5,2,3,4,1,2,Xawaadle,2,2,4,4,3
3727,8,2,1,0,0,0,3,5,1,51,7,1, ,600,1,1, ,1,5,1,5,5,1,6,Hargiesa,2,2,4,4,5
3729,8,0,0,1,0,0,3,5,2,53,6,1, ,600,1,2, ,1,5,1,5,5,1,1,masalaha,2,2, , , 
3732,2,0,0,1,1,0,1,1,1,40,1,1, ,300,1,2, ,1,3,1,3,3,1,5,calaamada,2,2,5,3,6
3733,4,0,0,1,0,0,1,3,2,28,6,1, ,300,1,1, ,1,4,0,4,5,1,7,gantaalaha,2,2, , , 
3735,9,1,1,0,1,0,3,6,1,40,1,6, ,250,1,1, ,1,4,1,4,3,1,2,150,2,2, , , 
3736,8,3,1,0,1,1,3,5,2,60,7,2, ,200,1,1, ,1,5,1,4,3,1,3,pipsiga,2,2, , , 
3737,10,2,1,1,1,0,4,6,1,35,1,6, ,200,1,1, ,1,4,1,4,3,1,2,150,2,2, , , 
3738,11,0,3,6,2,0,4,7,1,57,3,2, ,1000,1,1, ,1,7,1,4,4,1,5,qudhacdheer,2,2,2,3,2
3739,8,0,0,1,0,0,3,5,2,53,6,1, ,600,1,2, ,1,6,1,5,5,1,1,masalaha,2,2, , , 
3740,9,2,1,2,0,0,3,6,1,41,1,6, ,250,1,1, ,1,4,1,4,3,1,2,150,2,2, , , 
3741,14,3,5,4,2,0,9,5,1,40,7,1, ,790,1,2, ,3,5,1,3,3,1,2,biyo dhacyga hoose,2,2,2,3,3
3742,8,0,0,0,0,1,3,5,2,70,2,2, ,250,1,1, ,1,3,1,4,3,1,2,goljano,2,2,3,3,3
3743,8,0,0,1,0,0,3,5,2,53,6,1, ,600,1,2, ,1,6,1,5,5,1,1,masalaha,2,2, , , 
3744,7,2,1,1,1,0,2,5,1,35,1,6, ,250,1,1, ,1,4,1,4,3,1,2,150,2,2, , , 
3745,5,1,1,0,0,0,1,4,1,50,1,6, ,200,1,1, ,1,4,1,4,3,1,2,150,2,2, , , 
3746,4,1,2,0,0,0,1,3,1,30,1,6, ,15,1,1, ,1,4,1,4,3,1,2,150,2,2, , , 
3747,8,2,2,1,3,0,4,4,1,50,4,2, ,800,1,2, ,1,5,1,4,4,1,5,district,2,2,3,3,3
3748,11,1,1,0,1,1,5,6,1,60,8,6, ,300,1,1, ,1,4,1,6,6,1,9,kaah area,2,2,3,4,6
3749,5,1,0,0,0,0,2,3,1,28,1,1, ,200,1,1, ,1,4,1,4,3,1,2,150,2,2, , , 
3751,6,1,1,0,1,0,2,4,1,35,1,1, ,250,1,1, ,1,4,1,4,3,1,2,150,2,2, , , 
3752,8,1,0,1,0,0,4,4,1,43,3,1, ,300,1,1, ,1,4,1,4,4,1,2,26 june,2,2,4,4,2
3754,7,1,0,1,1,0,2,5,1,65,6,2, ,300,1,2, ,1,4,1,5,5,1,9,kaah,2,2, , , 
3755,14,1,1,1,3,1,7,6,1,46,5,2, ,600,1,1, ,1,6,1,5,5,1,7,ibrahim koodbuur,2,2,3,3,2
3756,7,1,1,1,1,0,3,4,1,35,1,1, ,250,1,1, ,1,4,1,4,3,1,2,150,2,2, , , 
3763,9,2,1,3,4,1,4,5,1,60,6,1, ,3000,2,2, ,1,6,2,4,5,1,3,Isha boorama,2,2,5,2,1
3765,3,0,0,1,1,0,1,2,2,40,6,1, ,2000,1,1, ,1,6,1,5,4,1,7, ,2,2,3,2,3
3766,8,0,0,0,0,1,4,4,2,45,4,2, ,500,1,3, ,1,6,1,5,4,1,7,jigjig yar,2,2,3,5,4
3767,10,1,0,4,2,0,6,4,1,50,1,1, ,10,1,1, ,1,1,1,3,1,2,9,dabaqabad,2,2,5,3,1
3768,6,0,6,5,2,6,5,5,1,60,6,1, ,500,3,3, ,1,4,3,3,4,1,6,gacan libaax,2,2,3,2,2
3769,3,0,0,0,0,0,1,2,1,31,1,1, ,390,1,2, ,1,3,1,5,5,1,1,october,2,2,5,5,5
3770,10,0,0,1,0,0,3,7,1,45,4,1, ,800,1,2, ,3,5,1,4,4,1,5,qudhac dheer,2,2,5,4,4
3771,6,2,0,2,2,0,3,3,1,35,6,1, ,400,1,2, ,1,6,1,4,4,1,2,150,2,2,4,5,2
3773,15,3,5,4,3,0,5,10,1,55,4,1, ,800,1,1, ,2,6,1,4,4,1,1,masalaha,2,2,4,4,4
3776,6,0,0,1,0,0,2,4,2,45,3,6, ,2000,1,1, ,1,5,1,3,4,1,3,Faluuja,2,2,3,3,3
3777,11,0,0,6,2,0,8,3,1,41,3,2, ,500,1,1, ,1,6,1,5,5,1,1,masalaha,2,2,4,3,5
3778,6,0,1,3,2,0,3,3,2,43,4,2, ,600,1,1, ,1,5,1,4,4,1,7,Ex.control,2,2, , , 
3779,8,0,0,0,0,0,4,4,2,54,3,6, ,800,1,1, ,1,5,1,5,4,1,2,Xawaadle,2,2,1,5,3
3780,10,2,2,5,3,0,5,5,1,35,4,7,driver car &teacher,500,1,1, ,1,5,1,5,4,1,3,31ka May near ibnu Qasim primary,2,2,4,4,2
3781,11,0,2,0,0,0,3,8,1,55,6,2, ,900,1,1, ,1,5,2,5,4,1,5,masalaha,2,2,1,3,3
3782,5,1,2,1,1,0,3,2,1,50,3,4, ,150,1,2, ,2,3,1,2,2,1,6,Hargeysa,2,2,4,3,2
3783,10,0,5,4,1,0,5,5,2,42,1,3, ,200,1,1, ,1,5,1,4,3,1,8,redsea,2,2,3,3,3
3784,8,0,0,0,0,0,3,5,2,45,7,1, ,500,1,1, ,1,5,0,5,5,1,2,Geed gobleh,2,2,3,4,4
3785,7,0,1,1,0,0,4,3,2,42,3,1, ,300,1,2, ,1,4,1,3,3,1,6,Sheekh madar,2,2,5,3,2
3786,7,0,1,1,0,0,2,5,2,40,6,2, ,200,1,2, ,1,5,0,5,5,1,5,Xidigat,2,2,3,4,3
3787,10,0,0,1,0,2,4,6,2,70,1,6, ,500,1,1, ,1,5,1,4,4,1,8,Badda cas,2,2,4,4,2
3788,7,2,1,0,0,0,5,2,1,42,6,2, ,2000,1,2, ,1,4,1,4,4,1,1,october,2,2,5,4,3
3789,5,0,0,1,1,0,3,2,2,40,6,2, ,500,1,2, ,1,6,1,4,4,1,7,ganad,2,2,5,3,6
3790,7,2,3,1,1,0,3,4,1,34,3,1, ,200,1,2, ,1,2,1,3,3,1,5,Cuqubo,2,2,4,3,2
3792,6,1,0,0,0,0,2,4,1,40,1,4, ,450,1,2, ,1,3,1,3,3,1,2,26 june,2,2,3,4,2
3793,10,0,0,1,1,0,4,6,1,45,6,2, ,2500,1,1, ,1,8,1,4,4,1,7,Jigjigayar,2,2,4,5,5
3794,9,3,6,6,2,2,7,2,1,20,6,5, ,600,1,1, ,1,6,1,4,4,1,3,Birish liclic,2,2,3,6,3
3795,8,0,0,4,0,0,3,5,1,58,1,6, ,500,2,2, ,1,3,1,3,4,1,4,star supermarket,2,2,3,3,2
3796,4,0,0,0,1,1,2,2,1,63,2,7,Retired,1000,1,1, ,1,6,1,4,4,1,6,Dalloodho,2,2, , , 
3797,6,0,1,3,2,0,3,3,2,43,4,2, ,600,1,1, ,1,5,1,4,4,1,7,Ex.control,2,2,3,4,2
3798,9,0,0,2,2,1,6,5,2,60,4,2, ,1000,1,1, ,1,5,1,3,3,1,9,kaah area,2,2,3,5,2
3799,6,0,6,6,1,1,3,3,2,60,6,1, ,1200,1,1, ,1,5,1,3,3,1,7,koodbuur,2,2,3,3,3
3800,6,1,0,0,0,1,3,3,1,40,6,1, ,300,1,2, ,1,2,1,3,4,1,2,Hawadle,2,2,2,2,1
3801,8,0,0,0,0,0,3,5,1,53,4,1, ,500,1,2, ,1,5,1,3,3,1,2,Dalloodho,2,2, , , 
3802,8,0,8,5,2,0,4,4,1,45,4,1, ,380,1,2, ,1,4,1,4,4,1,2,Xawaadle,2,2,3,3,4
3803,8,0,2,4,2,0,3,5,1,56,4,1, ,580,1,1, ,1,5,1,4,4,1,5,Qudhacdheer,2,2,3,3,2
3804,5,1,1,1,2,0,2,3,1,35,5,1, ,500,1,2, ,1,5,1,5,5,1,1,masalaha,2,2,5,3,3
3805,6,1,2,2,1,0,3,3,1,39,6,1, ,300,1,2, ,1,4,1,3,4,1,1,Badhka-Sare,2,2,3,2,2
3806,10,6,3,4,2,1,6,4,1,20,4,2, ,400,1,3, ,1,5,4,5,3,1,5, ,2,2,2,4,4
3807,9,2,0,0,3,0,1,7,2,38,6,2, ,700,1,1, ,1,4,1,5,5,1,7,Jigjiga yarn,2,2,2,4,1
3808,8,0,0,2,4,2,5,3,1,60,3,1, ,400,1,1, ,1,6,1,4,4,1,6,Cabaaaye,2,2,3,3,3
3810,6,0,0,3,1,2,3,3,1,62,3,2, ,750,1,1, ,1,5,1,5,4,1,1,october,2,2,3,4,3
3811,3,0,0,1,1,1,1,2,1,60,7,2, ,0,1,1, ,1,8,1,4,6,1,2,dosent live in a village,2,2,4,3,6
3812,4,0,4,4,1,1,3,1,2,30,6,1, ,600,1,1, ,1,5,1,3,3,1,1,haflondon,2,2,3,3,3
3813,12,4,1,0,0,0,6,6,1,42,4,2, ,800,1,1, ,1,4,1,3,5,1,9,Masjid tabliiq,2,2,3,3,3
3815,6,0,0,2,0,0,1,5,1,55,6,1, ,400,1,3, ,1,3,0,3,5,1,5,Xidigta,2,2,3,3,3
3817,5,1,1,1,2,0,2,3,1,37,7,2, ,450,1,2, ,1,5,1,5,5,1,9,Macallin Haaruun,2,2,4,6,6
3818,9,0,0,1,3,0,4,5,1,50,3,2, ,300,1,1, ,1,4,1,3,4,1,5,oktober,2,2,3,4,2
3819,12,0,0,0,0,0,7,5,1,51,4,1, ,700,1,1, ,3,5,1,4,3,1,1,sinay,2,2,4,3,1
3820,10,2,1,8,2,0,5,5,1,52,4,2, ,500,3,3, ,1,7,1,4,4,1,7,JIGJIGYAR,2,2,3,4,3
3823,5,2,0,1,0,1,5,2,1,26,1,2, ,1200,1,1, ,1,6,1,4,1,1,2,cabaaye,2,2,3,5,5
3824,6,1,1,1,1,1,2,3,2,35,1,1, ,150,1,1, ,1,3,1,3,3,1,8,State house,2,2,3,3,3
3825,8,0,0,1,1,0,4,4,2,42,4,2, ,600,1,1, ,1,6,1,5,4,1,8,bada cas,2,2,3,5,5
3826,8,0,8,6,2,2,4,4,2,70,6,2, ,2000,1,1, ,1,5,1,5,5,1,8, ,2,2,2,3,3
3827,11,2,1,0,0,1,4,7,1,60,2,7,Driver,100,1,3, ,1,6,1,4,3,1,2, ,2,2,3,3,2
3828,12,0,0,2,1,0,5,7,2,43,5,2, ,3000,1,1, ,1,12,1,4,3,1,7,hero-Awr,2,2,3,3,2
3829,15,0,0,1,0,2,5,10,2,42,4,2, ,400,1,1, ,1,3,0,4,3,1,2,Xero awar,2,2,2,3,3
3830,5,1,4,2,1,0,1,4,1,50,6,7,The head person is outside the country,1500,1,2, ,1,6,1,5,4,1,9,Shiraaqle,2,2,4,5,3
3831,4,0,0,0,0,0,3,1,2,23,6,6, ,200,1,2, ,1,2,1,3,4,1,2,Hawadle,2,2,4,2,1
3832,8,0,8,5,2,1,3,5,2,38,4,1, ,1000,1,2, ,1,4,1,5,4,1,2,goljano,2,2,4,4,3
3834,13,1,1,1,1,0,10,3,1,40,7,1, ,600,1,1, ,1,6,1,5,5,1,7,buurta kala jeexan,2,2,4,4,2
3835,14,0,5,18,0,0,8,6,1,57,6,1, ,600,1,2, ,1,5,1,5,5,1,5,Xidigta,2,2,3,4,5
3837,4,1,1,2,0,0,2,2,1,30,6,7,teacher,200,1,2, ,1,3,1,4,4,1,3,Ayax,2,2,4,3,3
3838,3,1,2,2,0,0,2,1,1,24,6,1, ,160,1,3, ,1,2,1,3,5,1,3,isha boorma,2,2,5,4,2
3839,8,0,0,4,1,0,5,2,1,35,5,2, ,700,1,1, ,1,5,1,5,4,1,2,Hargeisa,2,2,3,3,4
3844,6,0,0,5,1,0,3,3,1,50,6,2, ,300,1,1, ,1,4,1,5,3,1,5,calamada,2,2,4,5,3
3846,10,0,1,6,1,2,3,7,1,65,6,2, ,1200,1,3, ,1,5,1,5,5,1,7,Jigjiga yar,2,2,5,3,1
3847,7,0,0,5,2,0,2,5,2,46,4,6, ,800,1,1, ,1,5,1,4,3,1,1,Masalaha,2,2,4,4,2
3849,15,2,1,2,3,1,6,9,1,50,7,2, ,3000,1,3, ,3,6,1,4,3,1,2,26june,2,2,3,3,3
3850,12,3,1,2,1,0,5,7,1,35,6,1, ,250,1,3, ,1,8,1,3,3,1,6,sh. nuur,2,2,3,1,3
3851,9,0,0,0,0,1,4,5,1,68,6,1, ,1000,1,1, ,1,7,1,5,5,1,7,Jigjiga yar,2,2,5,4,2
3852,6,2,0,0,0,0,4,2,1,45,1,2, ,100,1,2, ,1,1,2,2,3,1,2,Xero awar,2,2,3,1,3
3853,14,14,14,14,11,2,13,1,1,35,6,3, ,1000,2,1, ,2,5,1,4,3,1,2,xeroawr,2,2,3,3,2
3854,5,0,5,3,2,1,3,2,1,66,6,7,Doctor,500,1,1, ,2,5,1,4,4,1,9,Shiraaqle,2,2,3,4,2
3855,9,0,0,1,1,0,5,4,1,49,6,2, ,1000,1,1, ,1,6,1,4,4,1,2,Daloodho,2,2,3,3,3
3858,8,2,1,1,1,0,3,5,1,56,6,2, ,150,1,1, ,1,5,1,3,3,1,2,Idaacada,2,2,4,3,1
3859,10,0,1,7,2,0,6,4,1,50,6,2, ,1500,1,3, ,1,6,1,3,4,1,7,Jigjiga yar,2,2,5,4,3
3861,8,1,7,3,2,0,3,5,1,41,4,6, ,0,1,3, ,1,6,1,2,3,1,7,jigjigayar,2,2,4,3,6
3862,9,4,3,2,0,0,4,5,1,30,1,7,tailor,100,1,2, ,1,2,1,4,3,1,3,isha boorama,2,2,3,3,6
3864,10,1,1,0,0,1,5,5,1,60,6,1, ,600,1,1, ,1,4,1,3,3,1,5,Jameeco wayn,2,2,3,4,3
3865,11,1,2,3,2,0,6,5,2,34,6,7,doctor,500,1,1, ,1,5,1,5,5,1,5,qudhac dheer,2,2, , , 
3866,6,6,6,4,0,0,2,4,2,20,6,2, ,500,1,1, ,2,5,1,4,3,1,7,koodbur,2,2,1,3,2
3867,4,2,0,0,0,0,3,1,1,40,7,1, ,300,1,2, ,1,5,1,3,4,1,2,150,2,2, , , 
3868,7,0,0,3,2,0,5,2,1,55,6,4, ,400,2,1, ,2,4,1,3,2,1,2,Arabsiyo,2,2,5,3,3
3871,12,0,1,9,2,1,6,6,1,80,6,3, ,850,1,1, ,3,6,2,3,3,1,7,Jigjiga yar,2,2,4,5,3
3872,8,0,0,0,1,0,5,3,1,53,6,2, ,1200,1,1, ,1,7,1,5,4,1,7,Jigjigayr,2,2,3,4,3
3873,9,1,0,0,1,1,5,4,1,52,3,3, ,200,1,2, ,1,4,1,2,3,1,2,150 street,2,2,3,4,2
3874,6,0,0,0,1,1,4,2,1,62,7,1, ,300,1,1, ,1,6,1,3,4,1,7,jigjiga yar,2,2,3,3,4
3875,6,1,2,3,0,0,3,3,2,28,6,1, ,900,1,1, ,1,4,1,5,5,1,1,Masalaha,2,2,5,5,5
3876,6,1,0,4,2,0,2,4,1,59,7,2, ,700,1,1, ,1,4,1,4,5,1,6,Sheikh Nour,2,2,5,3,3
3877,8,0,8,8,2,0,5,3,1,45,6,1, ,1000,1,2, ,1,7,1,4,4,1,6,Ugaaso,2,2,3,4,4
3878,14,1,0,1,1,0,8,7,1,54,6,6, ,1000,1,1, ,1,8,1,3,3,1,7,hero  awr,2,2,3,3,3
3879,12,0,0,10,0,2,7,5,1,67,7,1, ,0,1,1, ,2,5,1,4,4,1,5,Shacabka,2,2,2,3,1
3880,6,0,2,1,1,2,2,4,1,63,7,1, ,200,1,1, ,1,4,1,4,4,1,2,26 june,2,2,3,3,3
3881,13,1,0,0,0,0,6,7,1,55,3,2, ,500,1,1, ,1,6,1,3,4,1,1,Stadium area,2,2,3,4,3
3882,7,0,0,0,1,1,3,1,2,45,2,6, ,300,1,1, ,1,4,1,4,3,1,1,October,2,2,4,4,3
3884,7,2,1,1,2,0,4,3,1,39,2,2, ,250,1,3, ,1,2,1,5,5,1,5, ,2,2,5,4,3
3885,4,1,3,3,1,0,1,3,2,38,4,6, ,150,1,1, ,1,4,1,4,4,1,1,Hargeisa,2,2,4,2,2
3886,5,0,5,5,3,2,3,2,1,30,6,2, ,400,1,1, ,1,5,1,3,4,1,3,Biriliclic,2,2,3,3,1
3887,5,3,1,2,1,0,3,2,1,36,2,1, ,300,1,1, ,1,4,1,4,4,1,1,isha boorma,2,2,3,1,4
3888,8,0,0,0,0,0,5,3,2,59,8,6, ,300,1,2, ,3,5,4,4,6,1,2,xero awr,2,2,3,4,3
3889,8,0,0,3,3,2,3,5,1,39,5,1, ,500,1,3, ,1,7,1,5,4,1,2,dahabshiil,2,2,2,4,3
3891,4,0,0,1,0,0,2,2,1,57,4,1, ,0,1,1, ,3,3,1,4,4,1,4,dont live in one,2,2,5,4,6
3892,16,3,1,7,3,1,6,10,1,47,4,2, ,1500,1,2, ,1,6,1,4,5,1,6,150 street,2,2,4,3,3
3894,15,0,1,1,0,3,7,6,2,78,1,2, ,220,1,3, ,1,4,1,4,3,1,1,hargaisa,2,2,3,2,2
3895,10,0,0,1,0,0,5,5,1,56,4,1, ,500,1,1, ,1,6,1,3,4,1,2,Xero Awr,2,2, , , 
3896,4,1,1,1,1,0,2,2,2,40,6,1, ,500,1,2, ,1,5,1,4,4,1,7,hargeysa,2,2,4,4,3
3897,2,0,0,0,0,0,1,1,1,24,6,1, ,300,1,1, ,1,3,1,3,3,1,5,Qudhaac dheer,2,2,4,3,3
3898,9,1,1,2,0,0,5,4,1,50,4,2, ,1500,1,1, ,1,5,1,5,5,1,7,jigjigayar,2,2,4,3,1
3899,6,0,0,2,2,0,4,2,1,48,6,1, ,300,1,1, ,1,7,1,5,5,1,7,Geerash gacan,2,2,3,4,3
3900,10,0,1,2,0,0,6,4,1,50,5,1, ,500,1,3, ,1,4,1,4,4,1,7,jigjiga yar,2,2,3,3,3
3901,4,0,0,0,1,0,3,1,1,35,6,1, ,750,1,2, ,1,5,1,3,5,1,6,150,2,2,3,5,3
3902,8,2,4,0,2,0,3,5,1,37,7,1, ,1200,1,1, ,1,5,1,4,4,1,5, ,2,2,3,4,2
3903,7,0,0,0,0,0,4,3,1,49,6,1, ,1500,1,1, ,1,6,1,5,5,1,2,Xawaadle,2,2,5,3,4
3904,14,1,3,6,4,0,8,6,1,56,8,1, ,1200,1,1, ,1,6,1,4,4,1,7,Boqol jire,2,2,4,4,2
3909,9,1,0,0,1,0,7,2,1,50,6,7,construction,50,1,1, ,1,4,1,2,1,1,1,masalaha galbeed,2,2,5,3,2
3910,5,0,0,2,1,0,3,2,2,38,7,5, ,600,1,2, ,1,5,1,5,4,1,2,Hargeisa,2,2,4,4,5
3911,4,3,1,4,2,0,6,4,1,20,7,1, ,350,1,3, ,1,4,1,4,5,1,5,caadi ah,2,2,5,5,5
3912,7,3,0,1,1,2,2,5,2,28,6,7,shop owner,450,1,1, ,1,4,1,3,2,1,3,xaafadaha jamacada,2,2,4,3,1
3913,4,0,4,4,3,1,2,2,2,60,3,6, ,250,1,1, ,1,5,1,3,3,1,2,xawaadle,2,2,3,2,3
3914,11,0,3,6,2,0,5,6,1,50,4,1, ,600,1,1, ,1,5,1,5,4,1,7,jigjiga yar,2,2,4,4,4
3915,7,0,0,4,0,0,4,2,2,55,2,2, ,800,1,1, ,1,7,1,5,5,1,8,G+0,2,2,3,4,4
3916,2,0,0,0,0,0,1,1,1,32,3,1, ,500,1,1, ,1,4,1,4,5,1,1,libaaxyada,2,2,3,3,3
3917,11,0,0,1,0,0,4,7,2,54,4,2, ,400,1,3, ,3,4,1,3,3,1,1,half london,2,2,1,4,6
3918,2,0,0,0,0,0,1,1,2,42,1,2, ,200,1,2, ,1,2,1,3,3,1,6,sheekh nuur/kilalka,2,2,4,3,1
3921,6,0,0,2,2,0,5,1,1,57,5,1, ,1000,1,2, ,1,4,1,2,3,1,2,Idaacada,2,2,5,2,3
3922,8,2,3,1,2,0,4,4,1,39,6,1, ,200,1,1, ,1,4,1,3,3,1,1,Siinay,2,2,4,2,2
3923,6,0,0,0,0,2,5,1,2,65,2,2, ,500,1,1, ,1,4,1,5,5,1,3,ishaborama,2,2,3,5,3
3924,17,0,1,1,0,0,8,9,1,53,1,4, ,1200,1,1, ,1,6,1,4,4,1,1,Siinay,2,2,4,3,3
3925,12,2,0,1,1,1,5,7,1,61,2,2, ,320,1,2, ,1,4,1,3,3,1,2,150,2,2,3,4,1
3926,6,0,0,0,3,2,1,5,2,79,1,6, ,500,1,1, ,1,5,1,5,5,1,6,libaaxyada,2,2,1,4,1
3927,8,0,0,1,2,0,3,2,1,32,7,2, ,2000,1,1, ,1,6,1,4,3,1,3,Pepsi,2,2,2,1,3
3928,10,0,10,7,4,0,5,5,1,54,4,4, ,1500,1,1, ,1,6,1,4,4,4,3,pepsiga,2,2,4,3,4
3929,14,1,3,6,4,0,8,6,1,57,1,7,Cultural leader,2700,1,1, ,1,7,1,5,4,1,7,Boqol jire,2,2,4,4,2
3930,10,2,2,4,2,0,5,5,1,40,4,1, ,850,1,2, ,1,6,1,3,4,1,4,dara salaam,2,2,1,3,3
3931,6,3,0,2,6,1,8,3,1,50,6,1, ,500,1,1, ,1,4,3,3,4,1,2,Hargeisa,2,2,3,4,4
3932,7,3,0,0,1,0,3,4,1,34,7,1, ,500,1,1, ,1,5,1,3,5,1,5,star area,2,2,3,4,2
3933,6,1,6,4,3,1,4,2,1,60,7,5, ,200,3,1, ,2,4,1,3,3,2,6,gacan libaax,2,2,3,2,3
3934,11,4,1,1,2,0,5,6,1,50,6,2, ,0,1,1, ,1,6,1,5,4,1,2,dont live in a village,2,2,1,3,6
3935,8,1,1,4,2,0,6,2,1,55,5,1, ,900,1,1, ,1,5,1,4,5,1,1,siinay,2,2,5,5,3
3936,8,1,1,2,2,2,4,4,1,61,4,1, ,300,1,2, ,1,4,1,4,4,1,2,magaalo ugaaso,2,2,3,3,3
3937,4,0,4,4,2,1,1,1,2,62,8,3, ,280,1,1, ,1,5,5,3,3,1,7,Gantalaha,2,2,3,2,4
3938,10,1,0,0,0,0,4,6,1,45,4,1, ,300,1,2, ,1,4,1,4,4,1,6,150 ka,2,2,3,2,2
3939,10,0,0,2,0,0,5,5,1,55,4,1, ,100,1,1, ,1,4,4,4,4,1,3,Biibsi,2,2,4,4,4
3940,12,1,2,3,2,1,7,5,1,35,6,4, ,800,2,2, ,3,7,1,4,6,1,7,Sacadadiin,2,2,3,3,3
3941,10,0,2,5,1,2,4,6,2,72,2,6, ,800,1,1, ,1,5,1,3,4,1,7,Bada_cas,2,2,3,4,3
3942,3,1,1,1,0,0,2,1,2,30,1,1, ,100,1,1, ,1,2,1,3,2,1,2,150,2,2,3,4,2
3943,3,0,0,0,1,0,2,1,2,40,4,2, ,1000,1,1, ,1,7,1,4,4,1,7,Hargeisa,2,2,3,4,4
3944,10,3,1,2,0,1,8,2,1,60,6,2, ,400,1,3, ,1,6,1,5,4,1,7,jigjiga yar,2,2,3,3,4
3945,6,0,0,1,2,0,2,4,1,50,6,1, ,320,1,1, ,1,5,1,4,4,1,7,Geerash gacan,2,2,3,3,4
3948,5,0,0,0,1,0,2,3,1,35,4,1, ,300,1,1, ,1,5,1,3,5,1,7,xero awr,2,2,4,4,2
3949,16,1,4,8,3,1,7,9,1,57,6,1, ,1000,1,1, ,1,7,1,3,4,1,2,Idaacada,2,2,4,4,2
3950,4,0,0,0,2,1,1,3,1,38,6,1, ,510,1,1, ,1,4,1,3,3,1,5,Qudhacdheer,2,2,3,4,2
3951,8,0,0,5,2,1,3,5,1,45,1,1, ,550,1,3, ,1,5,1,3,3,1,4,bofhari,2,2,3,1,5
3952,8,1,0,1,0,1,4,4,1,65,1,1, ,500,1,1, ,1,5,1,4,4,1,4,cabdi qalaaf,2,2,4,3,6
3953,9,2,3,2,1,1,4,5,1,61,6,1, ,650,1,1, ,1,6,1,5,4,1,2,Idaacada,2,2,3,3,2
3955,10,0,1,1,0,1,3,7,1,56,4,2, ,1500,1,1, ,1,5,1,4,3,1,7,Jigjiga yar,2,2,4,4,4
3956,4,0,0,2,2,0,1,3,1,36,6,6, ,300,1,1, ,1,4,1,4,4,1,3, ,2,2,3,3,3
3957,3,1,0,0,0,1,0,3,2,57,6,2, ,500,3,3, ,1,5,8,5,4,1,8,hargeisa,2,2,2,3,3
3961,8,3,2,2,2,1,3,5,2,60,6,3, ,300,3,1, ,1,6,1,3,3,1,3,31 may,2,2,3,2,3
3962,9,0,0,0,0,1,5,4,2,55,6,2, ,500,1,1, ,1,4,1,4,5,1,1,October,2,2,5,5,5
3963,10,0,0,4,4,1,4,6,1,54,5,6, ,1500,1,1, ,1,6,1,4,4,1,3,pepsiga,2,2,4,4,4
3964,2,0,0,0,0,0,1,1,1,23,6,1, ,200,1,2, ,1,3,1,4,4,1,5,sabaxared,2,2,3,5,4
3965,15,1,0,1,4,2,7,8,1,67,6,2, ,6000,1,1, ,1,7,1,4,5,1,9,Masjid tabliiq,2,2,3,5,4
3966,13,0,0,1,2,1,6,7,1,70,7,2, ,400,2,1, ,2,5,1,4,3,1,3,hargeisa,2,2,3,3,4
3967,8,0,0,0,0,0,3,5,1,58,4,7,Police officer,350,1,1, ,1,7,1,3,3,1,1,half london,2,2,2,4,2
3968,6,0,0,2,2,0,3,3,1,38,6,1, ,600,1,2, ,1,3,1,3,3,1,2,Daruuraha,2,2,5,4,2
3969,5,0,0,1,0,0,1,4,2,42,2,2, ,350,1,1, ,1,2,1,4,4,1,3,ishaborama,2,2,3,3,3
3970,9,1,0,1,0,0,5,4,1,49,6,2, ,2500,1,1, ,1,7,1,5,5,1,5,dont live in a village,2,2,2,4,2
3971,6,0,0,0,0,0,3,3,2,53,2,7, ,1000,1,1, ,1,5,1,5,5,1,1,siinay,2,2,2,3,3
3972,8,2,1,0,2,0,3,5,1,45,4,1, ,200,1,1, ,3,3,1,4,4,1,2,150,2,2,3,5,2
3973,12,0,1,6,0,0,2,10,1,45,1,1, ,500,1,1, ,1,5,1,3,4,1,3,Pepsi,2,2,4,4,4
3974,5,2,0,3,0,0,2,3,2,32,4,2, ,500,1,2, ,1,3,1,4,4,1,7,jigjiga yar,2,2,2,4,3
3975,14,0,2,4,6,2,5,9,1,50,2,2, ,100.2,1,1, ,1,5,1,2,2,1,3, ,2,2,3,3,6
3976,7,0,1,1,3,1,3,3,1,68,6,2, ,300,1,1, ,1,3,1,4,4,1,6,hargeisa,2,2,4,3,3
3977,6,1,0,0,0,0,2,6,1,36,6,1, ,600,1,2, ,1,5,1,5,4,1,2,Xawaadle,2,2,4,2,1
3978,8,0,0,1,0,0,4,4,1,55,3,1, ,500,1,2, ,1,4,1,3,4,1,2,cabaaye,2,2,3,4,3
3980,4,1,0,0,1,0,4,1,1,40,7,2, ,450,2,1, ,2,6,1,5,3,1,7,hargeisa,2,2,3,3,3
3981,8,0,0,0,0,0,2,6,1,58,4,2, ,1000,1,1, ,1,8,1,4,4,1,7,Xero awr,2,2,4,3,3
3982,6,1,0,2,0,0,1,5,1,28,7,1, ,600,3,2, ,3,4,1,2,2,1,7,Jigijiga yar,2,2,3,3,3
3984,4,1,1,0,2,0,2,2,1,45,6,2, ,400,1,3, ,1,4,1,5,4,1,2,Idaacada,2,2,5,3,4
3986,8,0,0,0,0,1,4,4,1,45,5,1, ,1500,1,1, ,1,6,1,4,4,1,7,jigjigayar,2,2, , , 
3988,6,0,0,3,3,0,5,1,1,55,5,1, ,400,1,1, ,1,5,1,4,4,1,1,birjeex,2,2,4,5,3
3989,11,1,10,7,1,1,6,5,1,61,6,1, ,400,1,1, ,1,5,1,4,5,1,2,Hargeisa,2,2,4,3,3
3991,9,0,0,8,0,1,6,3,2,62,1,1, ,600,1,1, ,1,4,1,5,3,1,7,gantaalaha,2,2,3,3,3
3995,13,1,0,1,0,0,5,8,1,50,6,2, ,600,1,1, ,1,5,1,4,4,1,7,Jigjigayar,2,2,3,3,4
3997,8,1,0,3,3,1,4,4,2,60,6,2, ,200,1,2, ,1,4,1,3,4,1,3, ,2,2,3,4,6
3998,7,0,0,0,0,0,3,4,2,47,4,2, ,1500,1,2, ,1,6,1,4,4,1,5,Hargysa,2,2,3,3,3
3999,8,3,2,0,1,0,3,5,1,29,4,1, ,180,1,2, ,1,3,1,3,5,1,1,badhka village,2,2,3,3,2
4001,6,1,0,0,0,0,3,3,1,30,6,7,UNIVERSITY,500,1,1, ,1,6,1,4,3,1,1, ,2,2,4,3,2
4002,12,0,0,1,2,0,6,6,1,50,6,2, ,350,1,1, ,1,5,1,5,5,1,7,Geerash gacan,2,2,3,4,3
4003,25,0,0,1,1,0,13,12,1,55,6,2, ,0,1,1, ,1,8,1,5,4,1,2,dont live in a village,2,2,2,3,6
4004,8,0,0,1,1,0,4,4,1,50,7,1, ,3000,3,1, ,1,5,1,4,3,1,4,Mohamed mooge,2,2,1,1,1
4005,4,0,1,2,1,0,3,1,1,25,6,1, ,580,1,1, ,1,4,1,5,5,1,1,siinay,2,2,3,3,3
4006,10,0,0,0,1,1,5,5,2,65,1,2, ,200,1,1, ,1,3,0,3,4,1,7,jigjigayar,2,2,3,3,6
4008,18,1,4,0,0,0,7,11,2,54,2,6, ,500,1,2, ,1,7,1,3,3,1,1,half london,2,2,2,3,6
4009,7,1,2,1,0,0,2,5,1,41,7,1, ,940,1,1, ,1,6,1,4,4,1,7,Jig-jiga yar,2,2, , , 
4010,12,3,1,1,0,1,4,8,1,39,6,1, ,5000,1,2, ,3,7,0,3,5,1,2,150,2,2,3,4,6
4011,9,1,3,3,2,0,5,4,1,50,4,4, ,1200,1,1, ,1,6,1,4,4,1,6,Dhagasayn,2,2,4,3,1
4013,9,0,0,6,2,1,6,3,1,57,6,1, ,900,1,1, ,1,5,1,5,4,1,7, ,2,2,3,4,2
4014,13,4,1,9,5,0,7,6,1,56,6,1, ,500,1,1, ,1,6,1,4,3,1,1,isha boorma,2,2,4,1,4
4015,8,5,1,4,1,2,2,6,2,47,4,6, ,800,1,3, ,1,6,1,5,5,1,5,calamada,2,2,3,5,3
4016,4,0,0,1,2,0,2,2,1,36,7,1, ,300,1,2, ,1,1,1,3,3,1,7,Ibrahim Korbut,2,2,3,3,3
4017,17,0,4,10,1,2,3,14,1,68,6,2, ,800,1,1, ,1,8,1,5,5,1,8,bada cas,2,2,4,4,6
4018,4,0,0,1,2,1,2,2,2,61,1,2, ,300.35,1,1, ,1,5,1,4,4,1,3, ,2,2,2,3,6
4019,7,0,0,5,2,0,2,5,2,45,4,6, ,900,1,1, ,1,5,1,4,4,1,1,masaleh,2,2,5,4,4
4021,6,2,1,1,0,0,4,2,1,45,7,2, ,2000,1,1, ,1,6,1,5,4,1,6,hargaisa,2,2,2,1,4
4022,8,0,0,1,0,0,4,4,1,52,3,1, ,600,1,1, ,1,3,2,4,4,1,2,Geedgoble,2,2,3,3,3
4023,8,3,1,2,2,0,3,5,1,35,6,1, ,500,1,1, ,3,4,0,3,3,1,7,Xero awr,2,2,4,2,4
4024,7,3,2,0,2,0,4,3,1,42,3,2, ,600,1,1, ,1,5,1,5,4,1,1,isha boorma,2,2,4,1,4
4025,14,4,0,1,1,0,6,8,1,63,1,2, ,800,1,1, ,1,9,1,5,4,1,5,star area,2,2,5,4,2
4026,7,2,1,2,2,0,4,3,1,57,3,6, ,350,1,1, ,1,5,1,4,4,1,2,Idaacada,2,2,4,4,3
4027,12,0,0,0,5,2,9,3,2,70,2,6, ,1000,1,1, ,1,10,1,4,5,1,7,qunyar daga,2,2,3,4,3
4032,13,2,2,7,1,1,8,5,1,70,3,1, ,250,1,1, ,1,5,1,4,4,1,8,Ex control,2,2,3,4,2
4033,9,0,0,0,0,1,3,6,2,55,6,2, ,400,1,1, ,1,5,1,4,3,1,3,isha-borama,2,2,4,3,3
4034,10,3,1,0,2,0,4,6,1,40,7,1, ,500,1,2, ,3,4,1,4,3,1,2,150,2,2,3,4,6
4035,9,2,2,3,1,1,5,4,1,60,6,2, ,500,1,1, ,1,6,1,5,5,1,6,sh.maddar,2,2,3,3,3
4036,5,0,0,0,1,0,4,1,1,65,8,1, ,400,1,1, ,1,4,1,4,4,1,1,no,2,2,4,4,4
4037,9,0,0,0,1,2,4,5,1,72,1,2, ,600,1,1, ,1,6,1,3,5,1,1,Goolada siinay,2,2,3,4,4
4038,5,0,1,3,1,0,3,2,1,28,6,1, ,1000,1,1, ,1,4,1,4,4,1,1,siinay,2,2,4,3,3
4040,6,1,2,0,2,1,1,5,1,37,6,4, ,300,1,2, ,2,3,0,2,4,1,7,Xero awr,2,2,3,2,3
4041,17,0,0,14,3,1,9,8,2,45,7,1, ,500,1,1, ,1,5,1,4,4,1,7,xero awr,2,2,4,4,2
4042,14,0,0,0,0,4,8,6,2,62,6,5, ,800,1,3, ,2,5,1,4,5,1,7,jigjiga yar,2,2,3,4,3
4043,7,0,0,0,0,0,3,4,2,40,6,1, ,900,1,2, ,1,4,1,4,4,1,5,masalaha,2,2,3,2,2
4044,9,3,3,1,2,0,4,5,1,40,4,2, ,300,1,2, ,1,4,1,4,4,1,7,Jig jiga yar,2,2,4,3,3
4045,9,0,5,2,2,0,5,4,1,36,6,1, ,600,3,1, ,1,5,1,4,4,1,3, ,2,2,4,3,3
4046,10,2,1,1,0,1,5,5,1,59,5,2, ,300,1,2, ,1,6,1,2,4,1,7,Xero war,2,2,3,3,2
4047,8,1,2,2,1,2,5,3,1,62,1,2, ,400,1,1, ,1,4,1,4,4,1,1,october,2,2,3,5,3
4049,7,2,4,3,2,0,2,5,1,36,7,1, ,1000,1,1, ,1,6,1,5,5,1,3, ,2,2,4,3,2
4050,8,0,0,2,1,1,5,3,1,60,6,2, ,800,1,1, ,1,6,1,5,5,1,2,150ka,2,2,3,4,3
4052,3,0,0,2,1,0,1,2,2,50,4,6, ,600,1,2, ,1,5,1,5,4,1,6,Waran Cade,2,2,3,3,2
4053,9,0,9,7,2,0,6,3,1,45,3,4, ,250,1,1, ,1,5,1,3,4,1,2,cabaaye,2,2,3,3,3
4054,12,3,1,1,1,1,5,7,1,43,1,1, ,300,1,1, ,2,5,1,4,4,1,2,150,2,2,3,3,6
4055,7,2,7,3,2,1,4,4,2,20,6,2, ,1000,1,1, ,1,5,2,5,5,1,6,sheekh nuur/kilalka,2,2,4,1,4
4057,8,0,0,1,2,1,2,6,2,56,1,6, ,700,1,1, ,1,5,1,4,3,1,7, ,2,2,3,3,3
4058,6,0,1,5,2,0,3,3,1,52,6,7,Teacher,200,1,1, ,1,2,1,3,4,1,7,Geerash gacan,2,2,3,3,3
4059,7,0,0,4,1,2,4,3,1,62,1,2, ,1000,2,3, ,1,6,1,4,3,1,1, ,2,2,1,4,2
4060,8,0,0,7,2,0,2,6,1,57,6,1, ,500,1,1, ,1,5,1,4,4,1,7,xero awr,2,2,3,3,3
4062,11,0,0,1,1,0,5,6,1,51,8,1, ,400,1,1, ,1,4,1,4,4,1,3,pepsi,2,2,3,3,4
4066,6,0,0,2,2,2,4,2,1,62,7,1, ,100,1,3, ,1,4,1,5,3,1,1,october,2,2,3,3,3
4067,15,0,15,7,2,0,7,8,1,48,6,2, ,1000,3,1, ,1,8,2,4,4,1,7,jigjigayer,2,2,5,5,3
4069,16,0,1,1,0,0,7,6,1,52,6,2, ,1000,1,1, ,1,8,1,5,5,1,4,M mooge,2,2,3,5,3
4070,8,1,0,3,2,2,3,5,1,64,6,2, ,1000,1,1, ,1,6,1,4,3,1,7, ,2,2,3,4,3
4072,2,0,2,2,0,0,1,1,1,21,3,6, ,70,1,1, ,1,2,1,2,2,1,3, ,2,2,3,1,1
4073,7,0,0,6,2,1,4,3,1,61,6,6, ,400,1,2, ,1,4,1,4,4,1,7,xawadle,2,2,3,4,2
4076,8,0,0,2,1,2,4,4,1,61,6,1, ,160,1,1, ,1,4,4,5,2,1,3,Biibsi,2,2,3,2,6
4077,5,0,1,0,3,1,2,3,2,74,3,7,soldier,200,1,4,government property,1,5,1,2,2,1,3,jigjiga yar,2,2,5,5,2
4078,8,0,1,1,0,0,4,4,1,73,4,6, ,250,1,1, ,1,4,1,3,5,1,9,dab la taaagay,2,2,2,4,3
4081,8,0,0,2,4,1,6,2,1,20,6,4, ,400,2,3, ,1,5,1,4,4,1,1,Siinay,2,2,2,3,2
4084,4,0,4,4,1,0,1,3,2,50,1,2, ,200,1,3, ,1,2,1,3,4,1,1,pepsi,2,2,4,4,4
4085,11,0,1,2,1,0,6,5,1,53,7,2, ,650,1,1, ,1,7,1,5,5,1,2,150ka,2,2,4,5,4
4086,9,0,5,4,0,0,4,5,1,33,4,1, ,490,1,2, ,3,4,1,3,3,1,2,biyo dhacyga hoose,2,2,2,3,2
4087,8,0,1,4,2,1,1,7,1,54,1,7,muscle wealth,250,1,1, ,1,4,1,3,4,1,7,maroodi jeex,2,2,3,4,3
4088,6,0,2,4,1,1,3,3,2,60,1,6, ,200,1,1, ,1,5,1,5,3,1,3,Pepzi-ga,2,2,1,5,2
4089,9,0,0,0,1,1,5,4,1,86,6,1, ,200,1,1, ,2,6,1,3,4,1,8,badacas,2,2, , , 
4090,12,0,4,6,2,0,6,6,1,45,6,1, ,900,1,1, ,1,5,1,4,4,1,1,siinay,2,2,4,3,3
4091,3,0,0,1,69,2,1,2,1,69,6,6, ,500,1,2, ,1,4,1,4,4,1,7,Ex control,2,2,2,4,4
4092,4,0,0,0,1,0,2,2,2,44,7,1, ,500,1,2, ,1,3,1,5,5,1,7,jig-jiga yar,2,2,3,5,5
4093,7,2,3,3,0,0,4,4,1,30,7,5, ,600,1,2, ,1,4,6,4,4,1,9,New hargaysa,2,2,1,2,1
4094,10,0,0,1,2,2,6,4,1,63,6,1, ,1000,1,1, ,1,6,1,5,4,1,2,Xawaadle,2,2,2,3,6
4095,9,1,0,5,4,1,6,3,2,70,6,1, ,250,1,1, ,1,5,1,4,4,1,7,150,2,2,4,3,2
4097,21,0,20,14,3,1,17,4,1,65,4,2, ,3000,3,1, ,1,12,3,5,5,1,7,jigjigayer,2,2,5,5,1
4099,8,1,2,3,1,1,3,4,1,67,1,2, ,1300,3,1, ,1,8,5,5,5,1,7,jig jiga yar,2,2, , , 
4102,8,0,0,0,2,1,3,5,1,60,6,2, ,800,1,1, ,1,8,1,5,1,1,2,Geedgoble,2,2,3,4,4
4103,4,0,2,1,1,0,2,2,2,38,3,1, ,140,1,3, ,1,3,1,4,3,1,2,Shacabka,2,2,2,2,4
4106,6,1,0,3,0,0,4,2,2,28,6,5, ,230,1,1, ,1,3,1,3,4,1,1,Badhka,2,2,3,3,3
4107,4,0,0,0,3,1,3,1,2,60,5,4, ,400,1,2, ,1,4,0,4,3,1,2,Daruuraha,2,2,3,3,4
4108,7,1,1,1,1,3,4,3,1,62,4,1, ,180,1,1, ,1,4,5,1,1,1,3,Biibsi,2,2,3,1,3
4110,6,1,2,3,0,1,2,3,1,43,1,1, ,150,3,1, ,1,2,1,5,3,1,4,maaxam mooge,2,2,5,6,2
4111,7,3,2,0,2,0,2,5,2,41,7,1, ,550,1,2, ,1,4,0,3,3,1,4,MOOGE,2,2,5,3,3
4112,8,8,1,7,2,0,4,4,1,50,8,1, ,300,1,1, ,1,4,1,4,4,1,2,5,2,2,2,3,3
4114,9,0,0,1,0,0,4,5,1,55,2,4, ,450,1,1, ,1,5,1,3,4,1,2,cabaaye,2,2,3,4,2
4115,7,1,0,1,5,0,2,5,1,47,7,1, ,600,1,1, ,1,5,1,4,3,1,3,jigjiga yar,2,2,5,5,2
4116,13,0,0,2,0,1,7,6,2,60,2,6, ,500,1,3, ,1,4,1,3,3,1,5,qudhac-dheer,2,2,5,4,4
4117,12,0,1,1,2,1,7,5,1,31,6,1, ,600,1,1, ,1,5,1,4,2,1,7,Jigjiga yarn,2,2,2,2,1
4118,14,5,5,6,2,1,7,5,1,20,4,3, ,670,2,3, ,2,6,1,3,3,1,1,Iftin area,2,2,5,5,5
4119,5,0,0,4,2,0,2,3,2,43,6,6, ,450,1,1, ,1,3,1,4,4,1,7,Xero awr,2,2,3,3,3
4120,9,0,9,1,0,0,6,3,1,54,1,1, ,200,1,1, ,1,3,1,4,3,1,7,gantalah,2,2,5,3,2
4121,5,5,0,1,0,1,1,4,2,60,1,6, ,1000,3,3, ,1,4,1,5,3,1,7,Boqol-jire,2,2,3,3,3
4122,10,0,10,1,3,1,5,5,2,45,4,6, ,3000,3,1, ,1,11,2,5,5,1,7,jigjigayer,2,2,5,5,1
4123,8,0,1,1,0,0,3,3,1,35,6,2, ,600,1,1, ,1,7,1,5,4,1,7,jigjig yar,2,2,3,4,2
4124,7,1,0,1,0,0,3,4,1,55,4,6, ,300,1,2, ,1,5,1,4,4,1,7,Jigjiga Yar,2,2,4,5,5
4125,10,0,0,0,0,0,7,3,1,55,6,1, ,1000,1,1, ,1,5,1,5,4,1,7,Maroodijeex,2,2,2,4,3
4126,11,2,4,6,3,0,6,5,1,39,4,2, ,1000,1,2, ,1,4,1,5,4,1,2,daruuraha,2,2,2,4,3
4127,9,0,0,7,1,1,3,6,1,70,7,7,Retired,3000,1,1, ,1,6,1,5,5,1,7,Jigjiga-yar,2,2,5,5,4
4128,7,0,0,1,3,1,4,3,1,60,6,1, ,1500,1,2, ,1,5,2,2,2,1,1,October,2,2,3,2,2
4129,7,0,4,2,1,0,3,4,2,45,2,6, ,1000,1,2, ,1,5,1,5,3,1,1,halflondon,2,2,3,3,2
4130,5,0,0,1,0,0,1,4,2,38,3,6, ,325,1,3, ,1,2,1,5,3,1,6,macalin haaruun,2,2,3,3,4
4131,2,0,0,0,0,0,0,2,2,45,1,1, ,150,1,2, ,1,1,2,2,3,1,2,Xero awar,2,2,2,1,2
4132,9,0,0,0,0,1,5,4,1,68,1,2, ,4000,1,1, ,2,8,1,3,4,1,2,150 area,2,2,4,4,2
4133,9,2,7,4,2,1,7,2,1,60,1,1, ,340,1,3, ,1,2,1,4,4,1,1,pepsi,2,2,5,4,1
4134,5,2,1,0,2,0,2,3,1,37,6,1, ,300,1,2, ,1,3,1,4,4,1,1,Badhka-Sare,2,2,4,4,2
4135,7,0,0,0,2,0,4,3,2,45,6,2, ,900,1,1, ,1,6,1,4,4,1,7,Jigjiga yarn,2,2,4,3,2
4137,8,1,1,0,1,0,5,3,1,58,6,2, ,800,1,1, ,1,10,2,4,1,1,9,magnus area,2,2,3,3,4
4138,4,0,0,0,0,0,3,1,2,45,3,1, ,500,1,1, ,1,4,1,4,5,1,3,pepsiga,2,2, , , 
4140,14,6,3,9,0,0,2,4,1,20,6,2, ,1,3,3, ,1,8,3,4,3,1,7, ,2,2,3,2,4
4142,15,1,0,1,0,1,7,5,1,59,6,1, ,200,1,1, ,1,5,1,4,4,1,4,maxamed mooge,2,2,4,5,5
4145,12,2,0,1,2,1,4,8,1,66,6,1, ,1000,1,1, ,1,5,1,4,4,1,1,October,2,2,3,4,4
4146,5,1,0,0,1,1,3,2,1,48,6,1, ,800,1,1, ,1,7,1,5,4,1,1,siinay,2,2,3,4,2
4147,4,0,0,2,1,1,1,3,2,25,4,4, ,400,1,1, ,1,4,1,5,5,1,5,calamada,2,2,3,5,3
4148,9,0,2,1,0,0,4,5,1,50,4,1, ,500,1,1, ,1,4,1,3,4,1,2,cabaaye,2,2,3,3,3
4149,13,0,0,2,2,1,10,3,2,63,4,2, ,1000,1,1, ,1,7,2,5,3,1,7,GanTalaha,2,2,4,3,4
4150,8,0,0,1,1,2,4,4,1,67,3,2, ,1300,1,1, ,1,5,1,3,3,1,2,150 at,2,2,3,3,3
4151,7,1,0,4,0,0,5,2,2,32,6,6, ,500,1,1, ,1,4,1,4,3,1,2, ,2,2,2,4,3
4152,8,0,2,2,3,1,3,5,2,52,1,4, ,200,1,3, ,1,5,1,3,4,1,2,150ka,2,2,3,4,2
4153,116,0,0,1,0,0,5,6,2,50,3,6, ,500,1,1, ,1,5,1,3,5,1,9,Kaah area,2,2,3,3,3
4155,4,0,0,4,2,1,2,2,2,60,2,2, ,200,1,1, ,1,5,1,4,4,1,7,Geerash gacan,2,2,3,3,3
4156,14,1,1,1,0,0,8,6,1,54,6,1, ,500,1,1, ,1,7,1,5,5,1,4,M mooge,2,2,3,2,3
4157,7,0,0,0,0,0,4,3,1,50,6,4, ,150,1,1, ,1,7,1,3,3,1,3,Isha-borama,2,2,4,3,3
4158,5,0,0,3,2,0,2,3,2,37,3,6, ,700,1,2, ,1,6,1,5,4,1,3,jigjiga yar,2,2,4,5,3
4159,12,1,1,1,0,0,6,6,1,55,6,6, ,300,1,1, ,1,1,1,3,4,1,1,october,2,2,3,3,3
4160,6,1,0,1,0,0,3,3,2,29,4,1, ,500,1,2, ,1,3,1,3,2,1,7,Jigjiga yarn,2,2,1,3,1
4161,9,4,5,3,2,0,4,5,1,40,7,3, ,1200,1,1, ,1,5,1,5,4,1,8, ,2,2,3,3,6
4162,9,1,2,2,2,2,5,4,1,55,6,1, ,400,1,1, ,1,5,1,4,4,1,3,Axmed Dhagax,2,2, , , 
4164,10,0,0,1,0,0,5,5,2,41,4,2, ,1000,1,1, ,1,9,1,4,5,1,4,m.mooge,2,2, , , 
4165,8,0,0,1,1,1,4,4,1,73,3,1, ,2300,1,1, ,1,8,2,4,4,1,2,Gobanimo,2,2,3,5,4
4169,4,1,1,0,2,0,2,2,1,35,4,4, ,450,1,2, ,1,3,1,3,5,1,1,October,2,2,3,3,2
4170,10,0,1,3,4,2,6,4,1,55,6,1, ,400,1,1, ,1,6,1,3,3,1,3,Axmed Dhagax,2,2, , , 
4171,10,1,1,1,0,0,5,5,1,61,7,1, ,0,1,1, ,1,5,1,5,4,1,5,dosent live in a village,2,2,2,4,6
4172,7,0,1,1,1,1,3,4,2,70,3,4, ,700,1,3, ,2,6,1,3,3,1,1,Mohamed Ali's,2,2,4,4,4
4173,4,0,0,2,2,0,2,2,2,40,4,2, ,450,1,1, ,1,5,1,4,5,1,2,xero awr,2,2,3,3,6
4175,9,0,0,0,1,1,4,5,1,60,6,6, ,300,1,1, ,1,4,1,3,5,1,6,sh.mubaarg,2,2,2,5,5
4176,6,0,0,2,2,2,3,3,1,50,7,1, ,350,1,1, ,1,4,1,4,3,1,3,Axmed Dhagax,2,2, , , 
4179,6,0,0,1,0,0,5,1,1,56,4,1, ,350,1,2, ,1,3,1,3,3,1,6,new Hargeisa,2,2,4,3,2
4180,10,3,1,2,3,1,2,8,1,62,6,2, ,2000,1,1, ,1,5,4,5,5,1,7,Hargeisa,2,2,4,4,2
4181,11,1,4,4,2,0,6,5,2,48,7,1, ,300,1,1, ,1,5,0,4,5,1,7,Hero awr,2,2,4,3,4
4182,6,3,0,0,1,0,2,4,1,35,6,1, ,2000,1,2, ,1,6,1,5,4,1,2,150,2,2,3,3,3
4183,7,0,0,2,3,2,4,3,1,50,7,1, ,350,1,1, ,2,4,1,3,2,2,3,Axmed Dhagax,2,2, , , 
4184,8,2,6,3,0,0,4,4,2,31,2,2, ,200,1,1, ,1,3,1,4,3,1,5,Saylada,2,2,3,2,2
4186,4,0,0,1,1,2,2,2,1,50,6,1, ,350,1,1, ,1,4,1,4,3,1,3,Axmed Dhagax,2,2, , , 
4187,7,0,0,0,0,1,3,4,1,60,6,3, ,400,1,1, ,1,5,1,4,4,1,2,Xawaadle,2,2,2,4,4
4188,4,0,0,0,1,1,2,2,1,65,7,1, ,150,1,1, ,1,3,1,4,3,1,2,26 june,2,2,3,3,3
4189,5,0,0,2,1,2,2,3,1,50,7,1, ,400,1,1, ,1,4,1,4,3,1,3,Axmed Dhagax,2,2, , , 
4191,7,0,0,1,1,1,3,4,1,60,7,1, ,350,1,3, ,1,5,1,5,5,1,1,Pepsiga,2,2,3,5,5
4192,5,1,0,0,0,1,2,3,2,60,8,1, ,300,1,1, ,1,4,1,3,4,1,1,no village,2,2,4,3,5
4193,13,0,3,5,3,2,8,5,1,50,7,1, ,400,1,1, ,1,6,1,4,3,1,3,Axmed Dhagax,2,2, , , 
4195,7,1,0,1,1,0,3,4,1,55,6,2, ,650,1,3, ,3,5,1,5,3,1,7, ,2,2,3,4,4
4200,14,0,5,1,0,0,7,7,1,40,3,1, ,190,1,2, ,1,4,1,4,5,1,2,Shekh Mubarik,2,2,2,5,2
4203,9,12,0,12,2,1,6,6,1,70,8,1, ,800,1,1, ,1,4,1,3,3,1,4,Goolada sare,2,2, , , 
4204,8,0,0,0,0,0,2,6,1,58,4,2, ,1000,1,1, ,1,8,1,5,5,1,7,xero- awr,2,2,4,3,3
4205,3,0,0,2,1,0,1,2,2,27,5,2, ,300,1,2, ,1,3,1,3,4,1,7,Hargeisa,2,2,4,5,4
4206,5,0,2,3,0,0,2,3,2,33,6,4, ,120,1,1, ,1,3,1,5,4,1,2,Xero awr,2,2,4,2,5
4207,4,2,0,0,0,0,3,1,1,23,4,2, ,300,1,2, ,1,2,1,3,4,1,3,Isha Borame,2,2,4,3,2
4208,5,2,0,3,1,0,2,3,1,30,5,1, ,600,1,2, ,1,4,1,4,4,1,9,New Hargeisa,2,2, , , 
4209,10,3,4,3,2,0,7,3,1,41,6,1, ,700,1,1, ,1,4,1,3,3,1,3,Qandahaar,2,2,4,3,4
4210,11,0,5,1,0,0,6,5,1,41,4,1, ,250,1,1, ,1,3,1,4,3,1,2,Cabaye,2,2,2,5,2
4211,7,3,2,2,2,0,4,3,1,40,4,1, ,700,1,2, ,1,4,1,2,3,1,5,Buurta,2,2, , , 
4212,6,0,4,5,1,0,3,3,2,50,5,1, ,500,1,1, ,1,5,1,4,3,1,1,October,2,2, , , 
4215,3,0,0,1,0,0,1,2,1,32,6,1, ,400,1,2, ,1,3,1,4,4,1,4,M.mooge,2,2, , , 
4216,6,0,0,3,1,1,3,3,1,35,1,1, ,120,1,1, ,1,3,1,3,3,1,8,State house,2,2,1,3,3
4217,5,1,0,2,1,1,1,4,1,35,7,1, ,400,1,2, ,1,5,1,5,4,1,8,Bada cas,2,2,1,3,3
4218,7,2,1,2,1,1,2,5,1,63,8,5, ,100,1,1, ,1,5,1,4,2,1,2, ,2,2,3,3,3
4219,6,1,0,0,1,0,3,3,1,45,7,7,construction,50,1,2, ,1,6,1,2,3,1,1,masalaha galbeed,2,2,4,4,3
4221,6,2,4,4,1,0,2,4,1,36,6,1, ,700,1,1, ,1,5,0,5,3,1,2,Hargeisa,2,2,3,3,3
4222,10,2,0,2,2,0,7,3,1,57,7,2, ,4000,1,1, ,1,8,2,5,5,1,7,jigjiga yar,2,2,3,4,4
4223,11,1,2,1,2,2,6,5,2,35,7,3, ,500,1,1, ,1,5,1,5,5,1,5,qudhac dheer,2,2, , , 
4224,3,0,1,0,2,0,2,1,1,32,7,1, ,200,1,1, ,1,2,2,5,5,1,2,Shacabka,2,2,5,5,5
4225,11,0,0,1,2,2,5,6,1,61,6,2, ,1000,1,1, ,3,7,1,4,4,1,7,jigjigayar,2,2,3,3,6
4226,8,2,2,1,2,1,4,4,1,60,6,4, ,1000,3,3, ,2,5,2,5,3,3,8,boqoljire,2,2,4,3,2
4227,6,0,0,1,0,0,1,5,2,41,3,2, ,400,1,2, ,1,4,1,4,4,1,3,Ishaborama,2,2,3,5,2
4228,17,1,16,0,0,1,5,11,1,62,7,2, ,1000,1,1, ,1,5,1,5,5,1,7,jigjigayar,2,2,3,3,5
4229,7,2,1,1,0,1,4,3,1,64,5,2, ,600,1,1, ,3,3,1,3,3,1,1,siinay,2,2,3,3,6
4230,8,1,1,0,1,0,4,4,1,55,6,2, ,0,1,1, ,1,6,1,4,4,1,5,dont live in a village,2,2,2,3,6
4231,3,0,1,0,0,1,0,0,2,55,1,6, ,400,1,1, ,1,2,1,5,5,1,6,macalin haaruun,2,2,5,5,4
4232,10,2,0,1,0,1,5,5,1,61,2,6, ,300,1,1, ,1,4,1,1,4,1,1,Iftin area,2,2,4,4,4
4233,8,0,0,6,1,1,1,7,2,35,1,6, ,600,1,2, ,2,5,1,4,4,1,2,goljano,2,2,3,3,5
4234,9,2,2,3,1,2,4,5,1,55,4,2, ,600,1,1, ,1,5,2,3,1,1,5,Calaamadda,2,2,1,4,4
4235,4,0,1,0,1,0,1,3,2,25,7,7,goverment,253,1,1, ,1,5,1,4,3,1,1,masalaha galbeed,2,2,4,4,3
4236,8,0,0,1,0,0,4,4,1,54,8,1, ,700,1,1, ,1,4,1,4,3,1,7,Sheedaha,2,2,3,3,3
4237,5,1,0,1,0,0,2,3,1,40,6,2, ,0,1,1, ,1,4,1,5,5,1,3,dont live in a village,2,2,2,4,3
4238,14,1,2,8,2,1,9,5,1,58,8,4, ,500,1,2, ,1,4,1,3,3,1,7,Jigjiga yar,2,2,2,3,2
4239,8,0,1,3,2,2,5,3,1,45,3,2, ,500,1,1, ,1,4,1,5,5,1,1,masalaha,2,2,3,3,3
4240,7,1,1,2,0,0,4,3,1,60,6,1, ,700,1,1, ,1,5,1,5,5,1,2,26 JUNE,2,2,3,3,3
4241,6,0,0,1,1,2,3,3,1,63,6,1, ,50,1,3, ,1,2,2,2,2,1,7,Kulliyadda,2,2,4,4,6
4243,11,2,7,3,2,0,6,5,1,45,4,1, ,500,1,2, ,1,5,1,3,3,1,2,Xawadle,2,2,3,3,2
4244,8,3,5,1,2,0,3,5,1,46,7,2, ,800,1,1, ,1,6,0,5,3,1,2,Hargeisa,2,2,3,3,3
4245,8,0,0,0,2,2,7,1,1,68,2,6, ,400,1,3, ,1,4,1,4,3,1,1,cali jamac,2,2,4,3,6
4246,16,1,10,1,2,0,6,8,1,55,4,4, ,80,1,1, ,1,4,1,4,4,1,7,jigjiga yar,2,2,4,3,4
4247,9,0,9,9,2,1,6,3,2,68,6,6, ,2000,1,1, ,1,6,1,3,5,1,2,150ka,2,2,3,3,2
4248,8,0,0,4,2,1,3,5,1,40,3,2, ,300,1,3, ,1,4,1,3,4,1,6,sheekh madar,2,2,5,3,3
4249,10,1,0,2,1,0,6,4,1,32,6,1, ,1500,1,1, ,1,5,1,4,1,1,2,geerash aw aadan,2,2,2,3,2
4251,7,1,0,5,1,0,3,3,2,58,7,2, ,0,1,1, ,1,5,2,6,6,1,9,bisiqa,2,2,2,4,3
4252,9,0,2,6,1,0,5,4,1,25,6,1, ,600,1,1, ,1,4,1,4,5,1,1,masale,2,2,3,3,3
4253,8,0,0,1,0,0,5,3,2,45,2,2, ,600,1,1, ,1,4,1,3,4,1,6,sheekhnuur,2,2,4,4,3
4254,7,0,0,1,0,2,4,3,1,60,4,4, ,600,1,1, ,1,4,1,5,5,1,1,masalaha,2,2,2,4,5
4255,6,0,1,0,2,0,2,4,1,31,6,1, ,350,1,2, ,1,6,1,4,4,1,1,October,2,2,3,3,4
4256,13,2,11,7,5,0,5,8,1,56,6,2, ,150,1,2, ,1,5,1,4,4,1,9,hodan hillis,2,2,3,3,3
4257,4,0,0,0,4,0,2,22,1,40,4,2, ,450,1,2, ,1,4,1,3,3,1,4,star,2,2,2,2,4
4258,4,2,2,2,1,0,3,1,1,37,1,1, ,450,1,2, ,1,3,1,4,5,1,1,isha boorma,2,2,5,2,4
4259,6,0,0,5,1,0,2,4,2,49,2,6, ,500,1,3, ,1,6,1,5,5,1,2,Idaacada,2,2,4,4,3
4260,5,0,0,0,0,0,1,4,2,58,3,6, ,1000,1,1, ,1,8,1,5,5,1,2,daloodho,2,2,3,4,4
4261,8,2,2,1,2,0,3,5,1,40,7,1, ,500,1,1, ,1,5,1,4,4,1,7,Xero awr,2,2,3,3,3
4262,7,3,0,1,1,1,3,4,1,63,3,1, ,400,1,2, ,1,3,2,3,3,1,4,mohmed mooge,2,2,3,2,2
4263,8,0,0,1,1,0,5,3,1,40,5,1, ,1000,1,1, ,1,5,1,3,3,1,2,daruuraha,2,2,3,3,3
4264,3,2,1,0,0,0,1,1,1,38,1,2, ,200,1,2, ,1,2,1,2,3,1,7, ,2,2,3,3,3
4265,8,0,0,1,1,1,4,4,1,77,6,6, ,500,1,2, ,1,3,0,3,3,1,2,150,2,2,5,3,2
4266,12,1,0,1,1,1,8,4,1,99,1,3, ,500,1,2, ,1,5,1,4,4,1,7,ganad,2,2,4,5,1
4267,6,0,0,0,1,0,2,4,2,75,1,6, ,150,1,1, ,1,5,1,4,4,1,5,Jameeco weyn,2,2,3,4,3
4268,3,0,0,0,0,1,2,1,2,58,2,7,house wife,400,1,3, ,3,5,1,5,4,1,5,calamada,2,2,4,3,2
4269,12,0,12,8,2,0,8,4,1,54,3,6, ,400,3,1, ,1,4,1,5,5,1,7,koodbuur,2,2,3,5,1
4270,7,0,2,3,1,1,3,4,1,61,4,1, ,300,1,1, ,2,4,1,4,4,1,3,isha borama,2,2,3,4,3
4272,5,2,2,0,1,0,2,3,2,28,1,1, ,200,1,3, ,2,3,1,3,3,1,7,xeedho,2,2,2,3,3
4273,2,0,0,0,0,0,1,1,1,27,6,2, ,300,1,2, ,1,3,1,4,4,1,6,sh.mubarik,2,2,4,1,3
4274,9,0,0,1,2,1,3,6,2,73,1,6, ,300,1,3, ,3,4,1,4,3,1,1,total,2,2,3,6,6
4275,7,0,2,6,3,1,3,4,2,65,6,1, ,400,1,1, ,1,4,4,5,4,1,7,badacas,2,2,4,4,2
4276,7,0,0,5,1,0,4,3,2,49,6,1, ,350,1,1, ,1,4,3,3,1,1,7,Sheedaha,2,2, , , 
4277,5,0,0,0,0,0,2,3,1,55,4,2, ,1200,1,1, ,1,5,1,5,5,1,9,kaah area,2,2,3,4,4
4278,16,5,1,1,1,1,9,7,2,67,6,2, ,500,1,1, ,3,4,1,6,3,1,2,Goljano,2,2,4,4,3
4279,6,1,1,2,1,1,3,3,1,45,4,2, ,300,1,2, ,1,4,1,3,4,1,7,Jigjiga yar,2,2,3,3,2
4281,9,2,1,2,3,2,5,4,1,22,4,6, ,1000,3,3, ,1,6,2,4,3,5,6,sheekh madar,2,2, , , 
4282,7,2,1,1,1,0,3,4,1,40,7,2, ,400,1,4, ,1,4,5,4,3,1,2,shacabka,2,2, ,3,3
4285,8,1,2,2,1,1,4,4,1,60,7,5, ,1000,1,2, ,1,5,2,4,4,5,2,idaacada,2,2,5,3,3
4288,4,2,0,0,0,0,3,1,1,40,6,1, ,250,1,2, ,1,3,1,3,4,1,1,isha boorama,2,2,3,4,3
4289,6,1,1,2,1,1,3,3,2,42,4,2, ,280,1,2, ,1,4,1,3,4,1,7,Jigjiga yar,2,2,3,3,2
4290,4,1,1,1,1,0,1,3,2,32,3,2, ,200,1,2, ,1,2,1,2,2,1,3,jigjiga yar,2,2,4,3,2
4291,8,1,2,2,2,1,3,5,1,40,5,1, ,300,1,1, ,1,5,1,4,4,1,1,Badhka,2,2,5,3,3
4292,5,0,5,4,1,0,3,2,2,30,6,1, ,30,1,1, ,1,4,1,4,4,1,6,Sh.madar,2,2,4,3,4
4293,8,1,1,1,1,0,4,4,2,37,6,1, ,1000,1,2, ,1,5,1,5,5,1,7,Geerash Gacan,2,2,3,3,3
4294,7,1,1,0,1,0,3,4,1,40,3,1, ,3000,1,2, ,1,6,1,4,4,1,2,daloodho,2,2,4,2,2
4295,3,0,0,0,0,0,3,0,1,27,6,1, ,500,1,2, ,1,2,1,4,3,1,1,masalaha,2,2, , , 
4296,8,1,1,5,2,1,4,4,1,60,4,1, ,700,1,2, ,1,5,0,5,5,1,5,Qudhac dheer,2,2,1,4,3
4297,11,0,0,1,0,1,5,6,2,43,4,1, ,2500,1,1, ,1,5,1,5,5,1,7,Gantaalaha,2,2,4,4,4
4298,12,1,1,0,0,1,8,4,1,55,4,6, ,650,1,2, ,2,7,1,4,4,1,5,saylada,2,2,5,3,3
4299,5,0,1,0,1,0,4,1,1,36,7,1, ,300,1,3, ,3,3,1,4,4,1,9,new hargeisa,2,2,4,3,1
4300,9,0,0,0,1,1,5,4,1,70,6,1, ,350,1,1, ,1,4,1,3,4,1,2,goljano,2,2,3,3,5
4303,12,0,0,1,0,2,4,8,2,50,1,2, ,400,1,1, ,1,5,1,4,4,1,6,Sheikh mubarak,2,2,4,3,2
4304,4,0,0,0,0,1,1,3,1,65,4,1, ,1500,1,1, ,2,7,1,5,4,1,7,ex kantrool,2,2,3,3,6
4306,12,0,12,10,3,0,7,5,1,49,7,1, ,1000,3,1, ,1,5,1,3,5,1,7,200 street,2,2,3,4,6
4307,6,0,1,3,1,1,1,5,2,40,3,6, ,1000,1,1, ,1,7,1,5,5,1,1,masalaha,2,2,5,5,5
4308,7,0,1,1,0,1,4,3,1,60,4,1, ,800,1,2, ,1,5,1,3,3,1,4,qudhac dheer,2,2,4,4,3
4309,10,1,2,1,1,0,7,3,1,45,2,1, ,800,1,2, ,1,3,1,3,4,1,9,kuwaydi area,2,2,3,3,3
4311,8,2,6,6,3,2,5,3,1,33,6,1, ,500,1,2, ,1,4,1,3,4,1,3,Birish licliic,2,2,3,3,3
4312,6,0,0,0,2,0,3,3,1,40,4,1, ,500,1,2, ,3,4,1,4,4,1,9,kaah area,2,2,5,3,3
4317,7,0,0,0,0,0,6,1,2,40,6,1, ,450,1,2, ,1,4,1,3,4,1,9,kaah,2,2, , , 
4318,8,0,0,1,0,2,2,6,1,60,7,2, ,300,1,1, ,1,4,0,3,5,1,6,150 street,2,2,5,3,1
4319,6,0,2,2,2,0,4,2,1,50,6,2, ,400,1,2, ,1,3,1,4,4,1,5,district,2,2,3,3,3
4321,15,1,2,0,0,0,8,7,1,56,7,1, ,800,1,1, ,1,8,1,5,5,1,4,M mooge,2,2,4,3,2
4322,11,0,2,6,0,3,3,8,1,86,5,2, ,700,1,1, ,1,6,1,5,5,1,3,jigjiga yar,2,2,4,5,2
4323,7,2,1,1,0,0,2,5,1,28,7,1, ,700,1,1, ,1,5,0,5,4,1,7,Hargeisa,2,2,4,3,6
4324,10,1,0,4,2,0,6,4,1,40,4,1, ,500,3,3, ,1,5,1,4,4,1,5,JIGJIGYAR,2,2,3,3,2
4325,8,0,1,1,0,0,3,5,1,52,6,2, ,5000,1,1, ,1,7,1,5,4,1,3,Faluuja,2,2,3,3,3
4326,9,0,0,0,1,2,7,2,1,63,5,6, ,600,3,1, ,1,4,1,4,5,1,1,Ahmed Gurey,2,2,4,5,5
4327,5,0,0,0,1,1,0,5,2,25,7,1, ,400,1,1, ,1,4,1,3,4,1,6,dab la taagey,2,2,1,3,2
4329,6,0,0,1,0,0,3,3,1,50,6,1, ,300,1,2, ,1,2,1,4,4,1,1,no village,2,2,4,3,3
4330,12,0,0,1,0,1,8,4,1,67,1,7, ,400,1,1, ,1,5,0,3,4,1,6,baarwaraabe,2,2, , , 
4331,15,7,8,8,1,0,4,11,2,55,4,2, ,500,1,1, ,1,4,1,4,3,1,1,masalaha,2,2,3,3,2
4332,3,0,0,0,0,0,0,0,1,50,3,2, ,800,1,3, ,1,6,1,5,5,1,5,Qudhacdheer,2,2, , , 
4333,10,2,3,2,1,1,5,5,1,60,3,2, ,1000,1,3, ,2,6,2,3,3,4,7,kaantaroolka hargeysa,2,2,4,3,3
4334,11,0,0,1,0,1,5,6,1,61,3,4, ,2500,1,1, ,1,5,1,5,4,1,1,isha boorama,2,2,4,4,6
4335,7,1,1,0,0,1,3,4,2,60,2,2, ,1200,1,3, ,1,5,1,4,4,1,7,Koodbuur,2,2,3,3,3
4336,8,3,2,1,1,0,4,4,1,40,6,2, ,500,1,1, ,2,5,5,5,3,1,1,Hargaysa,2,2,4,5,6
4338,9,1,0,2,1,1,5,4,1,58,2,4, ,200,1,1, ,1,4,1,3,3,1,2,Star box,2,2,5,3,2
4339,7,0,0,1,0,0,3,4,1,40,4,6, ,600,1,3, ,1,5,1,5,4,1,8,bada cas,2,2,3,4,3
4340,7,3,1,3,2,0,3,4,1,41,7,2, ,650,1,1, ,1,3,1,5,5,1,4,M Mooge,2,2,2,3,1
4341,10,0,10,6,2,0,4,6,1,55,4,1, ,500,1,2, ,1,5,1,4,3,1,2,Xawaadle,2,2,3,3,3
4342,2,0,0,1,1,0,1,1,2,48,4,6, ,500,1,2, ,1,4,1,5,4,1,5,calamada,2,2,3,5,5
4343,4,0,2,1,1,0,2,2,1,33,7,4, ,500,1,2, ,1,4,1,3,4,1,2,daruuraha,2,2,3,3,3
4344,8,0,0,0,2,0,3,5,1,32,6,1, ,550,1,1, ,1,6,1,4,4,1,7,Jigjiga yarn,2,2,2,2,3
4345,13,0,0,3,0,0,7,6,2,44,1,2, ,580,1,2, ,1,5,1,5,5,1,1,isha Borama,2,2,2,3,4
4346,12,0,1,7,2,2,3,9,2,37,1,2, ,500,1,2, ,3,4,1,3,3,1,2,biyo dhacyga hoose,2,2,2,3,3
4347,10,2,3,3,2,0,5,5,2,58,3,2, ,700,1,1, ,1,7,1,4,4,1,2,Idaacada,2,2,4,4,3
4348,7,0,1,2,1,2,2,5,2,64,4,4, ,250,1,2, ,1,4,1,2,4,1,1,October,2,2,4,3,3
4349,6,1,1,0,2,0,5,3,1,45,7,2, ,1500,1,2, ,1,6,1,3,4,1,2, ,2,2,5,4,2
4351,6,0,0,6,2,1,3,3,2,59,6,7,Businessman,2000,1,3, ,1,8,2,5,5,1,5,Masalaha,2,2,1,4,2
4353,11,0,0,2,1,2,6,4,1,58,4,6, ,0,1,1, ,1,5,1,5,4,1,1,siinay,2,2,4,4,4
4356,8,1,3,2,1,1,5,3,1,58,3,3, ,668,3,1, ,1,5,1,2,2,1,1,gumburaha,2,2,3,3,2
4357,5,0,0,0,0,0,3,2,1,52,4,1, ,500,1,2, ,1,3,1,3,3,1,1, ,2,2,4,4,2
4358,5,2,6,5,5,8,5,5,1,26,7,2, ,2555,1,2, ,1,5,5,5,3,4,5,xidigta,2,2,3,1,4
4359,4,0,0,0,0,0,3,1,2,45,3,1, ,500,1,1, ,1,4,1,4,4,1,3,pepsiga,2,2,3,4,2
4360,8,1,2,2,1,2,3,5,1,79,7,2, ,1000,1,1, ,1,7,1,4,4,1,7,Jig-jiga yar,2,2,3,3,3
4361,11,0,0,1,0,0,7,4,1,56,6,1, ,2000,1,1, ,1,8,1,4,4,1,2,non,2,2,5,4,4
4362,12,0,1,2,3,2,5,7,1,62,4,2, ,800,1,1, ,1,7,1,5,5,1,1,masalaha,2,2,3,3,3
4363,4,0,4,4,2,0,1,3,1,51,6,1, ,200,1,1, ,1,4,1,3,4,1,2,Hargeisa,2,2,4,4,4
4365,3,1,0,1,0,0,2,1,1,25,1,1, ,300,3,1, ,1,2,1,4,3,1,7,ganad,2,2,5,2,2
4366,8,0,8,8,0,0,4,4,2,29,7,1, ,1200,1,2, ,1,5,0,4,4,1,7, ,2,2,4,5,4
4367,5,0,1,2,2,0,2,3,2,45,2,2, ,700,1,2, ,1,5,1,3,4,1,6, ,2,2,5,2,1
4368,6,1,5,3,2,0,2,4,1,40,7,2, ,3000,1,2, ,1,6,1,4,5,1,7,sheedaha,2,2,3,3,4
4369,4,0,1,0,2,0,2,2,1,35,6,1, ,200,1,1, ,1,3,1,3,2,1,3,Falluuja,2,2,5,4,5
4370,5,0,0,1,0,0,2,3,2,47,6,1, ,900,1,2, ,1,7,1,4,4,1,2,Shulaac,2,2,3,3,3
4371,8,2,0,1,2,0,1,2,1,56,6,2, ,200,1,3, ,3,5,1,4,3,1,1,peaceful Place,2,2,4,3,2
4373,6,2,1,1,2,0,2,3,1,42,6,1, ,500,1,3, ,1,6,1,5,5,1,5,calamada,2,2,4,3,3
4374,7,0,2,3,2,0,5,2,1,42,8,1, ,720,1,2, ,1,5,1,5,4,1,7,Jigjiga yar,2,2,2,3,2
4375,9,1,1,5,1,2,5,4,1,60,4,2, ,4,1,3, ,2,3,1,3,2,1,7, ,2,2,3,3,3
4376,9,1,0,8,3,0,3,6,1,50,1,1, ,300,1,3, ,1,4,1,4,5,1,2,26 June,2,2,4,3,3
4378,6,0,0,6,1,0,4,2,1,58,6,1, ,500,1,1, ,1,5,1,3,3,1,1,October,2,2,3,3,3
4379,2,0,0,0,1,1,1,1,2,60,6,2, ,500,1,1, ,1,6,1,5,5,1,5,calamada,2,2,2,4,2
4380,6,0,0,4,0,2,3,3,1,63,6,2, ,700,1,1, ,1,5,1,3,4,1,5,district,2,2,5,4,3
4381,6,0,0,1,0,0,2,4,2,42,3,4, ,200,1,3, ,1,5,1,3,3,1,6,Kilalka,2,2,3,3,2
4382,11,1,1,1,0,0,4,7,1,55,6,1, ,200,1,1, ,1,5,5,4,3,1,2, ,2,2,4,4,5
4383,7,0,0,1,1,0,4,3,1,48,4,2, ,350,1,1, ,1,5,12,4,5,1,2,Xero awar,2,2,3,6,3
4384,6,2,0,0,1,0,2,3,1,35,6,4, ,300,1,1, ,1,4,1,3,4,1,9,kaah area,2,2,3,3,1
4385,2,0,0,0,0,0,1,1,1,30,7,2, ,300,3,2, ,1,4,1,4,4,1,6, ,2,2,3,4,4
4386,9,0,0,2,2,1,5,4,1,60,3,6, ,300,1,1, ,1,4,2,4,4,1,6, ,2,2, , , 
4388,4,1,0,0,0,0,2,2,1,50,4,2, ,600,1,2, ,1,4,1,5,5,1,1,isha boorama,2,2,2,5,5
4389,11,0,5,4,2,1,6,5,2,34,7,4, ,600,1,1, ,1,6,1,3,4,1,2,daruura,2,2,3,3,3
4390,12,0,3,7,1,1,7,5,1,60,7,2, ,3000,1,1, ,1,8,1,4,4,1,2,150 Street,2,2,5,4,3
4391,12,2,4,0,4,2,5,7,1,40,6,2, ,900,1,2, ,2,4,4,3,3,1,6,sh. mubaarik,2,2, , , 
4392,9,0,0,1,0,1,5,4,1,61,3,1, ,500,1,1, ,1,5,0,5,5,1,6,150ka,2,2,4,3,2
4393,8,1,4,2,1,0,2,6,2,40,1,4, ,400,1,1, ,1,4,1,3,3,1,6, ,2,2,5,2,1
4395,14,0,0,1,0,0,10,4,1,57,8,1, ,500,1,3, ,1,4,1,4,3,1,8,guul Allah,2,2,4,3,3
4396,2,0,0,0,0,0,1,1,1,30,7,1, ,400,2,3, ,1,4,1,4,5,1,2, ,2,2,4,3,6
4397,9,2,0,4,2,0,4,5,2,47,8,2, ,200,1,1, ,1,7,1,5,2,1,3, ,2,2,3,3,3
4398,13,1,0,0,0,3,6,7,2,90,7,2, ,400,1,1, ,1,4,1,4,2,1,6,Sheekhnour,2,2,4,3,1
4400,4,1,1,0,1,0,3,1,1,35,6,2, ,1500,1,1, ,1,6,2,5,4,1,2,Hodanhiliis,2,2,4,3,3
4401,8,0,2,3,0,1,3,2,1,20,4,2, ,0,2,3, ,1,1,1,4,3,1,6, ,2,2,3,2,3
4402,5,0,1,3,1,0,1,4,2,42,4,6, ,900,1,1, ,1,5,1,5,4,1,2,Hero awr,2,2,3,4,2
4403,7,0,0,4,0,0,2,5,1,30,7,1, ,500,1,1, ,1,5,1,4,3,1,9,aflax,2,2,3,3,2
4404,10,0,10,6,2,0,5,5,1,56,7,6, ,500,3,1, ,1,4,1,5,5,1,7,xero awr,2,2,2,5,1
4405,5,2,2,1,2,1,3,2,1,60,4,2, ,500,1,2, ,3,5,1,3,3,1,1,iftin,2,2,5,1,2
4406,8,2,0,0,2,0,4,4,1,38,7,1, ,800,1,2, ,1,7,1,4,4,1,7,Jigjiga yarn,2,2,2,4,4
4407,6,1,0,0,1,0,4,2,1,45,1,2, ,100,1,2, ,1,1,2,1,4,1,2,Xero awar,2,2,4,5,5
4408,8,0,0,2,3,2,3,5,1,67,1,2, ,1500,3,1, ,1,8,5,5,5,1,7,jig jiga yar,2,2,3,3,5
4409,6,2,2,2,0,0,2,4,1,28,6,1, ,300,1,2, ,1,3,1,3,4,1,5, ,2,2,3,3,3
4410,11,3,3,1,2,1,5,6,1,55,7,3, ,200,2,1, ,1,3,1,4,5,2,6,I live in burco,2,2,5,5,5
4411,11,2,1,7,0,1,3,8,2,34,6,1, ,2000,1,3, ,1,7,1,5,5,1,1,masale,2,2,4,3,2
4412,6,1,2,1,2,0,3,3,1,31,6,1, ,500,1,2, ,1,5,8,3,4,1,2,Xawaadle,2,2,3,3,1
4413,7,0,0,0,1,0,4,3,1,40,6,2, ,700,1,2, ,1,5,1,4,4,1,7,Boqoljire,2,2,5,4,2
4414,12,3,1,1,1,1,5,7,1,63,1,2, ,200,1,2, ,1,6,1,4,4,1,2,150 streets,2,2,3,4,1
4415,7,0,7,7,2,1,4,3,1,72,1,6, ,500,3,2, ,1,4,1,5,5,1,7,xero,2,2,4,5,1
4417,15,1,0,3,2,1,8,8,1,60,6,1, ,3,1,1, ,1,6,0,6,5,1,5,Xidigat,2,2, , , 
4418,9,3,1,0,0,2,4,5,1,68,6,1, ,600,1,1, ,1,6,1,4,4,1,3,Pepsi,2,2,2,3,2
4419,11,2,1,2,1,1,6,5,1,60,7,1, ,250,1,1, ,1,6,3,4,4,1,2,idaacada,2,2,3,4,2
4421,12,2,1,1,0,0,4,8,1,36,7,1, ,800,1,2, ,1,5,1,3,4,1,5,camaamadaha,2,2, , , 
4422,7,1,0,0,1,1,2,5,1,61,3,1, ,150,1,2, ,1,3,1,3,3,1,6,Kilarka,2,2,2,6,1
4423,11,0,2,7,1,0,6,5,1,58,6,1, ,500,1,1, ,1,5,1,4,4,1,1, ,2,2, , , 
4424,11,2,1,3,2,0,4,7,1,40,6,1, ,700,1,1, ,1,7,4,5,3,1,2,Hargeisa,2,2,2,3,3
4425,6,1,0,2,1,2,4,2,1,78,6,1, ,300,1,2, ,1,4,1,4,4,1,7,Xero awr,2,2,3,3,3
4426,4,0,0,0,0,0,2,2,1,43,6,1, ,300,1,3, ,1,3,1,3,3,1,6, ,2,2,4,4,2
4427,5,1,1,1,2,0,2,3,1,36,6,2, ,300,1,1, ,1,5,1,5,4,1,6,sh.mubarak,2,2,3,3,5
4428,10,0,10,6,2,0,4,6,1,56,6,2, ,700,1,1, ,2,5,1,4,4,1,6,sheekh mubarig,2,2, , , 
4430,7,0,7,7,4,1,3,4,2,63,1,6, ,500,1,1, ,1,6,1,4,4,1,2,Xawaadle,2,2,3,3,3
4432,6,1,0,1,1,0,2,4,1,30,6,7,somegar,3000,1,1, ,1,7,1,4,3,1,1,masalaha galbeed,2,2,5,4,3
4434,10,9,1,3,2,0,7,3,1,40,7,2, ,1000,1,1, ,1,6,1,5,5,1,7,jigjiga yar area,2,2,2,4,2
4436,8,2,6,2,2,0,4,4,1,35,6,2, ,500,1,3, ,1,4,1,4,4,1,7,Hargeisa,2,2,2,4,4
4438,10,0,0,4,1,2,6,5,1,60,4,1, ,600,1,3, ,1,6,1,4,4,1,5,qudhacdheer,2,2,4,6,5
4440,12,0,3,6,2,1,12,5,2,60,6,1, ,300,1,3, ,1,5,1,3,4,1,1, ,2,2, , , 
4441,10,0,10,6,2,0,4,6,1,56,6,1, ,600,1,1, ,1,5,1,4,4,1,6,sheekh mubarig,2,2,4,3,3
4442,5,0,0,2,1,2,4,1,1,30,6,1, ,300,1,2, ,1,4,1,3,5,1,7,gantaalaha,2,2, , , 
4444,14,2,1,2,0,1,6,8,1,67,1,2, ,470,1,2, ,1,6,2,4,4,1,2,Idaacada,2,2,3,4,2
4445,7,1,3,1,2,0,5,2,1,38,6,1, ,700,1,1, ,1,4,1,4,4,1,3,Pepzi-ga,2,2,4,5,3
4446,3,1,0,0,2,0,2,1,1,30,6,2, ,550,1,1, ,1,4,1,3,3,1,4,gol warabe,2,2,3,1,3
4447,6,2,1,1,0,0,2,4,1,56,3,1, ,480,1,1, ,1,4,1,2,4,1,3, ,2,2,2,3,3
4449,7,2,2,1,2,1,4,3,1,65,5,6, ,200,1,1, ,1,3,1,4,5,1,3,I live in Baligubadle,2,2,5,5,5
4450,4,1,0,1,2,0,1,3,1,38,6,1, ,500,1,2, ,1,5,1,5,5,1,5,calamada,2,2,5,5,3
4451,7,2,1,1,0,0,3,4,1,56,3,1, ,300,1,1, ,1,6,1,3,3,4,1, ,2,2,2,1,4
4452,7,0,0,1,0,1,3,4,2,60,4,2, ,500,1,1, ,1,5,1,4,5,1,5,masalaha,2,2,4,4,4
4454,6,0,0,6,0,0,3,3,2,30,1,7,cleanar,200,1,2, ,1,3,1,4,4,1,1,half london,2,2,2,4,4
4455,7,0,0,1,1,1,4,3,1,65,7,2, ,400,1,1, ,1,5,1,4,3,1,2,26 june,2,2,3,4,4
4457,2,0,0,0,0,0,1,1,1,23,6,1, ,200,1,2, ,1,3,1,3,3,1,5,Sabaxareed,2,2,5,4,5
4458,6,1,1,5,2,1,2,4,2,63,4,2, ,400,1,2, ,1,3,1,3,3,1,9,New Hargeisa,2,2,2,1,5
4459,13,3,3,4,2,1,6,7,1,65,1,2, ,300,1,1, ,1,6,2,5,5,1,1,I live in burco,2,2,4,5,4
4460,11,1,1,2,0,1,2,9,1,62,7,1, ,1000,3,1, ,1,6,0,5,5,1,2,Hargeisa,2,2,3,3,3
4461,10,2,1,4,2,1,5,5,2,32,4,1, ,500,2,3, ,1,6,1,3,5,1,1,oktober,2,2,4,5,5
4462,2,0,0,2,0,0,2,0,1,35,7,4, ,700,1,1, ,1,2,1,3,3,1,2,daruuraha,2,2,3,4,4
4463,11,1,10,6,2,0,7,3,1,52,7,7,Construction,900,1,1, ,1,7,1,4,3,1,7,I don't live village,2,2,2,1,5
4464,7,0,0,4,0,2,3,4,1,70,6,2, ,500,1,1, ,1,6,1,4,4,1,6,New hargeisa,2,2,4,4,2
4465,12,0,3,6,2,1,7,5,2,60,6,1, ,300,1,3, ,1,6,1,4,4,1,1,siinay,2,2,3,3,3
4466,8,0,0,0,1,2,5,3,1,63,1,1, ,200,3,4,watchman,1,8,1,5,5,1,5,masalaha,2,2,5,5,1
4467,5,0,0,1,1,0,2,3,1,45,6,1, ,300,1,2, ,1,4,1,5,5,1,2,26 june,2,2,4,4,3
4468,8,0,0,2,2,1,4,4,2,60,7,2, ,300,1,1, ,1,4,1,5,5,1,7,Xero awr,2,2,3,3,3
4469,8,0,0,0,1,1,4,4,1,63,3,2, ,1000,1,1, ,1,7,1,3,3,1,2,hargeia,2,2,3,4,3
4470,10,0,0,1,0,0,5,5,1,54,6,1, ,200,1,3, ,1,4,1,4,5,1,2,Idaacada,2,2,5,4,3
4471,12,2,0,5,4,1,4,8,2,45,1,3, ,300,1,1, ,1,3,1,2,2,1,3, ,2,2,4,6,6
4472,12,3,2,3,2,2,5,7,1,60,6,2, ,600,1,2, ,1,8,2,5,5,1,1,I live in burco,2,2,4,5,5
4473,8,2,1,6,1,0,4,4,2,52,4,7, ,680,1,2, ,1,5,1,3,4,1,9,New Hargeisa,2,2,5,4,3
4474,4,0,1,0,0,0,3,1,1,32,6,1, ,500,1,2, ,1,4,1,3,3,1,3, ,2,2,3,3,3
4475,7,0,0,1,2,0,4,3,2,43,4,1, ,500,1,1, ,1,4,1,4,4,1,3,isha borama,2,2,5,5,4
4476,7,2,1,1,2,1,3,4,1,37,6,1, ,400,1,1, ,1,4,1,3,4,1,7,Hargeisa,2,2,3,3,3
4477,8,2,4,1,1,0,4,4,1,45,6,2, ,800,1,1, ,1,5,1,4,4,1,7,Ganad,2,2,1,4,1
4479,10,1,0,1,0,0,4,6,1,40,6,6, ,170,1,1, ,1,4,1,2,4,1,5,Jameeco weyn,2,2,3,2,2
4480,4,0,0,0,1,0,2,2,2,52,4,2, ,350,1,1, ,1,4,1,4,3,1,6,New Hargeisa,2,2,4,3,3
4481,8,1,2,3,2,0,4,4,2,38,6,1, ,500,1,1, ,1,1,1,3,4,1,1,half London,2,2, , , 
4482,5,0,1,2,2,0,2,3,1,35,7,1, ,400,1,2, ,1,3,1,4,4,1,7,Xero awr,2,2,3,4,3
4483,10,0,0,7,3,0,5,5,1,55,6,1, ,600,1,1, ,1,5,1,3,4,1,2,150,2,2,4,3,3
4484,14,0,1,1,0,0,8,7,1,55,7,1, ,1200,1,1, ,1,2,1,5,5,1,6,150,2,2,4,5,3
4485,10,2,1,4,1,1,3,7,2,55,7,1, ,350,1,2, ,1,3,1,1,2,1,1,laynka military,2,2, , , 
4486,10,0,0,3,5,2,8,2,1,60,4,7,Commander,400,1,1, ,1,4,1,3,4,1,3, ,2,2,3,4,6
4487,4,0,0,1,0,0,1,3,1,50,1,2, ,150,1,1, ,1,2,4,4,2,1,2,Xero awar,2,2,2,2,2
4488,11,0,4,7,2,0,6,5,1,56,6,1, ,600,1,1, ,1,5,1,4,4,1,1,siiney,2,2,4,3,1
4489,6,0,1,1,0,1,3,3,1,45,6,1, ,300,1,3, ,1,4,1,4,5,1,7,jigjiga yar,2,2,4,4,5
4490,10,0,0,5,2,0,5,5,1,58,2,2, ,600,1,2, ,1,5,1,5,4,1,1,hargeisa stadium,2,2,5,3,2
4491,5,0,0,0,1,1,1,4,2,58,3,2, ,800,1,1, ,1,4,1,4,4,1,2,150,2,2,3,4,3
4493,8,1,4,3,1,0,5,3,1,40,6,2, ,500,1,2, ,1,3,1,4,4,1,2,daloodho,2,2,4,3,2
4494,3,0,0,1,2,0,1,2,1,39,6,1, ,300,1,1, ,1,3,1,3,3,1,7,Xero awr,2,2,2,3,4
4496,11,2,1,2,0,2,5,6,1,60,7,2, ,600,1,2, ,1,4,1,5,5,1,7,Xero awr,2,2,3,3,2
4497,4,0,0,0,3,0,1,3,2,30,4,1, ,200,1,1, ,1,4,0,2,4,1,5,Qudhcdher,2,2,3,3,3
4498,7,0,0,1,2,1,4,3,1,66,6,2, ,450,1,1, ,1,6,1,5,5,1,2,Hargeisa,2,2,3,4,3
4499,13,0,1,6,4,2,5,8,2,65,1,7,milk saler,200.3,1,1, ,1,4,1,1,1,1,3, ,2,2,3,6,6
4501,4,0,0,0,0,1,1,3,2,60,1,1, ,300,1,1, ,1,3,1,5,5,1,5,masalaha,2,2,4,4,4
4502,12,0,12,11,2,0,6,6,2,52,6,2, ,1000,1,1, ,1,8,1,5,4,1,2,Xawaadle,2,2,5,4,4
4504,11,0,0,8,3,0,6,5,1,55,1,1, ,150,1,1, ,1,4,1,4,5,1,1,half london,2,2,3,3,4
4505,8,1,3,3,2,0,4,4,1,57,2,2, ,600,1,2, ,1,5,1,4,3,1,7,xero_awr,2,2,5,3,2
4507,2,0,0,1,1,0,0,2,2,36,7,1, ,300,1,2, ,1,3,1,4,4,1,7,Xero awr,2,2,4,4,3
4508,8,3,0,0,0,0,4,4,2,48,7,2, ,1500,1,1, ,1,5,1,5,5,1,7,jigjiga yar,2,2, , , 
4509,8,2,3,4,0,0,4,4,2,34,6,1, ,600,1,2, ,1,4,1,4,3,1,7,Goljano,2,2,5,3,2
4510,6,1,2,1,1,1,1,5,2,35,1,7,Employee,250,1,1, ,1,5,1,3,4,1,8,Bada cas,2,2,3,3,3
4512,7,0,0,4,2,0,5,2,1,55,4,1, ,400,1,1, ,1,3,1,4,4,1,6,None I live in Hargeisa city,2,2,5,3,3
4513,7,0,0,0,1,1,3,4,1,60,7,1, ,600,1,1, ,1,4,1,5,5,1,6,150,2,2,4,5,6
4514,11,4,0,1,5,1,5,6,1,50,4,6, ,200,1,1, ,1,4,1,3,4,1,3, ,2,2,3,3,6
4515,14,0,0,5,6,1,9,5,1,54,7,1, ,5000,1,1, ,1,7,1,4,5,1,5,Calaamadaha,2,2,3,5,1
4516,15,8,7,2,0,3,9,6,1,62,4,6, ,0,1,1, ,1,5,1,4,4,1,1,actober village,2,2,3,4,4
4517,9,0,0,1,0,0,3,6,1,54,4,2, ,1500,1,1, ,1,5,1,4,4,1,6, ,2,2,4,4,3
4518,8,0,1,1,2,1,3,5,1,63,6,1, ,280,1,3, ,1,7,1,5,5,1,2,Qaalib,2,2,4,2,3
4520,6,2,1,0,2,0,3,3,1,32,7,2, ,700,1,1, ,1,5,1,4,4,1,7,Jigjiga yarn,2,2,2,3,2
4521,5,2,0,0,1,0,2,3,1,40,7,1, ,300,1,2, ,1,4,1,5,5,1,7,Xero awr,2,2,3,3,2
4522,6,1,1,0,1,0,2,4,2,37,6,1, ,1000,1,1, ,1,4,1,5,3,1,2,Geerash Gacan,2,2,3,3,3
4523,11,1,2,1,2,2,6,5,2,35,6,5, ,500,1,1, ,1,5,1,5,5,1,5,qudhac dheer,2,2,4,4,3
4524,12,0,0,1,0,1,6,6,1,47,7,1, ,2000,1,1, ,1,4,1,3,3,1,3,Isha boorama,2,2,5,3,2
4525,10,0,1,1,0,1,5,5,1,60,1,1, ,300,1,1, ,1,4,2,3,3,1,2,150 streets,2,2,4,3,2
4527,6,0,1,2,1,2,4,2,1,65,4,2, ,1000,1,1, ,1,5,1,4,4,1,7,Gantaalaha,2,2,4,4,2
4528,5,0,1,2,2,0,2,3,1,55,7,2, ,400,1,1, ,3,5,3,3,5,1,7,Jig Jiga Yar / Sacadiin,2,2,4,3,2
4530,6,0,0,0,0,2,3,3,1,72,4,6, ,1000,1,1, ,1,5,1,5,5,1,7,Ifyo Akhiro,2,2,5,4,1
4532,6,0,0,0,0,0,3,3,2,22,4,5, ,500,1,1, ,1,5,1,5,4,1,4,Cilmi boodhari,2,2,5,4,1
4534,6,2,4,2,0,0,2,4,1,32,4,1, ,400,1,2, ,1,3,1,3,4,1,2,150 area,2,2,3,3,3
4535,9,1,0,1,1,0,6,3,1,45,4,4, ,300,1,1, ,1,3,1,2,2,1,2, ,2,2,4,4,3
4536,5,0,0,4,1,0,2,3,2,50,4,2, ,500,1,2, ,1,5,1,5,4,1,2,xero awr,2,2,3,4,3
4538,3,1,1,0,0,0,2,1,1,30,6,1, ,600,1,1, ,3,4,1,3,3,3,7,burco sheekh,2,2,3,3,3
4539,5,0,5,5,1,0,1,4,2,45,6,2, ,240,1,2, ,1,4,1,3,4,1,2,Hargeisa,2,2,4,4,3
4540,29,7,10,12,8,4,16,13,1,60,6,3, ,500,1,2, ,3,3,1,3,3,1,5,Salaxley,2,2, , , 
4541,9,0,0,1,0,1,2,7,1,63,4,1, ,1000,1,1, ,1,5,1,3,4,1,6, ,2,2,4,5,4
4542,6,1,0,0,1,1,3,3,2,65,1,6, ,200,1,3, ,1,4,1,4,5,1,1,cakaara,2,2,4,3,2
4544,13,0,13,11,2,1,9,4,1,60,4,2, ,600,1,1, ,1,6,1,4,3,1,6,sheekh mubarig,2,2,4,3,2
4545,9,0,9,7,2,1,4,5,2,63,1,6, ,530,1,1, ,1,5,1,4,4,1,2,Xawaaadle,2,2,3,3,4
4547,10,0,0,9,1,0,4,6,1,49,7,2, ,1000,1,1, ,1,4,1,5,5,1,5,masalaha,2,2,5,5,4
4548,6,1,5,5,4,1,6,2,2,55,8,1, ,200,1,1, ,3,5,1,3,3,1,7,Xero awr,2,2,2,4,3
4549,6,2,1,0,2,0,4,2,1,38,1,1, ,200,1,1, ,1,2,1,4,4,1,1,isha boorma,2,2,4,2,3
4550,6,0,6,4,2,0,4,1,1,55,4,1, ,550,1,1, ,1,3,1,3,3,1,6, ,2,2,3,3,2
4552,11,0,4,5,1,1,3,8,2,40,4,2, ,1000,1,1, ,1,7,1,4,4,1,1,masale,2,2,4,4,5
4554,9,1,0,0,0,1,3,6,1,67,1,2, ,150,1,2, ,1,5,1,3,2,1,2,Idaacada,2,2,1,4,1
4555,11,0,0,1,1,0,7,4,1,50,6,1, ,1000,1,1, ,1,5,1,4,4,1,2,xero-awr,2,2,4,4,2
4557,9,0,1,0,1,1,4,5,1,70,3,1, ,150,1,2, ,1,4,1,4,4,1,2,Qudhacyada,2,2,5,1,1
4558,11,2,1,1,1,0,6,5,1,40,6,1, ,700,1,1, ,1,6,0,3,5,1,7,Hargeisa,2,2,3,3,3
4559,8,0,1,3,2,0,4,4,2,38,3,1, ,800,1,1, ,1,6,1,5,4,1,3,Jigjiga yar,2,2,4,5,3
4560,7,1,2,3,1,0,3,4,1,40,6,7,Government,1500,1,2, ,1,5,1,3,5,1,9,Waran-cade,2,2,5,4,3
4561,11,1,0,1,0,0,8,3,1,50,8,1, ,500,1,1, ,1,5,1,5,5,1,5,Calaamada,2,2,4,5,4
4563,4,0,1,1,2,0,1,3,2,53,1,1, ,300,1,1, ,1,4,1,3,4,1,7,maroodi jeex,2,2,4,3,3
4564,6,2,1,1,2,0,3,3,2,37,6,2, ,300,1,1, ,1,5,1,5,5,1,6,sh.mubarak,2,2,3,3,3
4565,15,0,0,1,2,0,6,7,1,38,6,1, ,500,1,1, ,1,5,1,3,4,1,2,Hargeisa,2,2,3,3,2
4566,4,1,0,1,1,1,2,2,1,50,3,4, ,180,1,3, ,2,3,1,2,2,1,7,Jigjiga yar,2,2,2,2,1
4567,3,3,0,0,0,1,0,3,2,77,8,7,Financial support from children,500,1,1, ,1,4,1,5,3,1,2,Geedgoble,2,2,3,4,3
4568,3,0,0,2,1,0,1,2,1,29,7,1, ,2540,1,1, ,1,3,1,5,5,1,3,isha_boorama,2,2,2,4,2
4569,11,0,0,9,2,0,8,3,1,50,3,1, ,560,1,3, ,1,5,1,4,3,1,1,siinay,2,2,5,2,1
4570,7,0,0,1,1,0,4,3,1,36,7,1, ,350,1,2, ,1,5,1,5,5,1,2,cabaaye,2,2,3,4,3
4571,4,0,0,0,0,0,2,2,1,45,4,2, ,2000,1,1, ,1,4,1,5,5,1,5,gacanta,2,2,3,5,4
4572,6,0,0,0,4,2,2,4,1,70,4,1, ,450,1,2, ,1,6,1,4,4,1,2, ,2,2,4,4,2
4573,8,2,2,2,1,1,5,3,1,60,4,1, ,300,1,2, ,1,4,1,5,4,1,6,cabaaye,2,2,3,3,3
4574,12,1,5,4,2,0,7,5,1,55,4,6, ,800,1,1, ,1,8,1,5,5,1,5,xidigtab,2,2,3,4,3
4576,6,2,0,0,0,0,2,4,1,52,2,6, ,500,1,1, ,1,3,1,5,5,1,6,New hargiesa,2,2,1,3,4
4577,5,1,4,2,0,0,4,1,1,33,6,2, ,900,1,2, ,1,5,1,5,4,1,2,Xawaadle,2,2,4,3,4
4578,8,0,0,1,2,0,4,4,1,40,5,2, ,500,2,3, ,1,4,2,5,4,1,5,qudhac dheer,2,2,3,4,3
4579,7,0,0,7,2,1,4,3,2,55,2,6, ,200,1,3, ,1,3,1,3,3,1,6,sheekh madar,2,2,5,3,3
4580,13,1,5,3,2,2,6,7,1,65,6,2, ,700,1,1, ,1,9,3,5,5,1,1,I live in gumburaha,2,2,4,5,5
4583,7,2,2,2,1,0,2,5,1,38,6,1, ,850,1,2, ,1,5,1,4,4,1,5,Qudhacdheer,2,2,3,3,3
4584,8,0,1,1,2,0,3,5,1,35,5,6, ,600,1,3, ,2,7,1,3,3,1,2,Cabayeee,2,2,5,2,4
4585,9,2,7,1,3,2,3,6,2,78,7,2, ,300,1,3, ,1,6,1,5,5,1,3,isha boorama,2,2, , , 
4586,12,0,5,5,2,0,4,8,1,49,3,1, ,1000,1,1, ,1,6,1,5,5,1,7,maroodi jeex,2,2,4,5,4
4587,1,0,0,0,0,0,1,0,1,22,6,6, ,0,1,1, ,1,5,1,3,3,1,7,Gacntaalaha,2,2,3,3,3
4588,9,0,0,1,1,2,5,4,1,55,3,6, ,0,1,1, ,1,4,1,3,3,1,1,pepsi,2,2,4,4,3
4589,10,0,0,1,0,0,5,5,1,52,5,7,Government employees,600,1,1, ,1,5,1,4,4,1,1,Octoober,2,2,3,4,3
4590,9,2,1,0,1,1,5,4,1,60,4,2, ,1000,1,1, ,1,5,1,4,4,1,6,new Hargeisa,2,2,3,4,2
4591,9,0,0,1,2,1,5,4,1,60,7,1, ,350,1,2, ,1,4,1,4,3,1,2,26 june,2,2,3,3,3
4592,16,1,1,4,10,2,5,11,2,61,2,2, ,900,1,1, ,1,8,1,4,3,1,6, ,2,2,4,3,1
4593,7,2,0,1,0,0,3,4,1,48,6,1, ,700,1,1, ,1,4,1,3,4,1,2,Sh madar,2,2,4,3,3
4594,5,0,0,3,2,0,3,2,1,34,6,2, ,600,1,1, ,1,4,1,5,4,1,6,Magaalo ugaaso,2,2,3,3,2
4595,5,0,0,1,0,0,2,2,2,43,3,6, ,1000,1,1, ,1,4,1,5,4,1,7,jigjiga yar,2,2,5,4,3
4596,6,1,2,1,2,0,4,2,1,47,4,2, ,1870,2,1, ,1,7,2,3,3,1,1,uubaale,2,2,5,2,5
4597,6,0,6,6,2,1,3,3,2,60,6,6, ,1000,1,3, ,1,5,1,4,3,1,2,Daruuraha,2,2,3,4,3
4598,6,1,0,0,0,0,3,3,1,45,6,1, ,650,1,2, ,1,3,1,3,3,1,2,Geed goble,2,2,5,4,3
4599,8,2,6,4,1,0,3,5,1,29,6,1, ,500,3,1, ,2,5,1,4,4,1,1, ,2,2, , , 
4600,10,0,0,1,0,0,5,5,2,41,4,2, ,1000,1,1, ,1,9,1,4,5,1,4,m.mooge,2,2, , , 
4601,13,0,0,6,3,1,6,7,1,58,5,2, ,600,1,1, ,1,7,1,5,4,1,9,Shiraaqle,2,2,2,4,2
4602,6,0,1,3,2,0,3,3,1,36,7,1, ,580,1,2, ,3,3,1,3,3,1,2,biyo dhacyga hoose,2,2,1,3,3
4605,10,0,2,3,3,2,7,3,2,60,2,4, ,600,1,1, ,1,6,1,4,4,1,6, ,2,2,4,5,1
4606,11,2,3,3,3,0,4,7,1,45,6,2, ,400,1,2, ,1,8,2,4,5,1,6,Aw aadan,2,2,4,3,3
4607,12,2,3,4,2,1,5,7,1,60,6,2, ,400,1,1, ,1,6,2,5,5,3,9,I live in Sheikh,2,2,5,5,5
4609,7,0,7,7,1,0,3,4,2,50,2,6, ,500,1,1, ,1,4,1,5,4,1,7,Xero awr,2,2,5,3,2
4612,4,0,1,1,1,0,1,3,2,40,1,1, ,200,1,1, ,1,5,1,3,4,1,7,Xeroawr,2,2,3,4,3
4614,11,0,0,0,0,0,5,6,1,64,4,1, ,450,1,1, ,1,5,1,5,3,1,1,October,2,2,4,3,2
4615,12,0,2,6,2,2,7,5,1,62,8,1, ,1200,1,2, ,1,5,1,4,4,1,7,Jigjiga yar,2,2,2,4,2
4616,2,0,0,0,1,1,0,2,2,76,2,6, ,800,1,1, ,1,3,1,3,4,1,2,Idaacada,2,2, , , 
4617,7,0,0,0,0,0,4,3,1,52,6,1, ,600,1,2, ,3,5,1,5,5,1,5,150,2,2, , , 
4618,10,0,0,1,0,1,10,2,1,60,7,2, ,1,3,1, ,1,9,1,5,3,1,7,Ibraaahim mood buur,2,2,5,1,6
4619,6,1,0,1,2,2,5,1,1,60,6,1, ,300,1,2, ,1,4,1,5,5,1,7,Xeroawr,2,2,3,3,2
4620,4,0,1,16,1,0,1,3,2,34,6,1, ,200,1,2, ,3,4,1,6,1,1,6,caasimad,2,2,3,2,3
4621,6,0,0,0,0,2,4,2,1,62,6,1, ,1200,1,1, ,1,6,1,4,3,1,2,Hawadle,2,2,3,6,6
4623,6,0,0,2,4,0,3,3,2,40,6,6, ,500,2,3, ,1,4,1,5,5,1,5,calamada,2,2,4,4,3
4625,3,3,2,1,2,1,5,5,1,60,3,4, ,200,3,1, ,1,1,5,3,3,1,2,26 june,2,2,3,3,1
4626,9,0,9,2,1,0,9,6,2,50,8,2, ,1000,1,1, ,1,6,1,4,4,1,7,Xero awr,2,2,3,4,4
4627,8,0,0,1,0,1,3,5,1,67,1,4, ,150,1,1, ,1,5,1,3,3,1,5,masalaha,2,2,5,4,2
4628,7,2,2,2,1,0,5,2,1,40,4,2, ,400,1,2, ,1,5,1,5,3,1,2,Daloodho,2,2,3,3,5
4629,5,0,0,3,2,0,3,2,1,45,1,1, ,400,1,1, ,1,3,1,3,3,1,1,masale,2,2,3,3,3
4631,8,2,1,1,3,1,4,4,1,38,6,1, ,35,1,1, ,1,5,1,4,4,1,1,Half-London,2,2,5,3,3
4632,6,0,0,0,0,0,0,6,2,43,4,1, ,500,1,2, ,1,3,1,4,5,1,7,jigjiga yar,2,2,3,5,3
4633,10,0,0,5,5,0,5,5,1,46,1,1, ,800,1,1, ,1,6,1,3,4,1,5,statuduimka,2,2,3,4,3
4635,8,0,8,6,2,0,3,5,1,50,4,4, ,400,1,1, ,1,5,1,4,4,1,6,sheekh mubarig,2,2,3,4,3
4636,5,0,0,4,1,0,1,4,2,54,3,1, ,700,1,1, ,1,5,1,4,5,1,7,Maroodijeex,2,2,4,5,5
4637,15,2,5,1,2,4,6,8,1,50,3,2, ,600,1,3, ,1,7,6,5,3,1,2,Golano,2,2, , , 
4638,7,2,1,0,0,0,4,3,1,28,3,1, ,300,1,3, ,1,2,1,3,4,1,2,qunyar-dega,2,2,4,3,1
4639,7,1,6,4,2,0,2,5,2,52,3,2, ,300,1,1, ,1,3,1,3,4,1,8,state house,2,2,4,3,2
4641,9,0,2,2,4,1,5,4,2,68,4,6, ,900,1,2, ,1,6,1,5,5,1,3,jigjiga yar,2,2,5,5,3
4643,28,1,4,4,4,0,8,20,1,64,8,2, ,500,3,1, ,1,7,4,5,1,1,1,cakaara,2,2,3,4,6
4644,11,5,0,0,2,1,8,3,1,40,6,2, ,4000,1,1, ,1,5,0,3,4,1,7,jigjigayar,2,2,2,3,2
4645,8,0,0,6,1,1,3,5,1,70,6,7,Retired,700,1,1, ,1,5,1,3,5,1,8,Bada-cas,2,2,3,5,5
4646,8,3,5,0,2,0,5,2,1,63,6,4, ,300,3,1, ,1,6,1,3,3,1,6,gacan libaax,2,2,3,3,3
4647,2,0,0,2,0,0,1,2,1,22,6,5, ,800,1,2, ,1,2,1,4,4,1,1,siinay,2,2,4,3,4
4648,3,0,0,1,1,1,1,2,1,36,7,1, ,350,1,1, ,1,4,1,4,4,1,2,idaacada,2,2,3,4,3
4649,10,0,0,1,1,0,6,4,2,50,6,1, ,500,1,3, ,1,5,1,5,5,1,3,pepsi,2,2, , , 
4653,14,4,3,7,2,1,4,10,1,50,6,2, ,700,1,3, ,1,10,8,5,3,1,5,Hargeisa,2,2,2,2,2
4654,12,0,2,6,2,2,8,4,1,61,8,1, ,1400,1,2, ,1,5,1,3,4,1,7,Jigjiga yar,2,2,2,4,2
4657,7,0,0,5,2,0,3,4,1,55,6,1, ,700,1,2, ,1,5,1,4,4,1,7,sheedaha,2,2,2,4,2
4658,6,0,0,0,5,1,2,4,2,62,4,6, ,500,1,1, ,1,6,1,4,4,1,5,Jameeca-weyn,2,2,4,4,4
4659,6,0,0,0,0,0,3,3,1,58,4,1, ,500,1,1, ,1,4,1,4,4,1,2,idaacada,2,2,4,3,3
4660,11,0,0,0,2,1,8,3,1,66,2,6, ,200,1,1, ,3,7,1,4,4,1,1,total,2,2,3,3,2
4662,10,2,0,3,0,0,4,6,1,59,6,1, ,600,1,1, ,1,4,1,3,4,1,2,Sh madar,2,2,4,3,2
4664,5,0,1,0,0,1,1,4,2,38,6,1, ,250,1,1, ,1,4,0,5,5,1,1,October,2,2,4,5,2
4665,6,1,5,3,2,2,2,4,1,20,4,5, ,500,1,1, ,1,5,1,3,4,1,3,Birishliclic,2,2,3,3,6
4666,11,0,1,7,2,1,7,4,2,70,1,2, ,700,1,1, ,1,5,1,4,5,1,5,xidigta,2,2,4,5,3
4667,1,2,5,6,1,5,6,5,1,30,6,3, ,300,3,2, ,1,2,0,3,4,1,5,mahamuud haybe,2,2,3,3,3
4668,8,0,0,7,0,1,3,5,1,84,7,1, ,520,1,1, ,1,7,1,3,3,1,3,jigjiga yar,2,2,1,5,3
4669,7,2,1,2,1,1,4,3,1,47,3,2, ,320,1,3, ,1,5,1,3,3,1,2,Madaxtooyada,2,2,3,3,3
4670,9,1,1,5,2,0,2,7,1,56,6,2, ,500,1,1, ,1,5,1,5,4,1,1,isha boorma,2,2,4,2,3
4672,7,1,0,4,2,0,3,4,2,37,6,2, ,500,1,3, ,1,4,1,4,4,1,2,xawaadle,2,2,3,4,3
4675,3,0,0,1,0,1,2,1,2,55,1,6, ,100,1,2, ,1,3,1,3,3,1,4,hargaisa,2,2,3,1,6
4676,4,1,1,0,1,0,1,3,2,40,7,7,Government,253,1,1, ,1,5,1,4,2,1,1,Masalaha galbeed,2,2,4,3,2
4677,4,4,1,2,1,0,1,3,2,35,6,1, ,480,1,3, ,2,4,2,5,4,1,7,badacas,2,2,4,2,4
4678,3,1,0,0,1,0,2,1,1,34,7,1, ,300,1,2, ,1,3,0,4,5,1,2,baligubadle,2,2,4,4,4
4679,10,1,0,1,1,1,6,4,1,60,8,1, ,500,1,1, ,1,4,1,4,4,1,1,no village,2,2,4,3,3
4681,6,0,0,0,0,0,0,6,2,42,4,2, ,800,1,2, ,1,3,1,5,5,1,7,Jigjiga yar,2,2,4,2,4
4682,10,0,0,2,0,0,5,5,1,55,3,1, ,600,1,1, ,1,5,1,5,5,1,1,October,2,2,3,3,3
4683,10,2,3,2,2,1,6,4,1,63,1,7,retired,481,1,1, ,1,4,1,3,1,1,1,siinay,2,2,3,3,2
4684,11,1,10,10,2,0,4,7,1,55,6,2, ,550,1,1, ,1,5,1,3,4,1,7,ganad,2,2,4,4,2
4685,12,0,12,9,3,0,4,8,1,58,8,1, ,1200,1,1, ,1,6,1,3,4,1,2,150ka,2,2,3,6,4
4687,8,1,0,1,0,0,3,5,1,50,4,1, ,2000,1,1, ,1,6,1,4,4,1,4,Hargysa,2,2, , , 
4688,13,0,0,1,0,0,7,9,1,30,2,4, ,200,1,3, ,1,5,1,3,5,1,6,caasimad,2,2,3,3,3
4689,9,0,0,5,2,2,5,4,1,62,1,2, ,800,1,2, ,1,5,1,4,4,1,1,October,2,2,3,3,3
4690,6,0,6,4,1,0,3,3,1,28,6,3, ,1000,2,2, ,1,6,1,1,1,1,3,biyo dhacayy,2,2, , , 
4692,10,0,0,1,0,0,5,5,1,52,5,1, ,600,1,1, ,1,5,1,5,5,1,1,October,2,2,4,3,2
4693,13,0,0,5,4,2,8,5,2,73,3,6, ,700,1,3, ,1,9,1,3,3,1,8, ,2,2,2,2,3
4694,10,0,0,1,0,0,4,6,2,45,1,6, ,2000,1,2, ,3,5,1,3,4,1,3,Faluuja,2,2,3,3,3
4695,5,0,5,5,4,0,2,3,1,58,2,3, ,300,1,2, ,1,3,3,3,3,1,4,𝙼𝚊𝚡𝚊𝙼𝚎𝙳 mooge,2,2, , , 
4696,9,0,0,0,0,1,5,4,1,46,2,1, ,1000,1,1, ,1,5,1,4,4,1,1,October,2,2,5,3,3
4698,4,0,0,2,2,0,2,2,1,59,7,1, ,500,1,2, ,1,5,1,3,4,1,7,Jigjiga yr,2,2,3,4,4
4699,4,0,4,4,2,1,2,2,1,76,4,1, ,400,1,1, ,1,5,1,4,3,1,6,sheekh mubarig,2,2,3,3,2
4700,16,2,4,3,4,1,5,6,1,50,4,1, ,400,3,3, ,1,8,400,5,6,1,3,New hargaysa,2,2, , , 
4701,6,2,1,3,0,0,3,3,1,30,6,1, ,700,1,2, ,3,4,1,5,4,1,1,masale,2,2,3,4,3
4702,5,0,2,1,2,0,2,3,1,38,6,1, ,1740,2,1, ,1,5,2,4,3,1,1,masalaha,2,2,3,2,3
4703,3,1,0,2,0,0,1,2,1,26,6,1, ,350,1,2, ,1,4,1,4,3,1,5,calaamada,2,2,3,3,2
4705,7,3,1,2,2,0,4,3,1,40,2,2, ,550,1,1, ,1,5,1,5,4,1,1,isha boorma,2,2,4,1,3
4706,8,4,4,2,0,0,4,4,1,34,7,2, ,5555,1,1, ,1,5,2,3,4,1,8, ,2,2,3,4,5
4708,5,1,2,0,2,0,2,3,1,34,6,2, ,500,1,1, ,1,3,1,4,4,1,1,October,2,2,3,3,2
4709,13,1,1,1,0,0,6,7,1,55,3,1, ,200,1,1, ,1,5,1,4,4,1,3,qandahaar,2,2,5,4,2
4710,2,0,0,0,0,0,1,1,1,80,1,7,askari,200,1,1, ,1,2,1,3,4,1,3,isha borama,2,2,3,3,2
4711,11,11,0,0,0,1,4,7,1,53,6,2, ,800,1,1, ,1,8,2,5,3,1,2,Geedgoble,2,2,3,4,3
4712,8,0,1,3,2,2,3,5,2,61,3,2, ,1200,1,1, ,1,6,1,5,4,1,6,magaalo ugaaso,2,2,5,4,2
4714,9,0,1,7,1,1,4,5,1,61,7,1, ,1000,1,2, ,3,6,1,4,4,1,4, ,2,2,4,3,3
4715,5,0,0,0,0,0,2,2,2,52,1,6, ,800,1,1, ,1,4,1,3,3,1,3,Faluuja,2,2,2,3,3
4716,5,0,0,1,0,1,1,4,1,80,5,6, ,700,1,2, ,1,3,1,4,4,1,3,Isha borame,2,2,4,3,4
4717,5,0,0,0,0,0,3,2,1,55,4,1, ,250,1,1, ,1,3,1,3,2,1,6,Sheekhnour,2,2,4,2,2
4718,8,0,0,0,1,0,5,3,1,35,6,1, ,200,1,1, ,1,5,1,4,4,1,6,sh nuur,2,2, , , 
4719,9,0,0,1,0,0,6,3,2,52,6,2, ,500,1,1, ,1,6,1,5,5,1,4,M mooge,2,2,4,5,6
4721,4,0,0,0,0,0,1,3,1,49,6,2, ,500,1,1, ,1,4,1,5,5,1,6,Sheekhmadar,2,2,4,5,2
4722,13,1,1,0,2,1,7,6,1,66,7,2, ,5000,1,1, ,1,10,2,5,5,1,7,Jigjiga yar,2,2,3,3,4
4723,8,0,0,6,2,1,2,6,1,60,4,4, ,900,1,2, ,1,6,1,3,4,1,9,New Hargeisa,2,2,4,2,5
4725,13,7,6,6,3,1,9,6,1,35,2,1, ,400,1,3, ,2,6,3,3,5,3,2,maroodi jeeh,2,2,2,3,3
4726,3,1,0,2,0,0,2,1,1,26,7,2, ,1200,1,2, ,1,5,1,4,4,1,9,New Hargeisa,2,2,3,4,5
4727,6,0,0,1,0,1,3,3,1,62,7,2, ,900,1,2, ,1,5,1,3,4,1,3,Faluuja,2,2,3,3,3
4728,11,5,2,2,1,0,5,6,1,36,6,1, ,300,1,1, ,1,6,1,5,5,1,4,caasimad,2,2,5,3,3
4729,3,0,0,3,1,0,2,3,2,47,6,2, ,320,1,1, ,1,4,1,4,4,1,1,isha boorma,2,2,4,4,4
4731,9,0,0,3,2,1,9,5,2,34,6,1, ,5000,1,1, ,1,7,1,4,4,1,7, ,2,2,3,4,4
4734,7,0,1,4,1,1,4,3,1,35,1,7,Employee,200,1,1, ,1,4,1,3,3,1,8,State house,2,2,3,3,3
4735,4,1,0,0,1,1,0,4,2,60,1,2, ,600,1,1, ,1,4,1,5,4,1,1,October,2,2,3,3,2
4736,6,1,1,1,1,1,3,3,1,59,4,3, ,250,1,4,chair,1,7,5,1,1,3,3,vally of death,2,2,1,1,1
4737,6,2,0,0,0,0,4,2,2,42,4,1, ,160,1,2, ,1,2,1,3,3,1,2,gobanimo,2,2,3,2,2
4739,3,0,0,3,0,2,2,1,1,60,6,2, ,700,1,1, ,1,5,0,5,5,1,7,xero Awr,2,2,5,5,3
4740,5,0,0,0,0,0,1,4,1,32,7,2, ,1000,1,1, ,1,9,2,4,5,1,5, ,2,2,4,1,4
4741,11,0,0,1,1,0,5,6,2,53,1,6, ,1900,1,1, ,1,7,1,4,4,1,3,Faluuja,2,2,3,3,3
4742,4,0,2,0,2,0,2,2,1,53,1,6, ,150,1,1, ,1,4,1,2,2,1,3,jigjiga yar,2,2,4,3,2
4743,7,2,0,2,3,0,4,3,1,35,2,6, ,500,1,1, ,1,6,2,3,4,1,1, ,2,2,4,6,6
4744,12,2,0,0,1,1,4,8,2,63,3,1, ,400,1,1, ,1,5,0,3,4,1,1,stadyoonka,2,2,3,3,4
4745,3,1,0,0,1,0,1,2,1,50,1,1, ,200,1,2, ,1,1,1,1,4,1,1,Iftin area,2,2,3,4,5
4746,6,0,0,1,0,0,4,2,1,58,6,1, ,300,1,2, ,1,4,1,3,4,1,6,new Hargeisa,2,2,4,4,3
4748,16,0,0,0,5,2,5,11,1,89,6,7,Other,1000,1,2, ,1,13,3,5,4,1,7,Jogjiga yar,2,2,4,3,2
4749,10,0,5,3,2,0,6,4,1,45,6,1, ,800,3,1, ,1,6,2,5,4,1,3, ,2,2,3,4,4
4750,6,0,5,3,2,0,3,3,1,48,4,1, ,2000,3,1, ,1,6,1,5,4,1,7,jig,2,2,4,2,1
4751,3,1,0,1,1,0,1,2,2,50,4,6, ,700,1,2, ,1,4,1,5,4,1,7,Ganad,2,2, , , 
4752,4,2,1,1,1,0,3,1,1,35,6,2, ,200,1,2, ,1,4,1,3,3,1,1,caasimad,2,2,3,3,3
4753,6,0,0,3,3,0,2,4,1,48,6,2, ,790,1,1, ,1,8,2,4,5,1,6,sheekh madar,2,2,2,5,3
4756,6,0,0,4,2,1,2,4,1,61,6,1, ,600,1,1, ,1,1,0,5,5,1,7,xero awr,2,2,5,5,5
4758,6,0,0,5,2,0,4,2,1,58,2,1, ,200,1,3, ,1,3,1,3,4,1,6,Daami,2,2,5,4,3
4759,9,0,0,1,4,2,5,4,1,65,4,3, ,700,2,3, ,3,4,1,4,3,1,7, ,2,2,3,3,3
4760,10,2,1,0,1,0,3,7,1,40,4,1, ,400,1,2, ,1,2,5,5,4,1,1,October,2,2,4,2,1
4761,7,0,1,4,0,2,4,3,1,60,7,4, ,400,1,1, ,1,4,0,4,4,1,7,jigjiga yar,2,2,5,3,1
4762,9,2,3,2,1,1,4,5,1,63,5,1, ,400,1,1, ,1,3,1,2,2,1,3,jigjiga yar,2,2,4,5,2
4763,6,0,0,0,0,1,3,3,1,60,4,2, ,800,2,1, ,1,5,1,4,4,1,7,Maroodi-jeex,2,2,3,3,3
4765,6,2,0,1,3,0,2,4,1,40,6,1, ,600,1,1, ,1,4,1,4,4,1,1, ,2,2,4,4,6
4766,3,0,0,0,1,2,3,0,1,61,4,1, ,600,1,2, ,1,3,1,4,5,1,2,150street,2,2,4,5,1
4768,8,1,1,3,2,0,3,5,1,41,6,1, ,1000,1,2, ,1,5,1,4,4,1,7,Ex control,2,2,1,4,5
4770,9,1,1,1,2,1,2,7,1,50,6,2, ,250,2,1, ,2,4,1,4,4,1,2,hargeisa,2,2,3,3,4
4771,9,2,0,3,2,0,3,6,1,42,7,2, ,3000,1,1, ,1,6,1,4,4,1,7, ,2,2,4,2,5
4772,11,0,0,2,3,0,6,5,2,50,7,2, ,700,1,1, ,2,9,1,5,3,1,2,hargeisa,2,2,3,1,4
4774,9,2,0,1,3,2,3,6,2,78,7,2, ,300,1,3, ,1,5,1,3,5,1,3,isha boorama,2,2,3,5,4
4775,5,1,2,2,2,0,2,3,1,42,6,2, ,700,1,1, ,1,6,1,5,4,1,7,Jigjiga yar,2,2,4,5,4
4777,12,0,0,9,2,0,6,6,1,50,4,2, ,600,3,3, ,1,6,1,5,4,1,3,sheekh cumar,2,2,3,4,3
4778,12,12,2,2,10,2,5,7,2,61,6,2, ,600,3,1, ,1,7,7,2,6,1,1,October,2,2,1,3,1
4779,8,1,0,0,3,2,4,4,1,63,6,1, ,500,1,1, ,1,7,1,4,1,1,4,Calamada,2,2,3,3,6
4780,12,5,3,2,1,1,7,5,2,65,6,1, ,300,3,1, ,1,5,1,3,1,1,1,siinay,2,2,3,4,3
4781,8,0,0,1,0,0,3,4,2,25,6,2, ,800,1,2, ,1,5,2,4,3,1,1,Masalaha galbeed,2,2,4,4,3
4782,9,2,1,4,2,0,5,4,1,43,4,1, ,250,1,2, ,1,3,1,4,4,1,6,Cabaaye,2,2,4,3,2
4783,6,2,0,0,1,0,2,4,1,45,5,2, ,500,1,1, ,1,3,1,4,4,1,1,October,2,2,3,3,2
4784,12,0,0,0,3,1,6,7,1,80,7,2, ,350,2,1, ,2,5,1,4,3,1,7,hargeisa,2,2,3,3,3
4785,5,0,0,1,0,0,1,4,1,50,4,6, ,100,1,3, ,1,1,1,2,4,1,5,jameeco weyn,2,2,2,2,2
4786,10,1,9,5,2,2,8,2,1,52,6,2, ,400,1,1, ,1,5,1,5,5,1,6,sh.madar,2,2,3,3,2
4787,5,0,0,2,2,1,1,4,1,37,6,1, ,250,1,1, ,1,1,4,5,5,1,7,Maroodijeex,2,2,5,5,3
4788,8,0,0,1,0,2,3,5,1,63,4,1, ,1000,1,1, ,1,5,0,5,4,1,1,pepsi,2,2, , , 
4789,5,1,1,1,1,2,1,4,1,60,4,5, ,1000,1,3, ,2,9,2,5,5,1,3,Isha boorama,2,2, , , 
4790,8,3,1,2,2,0,3,5,1,36,6,1, ,300,1,1, ,1,4,1,5,1,1,3,isha boorama,2,2, , , 
4791,4,1,1,1,1,0,2,2,1,34,6,1, ,2670,1,2, ,1,4,1,4,4,1,1,masalaha,2,2,2,3,2
4792,7,0,4,1,2,0,4,3,1,54,4,4, ,100,3,3, ,2,3,1,3,3,1,3, ,2,2,3,3,2
4793,7,0,0,1,1,0,3,4,1,36,7,1, ,5000,1,1, ,1,8,2,4,5,1,5, ,2,2,4,2,3
4794,10,3,1,1,2,0,7,3,1,35,6,1, ,200,1,1, ,1,5,1,4,3,1,1,caasimad,2,2,4,3,3
4795,12,2,0,2,1,1,4,8,1,65,7,5, ,350,2,2, ,1,5,1,4,3,1,7,hargeisa,2,2,3,3,3
4796,4,0,0,0,0,1,2,2,1,64,7,2, ,700,1,3, ,1,5,1,5,4,1,4,Jungalka,2,2, , , 
4797,7,2,2,0,3,0,2,5,1,46,7,1, ,700,1,2, ,1,5,1,4,4,1,3,jigjiga yar,2,2,5,5,3
4798,9,3,1,1,1,0,4,5,1,36,3,7,driver,400,1,1, ,1,3,1,4,4,1,5,calaamada,2,2,4,5,6
4799,8,3,1,2,0,1,3,5,1,36,6,1, ,300,1,1, ,1,4,1,4,2,1,3,isha boorama,2,2,1,3,4
4800,9,0,9,8,1,0,5,4,2,51,2,2, ,1000,3,1, ,1,5,1,5,5,1,7,j,2,2, , , 
4801,9,8,1,4,2,1,3,6,2,20,4,6, ,300,3,1, ,1,5,2,1,4,1,5,Qudhac dheer,2,2,1,3,3
4803,4,0,0,0,0,1,2,2,1,63,7,2, ,700,1,3, ,1,5,1,5,5,1,4,Jungalka,2,2,4,4,4
4805,7,6,0,0,1,0,2,5,1,40,6,2, ,1600,1,1, ,1,6,1,4,3,1,1,Masalaha galbeed,2,2,4,4,2
4806,13,0,5,3,3,2,6,7,1,70,6,2, ,500,1,1, ,1,6,2,5,5,2,9,I live in burco,2,2,4,5,5
4808,10,0,3,5,2,1,5,5,1,40,7,4, ,1000,1,1, ,1,6,1,3,4,1,2,daruuraha,2,2,4,3,3
4809,5,2,0,0,0,0,1,4,1,20,4,1, ,300,1,3, ,1,3,1,3,4,1,3,isha boorama,2,2,5,3,3
4812,3,0,0,0,3,2,2,1,1,71,4,2, ,700,1,1, ,1,4,1,5,5,1,1,siinay,2,2,3,2,5
4813,5,1,0,0,1,0,1,4,1,35,7,1, ,700,1,2, ,1,4,1,5,5,1,5,Masalaha,2,2,2,5,4
4814,10,2,1,2,3,1,6,4,1,67,2,1, ,800,1,2, ,1,5,1,4,5,1,2,Idaacada,2,2,3,4,4
4815,4,0,0,3,0,1,1,3,2,60,6,7,Police officer,600,1,1, ,1,2,1,3,4,1,9,Waran-cade,2,2, , , 
4816,10,0,2,3,3,2,6,4,1,60,6,1, ,500,1,2, ,1,5,1,4,4,1,5,Hargeisa,2,2, , , 
4817,10,2,8,5,2,0,2,8,1,55,6,2, ,200,1,1, ,1,5,1,5,4,1,7,Sheedaha,2,2,3,5,3
4818,9,2,3,2,1,2,4,5,1,55,6,6, ,200,1,2, ,1,3,1,4,5,3,6,I live in berbera,2,2,5,5,5
4819,8,0,1,1,1,0,5,3,2,50,5,2, ,400,1,3, ,1,6,1,3,4,1,7,jigjiga yar,2,2,3,3,4
4820,7,1,2,1,2,1,3,4,2,51,4,7,homemaker,1121,2,1, ,1,6,2,2,2,1,1,uubaale,2,2,2,3,3
4821,12,0,0,0,0,1,6,6,1,60,6,1, ,1000,1,1, ,1,8,1,5,5,1,1,october,2,2,4,3,3
4822,9,2,0,0,1,1,6,3,1,65,1,1, ,250,1,1, ,1,5,1,5,5,1,5,masalaha,2,2,5,5,1
4824,4,1,0,0,1,0,1,3,1,42,2,1, ,300,1,2, ,1,3,1,4,4,1,3,isha borama,2,2,3,3,2
4825,9,0,0,2,3,0,5,4,2,37,3,1, ,400,1,1, ,1,5,1,5,4,1,7,Shacabka,2,2,4,5,3
4826,8,0,8,6,1,0,4,4,1,58,4,1, ,400,1,2, ,1,3,1,4,3,1,6,sheekh mubarig,2,2, , , 
4827,5,0,0,0,2,0,3,2,1,46,6,4, ,7000,1,1, ,1,5,1,4,4,1,7, ,2,2,4,4,4
4828,4,0,0,2,2,0,1,3,1,30,7,1, ,480,1,2, ,1,3,1,5,4,1,7,Gantaalaha,2,2,5,3,2
4829,1,0,0,0,1,0,1,0,1,50,7,4, ,500,2,1, ,1,2,1,4,4,1,2,daruuraha,2,2,3,4,3
4830,13,1,0,1,1,0,6,7,1,55,3,2, ,600,1,1, ,1,6,1,4,4,1,1,Stadium area,2,2,3,4,3
4831,6,1,0,1,1,0,4,2,1,35,6,1, ,400,1,2, ,3,4,1,4,4,1,6,sh.mader,2,2,1,3,2
4834,10,0,0,1,0,0,4,5,2,53,6,1, ,500,1,2, ,1,6,1,4,3,1,7, ,2,2,3,3,3
4835,13,2,3,2,5,0,9,4,1,55,6,1, ,500,1,3, ,1,5,5,4,4,1,1,siinay,2,2,4,3,3
4837,9,2,1,5,2,1,4,4,1,20,6,1, ,500,1,3, ,1,6,0,4,1,1,7,sheedaha,2,2,4,5,4
4838,4,0,0,0,0,0,0,4,2,40,1,7,Idk,500,1,1, ,1,5,1,5,3,1,1, ,2,2,4,4,2
4839,8,1,0,1,1,0,5,3,1,50,5,2, ,400,1,3, ,1,6,1,3,4,1,7,jigjiga yar,2,2,4,4,4
4840,11,4,1,3,2,1,5,6,1,44,4,1, ,350,1,2, ,1,4,1,4,4,1,5,Xidigta,2,2,4,4,3
4841,8,0,0,1,2,2,2,6,1,78,4,1, ,400,1,1, ,1,4,1,1,5,1,1,masalaha,2,2,1,3,4
4842,6,0,0,1,1,1,3,3,1,60,6,1, ,400,1,2, ,1,4,0,4,3,1,2,150,2,2,4,3,2
4843,9,2,1,3,1,0,2,5,1,38,6,1, ,300,1,1, ,1,6,2,4,3,1,1,caasimad,2,2, , , 
4844,6,2,1,2,1,1,4,2,2,45,3,1, ,500,1,2, ,1,2,1,2,4,1,5,total,2,2,2,1,3
4845,10,1,1,8,2,0,5,5,1,51,4,2, ,400,3,3, ,1,7,1,3,4,1,7,JIGJIGAYAR,2,2,3,4,3
4846,4,0,0,3,0,1,1,3,2,60,6,7,Police officer,300,1,1, ,3,2,1,3,4,1,9,Waran-cade,2,2,2,2,1
4848,7,0,0,0,2,2,5,2,1,60,4,4, ,500,1,1, ,1,4,1,5,4,1,1,0,2,2,4,3,2
4849,3,0,0,2,1,0,0,3,2,56,1,2, ,1000,1,1, ,1,5,1,5,5,1,2,daloodho,2,2,3,4,5
4850,4,0,0,1,3,0,3,1,1,45,6,1, ,400,1,1, ,3,3,1,4,3,1,2,150,2,2, , , 
4851,7,0,0,1,1,2,3,4,1,67,1,1, ,80,1,1, ,1,6,2,2,1,1,3,Biibsi,2,2,4,2,5
4852,7,0,1,3,2,1,4,3,1,62,4,6, ,400,1,2, ,1,4,1,4,4,1,3,Isha boorama,2,2,4,3,2
4853,14,0,0,0,0,1,7,7,1,60,6,2, ,500,1,1, ,1,6,1,3,4,1,6,new Hargeisa,2,2,3,4,2
4854,7,2,2,1,2,0,4,3,1,36,7,2, ,1000,3,3, ,1,6,0,4,5,1,2, ,2,2,4,3,3
4855,11,2,1,2,1,0,2,6,1,34,6,2, ,200,1,1, ,1,6,2,4,3,1,1,caasimad,2,2,3,4,3
4856,4,0,0,1,0,0,3,1,1,53,4,1, ,600,1,1, ,1,4,1,5,5,1,4,qudhac dheer,2,2,3,6,3
4857,5,0,0,2,0,0,2,3,1,40,2,1, ,300,1,1, ,1,4,1,4,3,1,4,Boodhari,2,2,3,4,4
4858,7,0,1,4,1,1,4,3,2,70,6,6, ,600,1,3, ,1,6,1,4,4,1,8,redsea,2,2,4,4,3
4859,20,0,0,8,9,3,11,9,1,69,3,7,soldier,200.25,1,1, ,1,7,1,3,2,1,3, ,2,2,3,3,6
4860,5,0,0,0,0,2,2,3,1,60,7,6, ,500,1,1, ,1,5,1,4,5,1,2,150ka,2,2,4,3,2
4862,9,4,5,4,3,0,4,5,1,45,6,1, ,300,1,1, ,1,4,1,4,5,1,6,Gacan libaax new Hargeisa,2,2,5,2,4
4863,3,1,0,0,0,0,1,2,1,30,6,1, ,400,1,2, ,1,3,1,4,4,1,4,mohamed mooge,2,2,5,4,3
4864,5,0,0,5,2,0,2,3,1,40,6,1, ,200,1,2, ,3,5,1,4,4,1,8,badacas,2,2,5,5,1
4866,12,3,1,0,0,1,5,7,2,60,6,7,No,1000,1,1, ,1,5,1,5,3,1,7,Gantaalaha,2,2,3,4,2
4867,5,1,0,1,1,0,3,3,1,45,1,2, ,300,1,1, ,1,3,1,3,3,1,7, ,2,2,3,3,3
4868,15,1,0,0,0,1,5,10,2,53,6,6, ,1000,1,1, ,2,9,1,5,5,1,7, ,2,2,2,3,6
4869,5,2,3,2,0,0,3,2,1,22,3,4, ,200,3,2, ,1,4,1,3,3,1,7,jigjigayer,2,2,4,1,1
4871,17,0,1,1,0,0,9,8,1,53,2,4, ,1200,1,1, ,1,5,1,4,4,1,1,Stadium,2,2,5,3,3
4872,3,1,0,1,0,0,2,1,1,26,6,1, ,300,1,2, ,1,3,1,2,6,1,1,siinay,2,2,3,2,3
4873,5,0,0,0,0,0,3,2,1,33,7,2, ,2000,1,1, ,1,8,1,5,2,1,7,jigjiga yar,2,2,3,1,4
4874,13,0,0,2,0,1,8,5,1,50,7,1, ,300,1,1, ,1,5,1,5,5,1,2,Goljanno,2,2,4,4,2
4875,10,1,0,1,2,2,4,6,1,62,6,2, ,500,1,3, ,1,6,1,5,4,1,2,Hargeisa,2,2,3,3,3
4876,5,0,0,1,0,0,3,2,2,48,4,1, ,300,1,1, ,1,4,0,4,3,1,6,Cabaaye,2,2,4,3,2
4877,4,1,1,0,0,0,2,2,1,25,6,1, ,300,1,2, ,1,3,1,5,4,1,2,26 june,2,2,3,5,2
4878,11,0,11,11,2,2,7,4,1,60,7,2, ,350,1,1, ,1,6,1,6,5,1,1,October,2,2,5,3,2
4879,8,0,8,6,2,0,3,5,1,52,4,4, ,300,1,1, ,1,4,1,4,4,1,6,sheekh mubarig,2,2,3,3,3
4880,5,0,1,1,2,1,3,2,1,45,1,1, ,250,1,2, ,2,4,1,3,3,1,1,siinay,2,2,4,3,3
4882,6,0,1,3,2,0,2,4,1,53,6,2, ,1000,1,1, ,1,8,2,5,5,1,6,sheekh madar,2,2,3,4,2
4883,7,0,1,2,1,0,3,4,1,35,5,2, ,200,1,2, ,1,5,1,5,4,1,1,caasimad,2,2,3,3,3
4884,3,1,1,0,0,0,0,3,2,29,7,6, ,200,1,1, ,2,2,1,4,5,1,7, ,2,2,3,3,2
4887,5,2,0,0,3,0,3,2,1,34,7,1, ,1000,1,1, ,1,6,1,5,5,1,3,Pepzi-ga,2,2,3,5,4
4888,11,1,2,2,1,2,5,6,1,64,6,1, ,600,1,1, ,1,5,1,4,3,1,1, ,2,2,3,3,3
4889,6,0,2,1,2,1,3,3,1,37,7,1, ,500,1,1, ,1,4,1,4,3,1,7,Xero awr,2,2,3,4,4
4890,7,0,0,1,1,1,2,5,1,75,6,2, ,900,1,1, ,1,3,1,5,5,1,7,shacabka,2,2,2,1,3
4891,7,2,0,1,3,1,3,4,1,60,4,2, ,500,1,1, ,1,6,1,3,3,1,7,jigjigayar,2,2,5,3,1
4892,9,2,2,1,2,1,5,4,1,61,6,1, ,300,1,2, ,1,5,1,5,4,1,7,Xeroawr,2,2,3,3,3
4893,7,0,0,0,1,0,4,3,1,45,6,2, ,700,1,1, ,1,7,1,4,4,1,7,Jigjiga yarn,2,2,2,2,3
4894,9,0,0,1,1,0,5,4,1,35,4,1, ,600,1,2, ,1,5,1,4,5,1,1,Siinaay,2,2,3,3,6
4895,10,1,1,1,0,0,3,7,1,53,5,1, ,500,1,1, ,1,5,1,3,4,1,2,26 june,2,2,3,4,6
4896,8,0,0,0,2,1,5,3,1,63,3,1, ,200,1,1, ,1,4,1,4,3,1,7,jig jiga yar,2,2,5,3,2
4898,15,0,2,9,1,2,7,8,1,63,6,2, ,1300,1,1, ,1,7,1,4,4,1,9,hodan-hills,2,2,4,2,2
4900,15,2,1,5,2,0,8,7,1,53,6,2, ,500,1,1, ,1,6,1,4,4,1,7,Hargeisa,2,2,4,3,3
4901,8,0,0,2,1,2,1,7,2,55,4,2, ,600,1,1, ,1,3,1,3,3,1,2,idaacada,2,2,4,3,2
4903,9,0,0,0,0,0,2,7,2,38,6,1, ,200,1,1, ,1,5,1,5,4,1,2,Qaalib,2,2,3,3,4
4905,6,1,1,2,1,1,2,4,2,65,1,2, ,200,1,1, ,1,3,1,4,4,1,2,Goljano,2,2,4,3,2
4906,11,1,1,6,2,1,6,5,1,66,1,1, ,650,1,1, ,1,6,1,3,4,1,2, ,2,2,4,5,1
4907,4,2,0,0,2,0,3,1,1,33,6,1, ,400,1,2, ,1,3,1,4,4,1,1,october,2,2,3,3,3
4908,13,0,0,0,1,2,7,6,2,63,8,2, ,500,1,1, ,1,6,1,5,2,1,1, ,2,2,3,3,3
4910,8,0,0,3,0,0,5,3,1,34,6,2, ,1000,1,1, ,1,5,1,4,4,1,7, ,2,2,2,1,4
4911,7,0,1,2,1,0,4,3,1,40,6,1, ,300,1,1, ,1,6,1,5,4,1,3,caasimad,2,2,3,3,3
4912,12,0,0,1,1,0,6,6,1,70,2,6, ,500,1,3, ,1,7,1,5,4,1,7,Sha'ab,2,2,5,4,4
4914,4,0,1,1,0,0,2,2,2,27,4,1, ,500,2,2, ,3,2,1,3,3,1,8,Goljanno,2,2,3,2,3
4915,6,2,1,0,0,0,9,10,1,46,7,2, ,250,1,1, ,1,7,2,5,5,1,2,26 June,2,2,3,3,3
4916,15,3,0,1,1,15,5,10,1,40,7,2, ,2000,1,1, ,1,4,2,3,4,1,7,badda cas,2,2,4,4,3
4917,7,0,7,7,2,2,5,2,1,65,6,1, ,250,1,1, ,1,4,1,4,4,1,7,xero awr,2,2,3,3,3
4918,7,1,1,0,1,0,4,3,1,38,6,2, ,1000,1,1, ,1,6,1,4,4,1,2,150,2,2,3,4,3
4919,7,1,2,2,2,0,3,4,1,36,4,1, ,490,1,2, ,3,3,1,3,3,1,2,biyo dhacyga hoose,2,2,2,3,3
4920,10,0,0,3,7,0,6,4,2,41,5,2, ,900,1,1, ,1,5,1,4,3,1,2,Daloodho,2,2,3,3,2
4921,8,0,0,0,1,0,5,3,2,29,7,1, ,400,1,1, ,1,4,1,4,5,1,1,Siinaay,2,2,1,3,3
4922,10,0,0,1,0,0,5,5,1,50,6,1, ,200,1,3, ,1,4,1,4,4,1,2,Idaacada,2,2,3,3,3
4923,5,0,0,1,0,0,2,3,2,52,1,1, ,300,1,1, ,1,5,1,4,4,1,1,siinay,2,2,3,4,2
4924,10,0,0,1,0,1,6,4,1,60,2,2, ,650,1,1, ,1,4,1,4,4,1,1,isha boorama,2,2,2,3,4
4926,3,0,0,0,1,0,2,1,1,37,6,1, ,2000,1,3, ,1,5,1,5,5,1,7, ,2,2,3,3,4
4928,7,0,0,3,0,0,3,4,1,23,3,1, ,600,1,1, ,1,4,1,4,4,1,2,cabaaye,2,2,3,4,4
4929,5,1,1,1,1,1,3,2,1,40,4,2, ,500,1,1, ,1,5,1,4,4,1,2,Area shacabka,2,2,5,4,4
4931,9,0,0,0,0,0,7,2,1,52,7,1, ,1200,1,1, ,1,5,1,3,3,1,2,Idaacada,2,2,3,3,6
4932,5,2,0,0,3,0,3,2,1,34,7,1, ,1000,1,1, ,1,6,1,5,5,1,3,Pepzi-ga,2,2,4,5,4
4934,7,0,0,4,1,0,3,4,2,55,1,2, ,500,1,1, ,1,5,1,4,5,1,2,hargeisa,2,2,2,5,2
4935,5,0,0,4,1,0,3,2,1,25,4,1, ,400,1,1, ,1,3,1,4,3,1,1,masale,2,2,3,3,3
4937,6,2,1,0,1,0,2,4,1,37,6,1, ,300,1,1, ,1,5,1,5,3,1,4,caasimad,2,2,3,3,3
4939,6,0,5,1,1,1,3,3,2,63,6,2, ,250,1,1, ,1,5,1,4,4,1,9,150,2,2,3,3,3
4941,15,0,3,8,2,2,7,8,1,63,3,2, ,1200,1,1, ,1,7,1,4,4,1,9,hodan hills,2,2,3,3,2
4942,8,2,0,4,3,2,4,4,1,75,1,7,Solider,800,1,1, ,1,7,1,5,4,1,3,Isha boorama,2,2,3,5,2
4943,11,0,0,0,1,1,6,4,1,50,4,1, ,700,1,1, ,1,4,1,4,5,1,1,Siinaay,2,2,1,3,6
4944,6,0,0,1,1,1,3,3,1,63,6,1, ,200,1,1, ,1,5,1,5,5,1,2,150 ka,2,2,3,3,5
4946,5,1,0,0,4,0,1,4,2,33,6,2, ,550,1,3, ,1,4,1,3,5,1,5,Jameeco-Weyn,2,2,3,3,3
4949,7,0,0,5,2,0,2,5,2,50,4,6, ,500,1,1, ,1,5,1,4,4,1,1,masalaha,2,2,4,4,4
4950,6,0,0,0,1,1,3,3,1,63,6,1, ,200,1,1, ,1,6,1,5,5,1,2,150,2,2,2,2,6
4951,4,2,2,2,0,0,2,2,1,24,6,6, ,150,1,1, ,1,2,1,4,3,1,3,faluuja,2,2,3,3,2
4953,9,0,9,1,0,0,2,7,2,45,6,2, ,250,1,1, ,1,5,1,4,4,1,2,Qaalib,2,2,3,3,4
4954,22,12,5,5,1,1,8,5,2,55,6,1, ,100,3,3, ,3,4,4,3,4,1,5,Hargeisa,2,2,4,3,3
4955,18,2,0,6,8,2,8,10,1,62,7,2, ,4000,1,1, ,1,13,2,4,4,1,7,Ex control,2,2,5,3,2
4956,7,0,0,1,1,1,4,3,1,51,6,2, ,250,1,1, ,1,4,1,4,4,1,2,Qudhacyada,2,2,3,3,3
4957,5,0,2,1,3,0,4,1,1,51,3,7,short-term labor,150,1,3, ,1,1,1,2,2,1,5,Dumbluq area,2,2,2,6,6
4958,8,2,6,1,1,1,3,3,1,22,6,6, ,100,3,3, ,2,4,1,2,3,1,1,Ahmed dhagah,2,2,3,2,2
4959,4,2,0,0,1,0,2,2,1,54,3,1, ,250,2,1, ,2,3,1,4,3,1,2,hargeisa,2,2,3,2,3
4960,8,2,2,1,2,1,4,4,1,61,2,5, ,500,1,1, ,1,6,1,5,4,1,1,Iftin area,2,2,4,4,5
4961,7,3,1,0,1,0,5,2,1,45,4,1, ,300,1,2, ,1,4,1,2,4,1,1,siinay,2,2,3,2,1
4962,5,0,0,2,0,0,2,3,1,34,5,5, ,2000,1,1, ,1,5,1,5,4,1,7, ,2,2,4,4,6
4963,11,0,3,4,2,2,6,5,1,65,6,2, ,400,1,1, ,2,5,1,5,5,4,9,I live in cerigaabo,2,2,4,5,5
4965,6,3,1,0,1,0,3,3,1,35,6,1, ,200,1,1, ,1,5,1,4,5,1,7,xero awr,2,2,4,4,1
4966,6,1,1,0,1,1,0,6,2,38,4,2, ,1000,1,2, ,1,4,1,5,3,1,2,150,2,2,4,4,3
4969,8,0,0,3,2,0,3,5,1,30,4,1, ,800,1,1, ,1,6,1,5,4,1,3,Jigjiga yar,2,2,4,5,2
4970,9,0,0,1,0,0,6,3,2,52,6,2, ,500,1,1, ,1,6,1,5,5,1,4,M mooge,2,2,3,3,6
4971,13,1,0,1,0,1,5,8,1,60,6,1, ,800,1,1, ,1,6,1,4,5,1,4,Xidigta,2,2,3,4,3
4972,5,0,0,1,0,0,3,2,1,50,4,1, ,400,1,3, ,3,4,1,4,4,1,2,26 june,2,2,3,4,6
4973,2,0,0,0,0,0,2,0,1,20,6,1, ,200,1,2, ,1,3,1,5,5,1,9,new hargeisa,2,2, , , 
4974,12,1,1,1,0,0,6,6,1,55,6,6, ,300,1,1, ,1,6,1,3,4,1,1,october,2,2,3,3,3
4975,10,0,0,2,1,0,4,6,1,56,7,2, ,500,1,1, ,1,4,1,4,4,1,2,26 ju,2,2,3,3,3
4976,8,0,0,7,2,0,5,3,1,51,6,4, ,300,1,1, ,1,8,1,5,3,1,3,faluuja,2,2,3,2,2
4979,6,0,0,0,0,0,5,1,1,30,7,1, ,1000,1,1, ,3,5,1,4,3,1,7,Jigjiga yar,2,2,5,3,2
4982,12,2,10,2,2,1,6,6,1,65,7,1, ,400,2,1, ,2,5,1,5,3,1,2,hargeisa,2,2,3,4,3
4985,10,2,2,2,2,2,4,6,2,45,3,1, ,300,1,2, ,2,4,1,2,2,1,1, ,2,2, , , 
4987,7,0,0,1,0,0,2,5,2,54,4,2, ,200,1,1, ,1,6,1,3,4,1,1,half london,2,2,3,6,6
4989,7,0,1,2,2,2,4,3,1,71,6,1, ,700,1,1, ,1,5,0,4,1,1,2, ,2,2,5,4,1
4991,9,0,0,1,2,1,5,7,1,61,6,1, ,500,1,1, ,1,6,2,5,5,1,6,new hargeisa,2,2,1,3,3
4993,8,0,2,1,1,0,3,5,2,35,4,6, ,500,1,2, ,1,4,1,4,3,1,1,October,2,2,3,4,3
4994,6,0,0,1,0,0,2,4,2,48,4,6, ,400,1,2, ,1,4,1,5,5,1,1,October,2,2,5,3,3
4996,6,0,0,2,3,0,2,4,1,43,4,3, ,300,1,2, ,1,5,1,1,5,1,1,siinay,2,2,2,5,3
4998,15,1,0,3,0,0,8,6,1,75,4,1, ,400,1,1, ,1,5,1,4,4,1,7,C/laahi muuse,2,2,3,4,2
4999,8,0,0,1,0,1,1,7,1,60,6,6, ,100,1,2, ,3,3,1,3,3,1,2,Goljano,2,2,3,4,1
5000,7,1,0,0,1,0,2,5,1,41,4,1, ,300,1,2, ,1,3,1,3,5,1,1,axmed dhagax,2,2,5,2,1
5001,8,0,0,2,0,0,5,3,1,50,6,1, ,300,1,1, ,2,4,1,4,3,1,2,26 june,2,2,3,3,3
5002,5,0,0,0,1,0,3,2,1,35,7,1, ,450,1,1, ,1,5,1,4,5,1,1,Siinaay,2,2,1,4,6
5003,10,1,2,4,3,0,5,5,1,35,6,2, ,400,3,1, ,1,7,1,5,5,1,7,jigjigayar,2,2,4,4,3
5005,6,1,1,2,1,1,2,4,2,65,1,2, ,200,1,1, ,1,3,1,4,4,1,2,Goljano,2,2,4,3,2
5006,7,0,0,3,1,2,5,3,1,65,6,2, ,700,1,1, ,1,6,2,5,4,1,7,hero-awr,2,2,3,3,1
5008,9,3,3,2,1,0,4,5,1,45,6,1, ,800,1,1, ,1,6,1,4,4,1,1,masale,2,2,4,3,3
5009,4,0,0,1,1,1,3,1,2,65,8,6, ,200,2,2, ,2,5,1,4,3,1,2,hargeisa,2,2,3,3,3
5010,7,0,0,4,2,1,6,1,1,60,1,1, ,300,1,1, ,1,4,1,3,4,1,8,State house,2,2,3,3,3
5011,7,1,1,0,0,0,3,4,2,28,6,5, ,350,1,2, ,1,7,2,3,3,1,1,half london,2,2,3,2,4
5012,7,0,0,1,0,0,4,3,1,49,6,1, ,1700,1,2, ,1,5,1,5,5,1,7,jigjigayar,2,2,3,4,1
5013,3,0,0,0,1,1,3,0,1,60,2,7,Watchman,200,1,3, ,1,3,1,3,3,1,7,Sha'ab area,2,2,4,4,3
5014,13,4,0,1,0,1,8,5,1,62,2,6, ,600,1,1, ,1,5,1,4,4,1,4,Star 4,2,2,3,3,2
5015,6,0,6,4,1,0,3,3,2,54,2,2, ,200,1,1, ,1,4,1,4,3,1,5,Xidigta,2,2,3,3,3
5016,5,0,0,0,1,1,1,4,2,76,6,7,The home relies on donations from orphan support organizations.,250,1,1, ,1,4,2,5,5,1,1,October,2,2,3,3,1
5017,8,1,2,2,2,1,4,4,1,60,6,3, ,250,1,1, ,1,6,1,5,4,1,1,New Hargeysa,2,2, , , 
5018,10,6,2,3,1,0,5,5,2,45,3,1, ,200,2,1, ,1,5,1,4,3,1,2,hargeisa,2,2,3,3,4
5020,12,0,0,8,4,2,5,7,1,82,6,2, ,530,1,1, ,1,6,1,5,4,1,2,Xawaaadle,2,2,2,3,3
5021,11,0,11,9,3,2,8,3,1,62,2,1, ,800,1,1, ,1,5,1,5,5,1,8,Badda cas,2,2,5,4,4
5022,4,1,0,1,2,0,1,3,1,39,6,1, ,500,1,2, ,1,4,1,5,5,1,5,calamada,2,2,1,5,2
5023,7,0,0,1,3,0,4,3,1,50,7,1, ,1500,1,1, ,1,6,1,4,5,1,2,Jigjiga yar,2,2,5,5,2
5024,8,0,0,1,0,0,6,2,1,47,6,7,he is captain large ship,700,1,2, ,1,7,1,4,4,1,1,october,2,2,5,3,3
5025,9,1,0,1,2,1,5,4,1,60,6,2, ,500,1,1, ,1,6,1,5,5,1,4,M mooge,2,2, , , 
5027,7,3,4,2,0,0,4,3,2,31,2,6, ,50,1,1, ,1,3,1,3,3,1,5,Masalaha,2,2,3,3,3
5028,9,1,0,1,2,1,5,4,1,60,6,2, ,500,1,1, ,1,6,1,5,5,1,4,M mooge,2,2,3,3,6
5029,14,0,0,1,1,0,7,7,1,70,4,6, ,500,1,1, ,1,6,1,3,3,1,1,half london,2,2,3,3,6
5031,6,0,0,0,1,2,3,3,2,65,4,2, ,1000,1,1, ,1,8,0,3,3,1,7,Xero-awr,2,2,3,4,4
5032,8,1,1,0,0,0,3,5,1,45,4,1, ,500,1,1, ,3,4,1,4,4,1,2,26 june,2,2,2,4,6
5033,14,0,5,6,3,2,8,6,1,69,6,2, ,600,1,1, ,1,7,2,5,5,1,7,I live in berbera,2,2,4,5,5
5034,9,0,1,0,0,0,3,6,2,45,3,2, ,180,2,1, ,1,2,1,5,5,1,6,Cabaye,2,2,2,5,3
5035,8,2,6,4,0,0,4,4,1,35,4,1, ,250,1,2, ,1,3,0,3,2,1,5,Saylada,2,2,3,1,3
5036,11,1,1,3,2,0,7,4,2,49,1,6, ,300,1,1, ,1,5,1,4,3,1,7, ,2,2,5,3,3
5037,2,0,0,1,0,0,1,2,2,38,6,7,Lab technician,450,1,2, ,1,4,1,5,5,1,2,Goljano,2,2,4,4,5
5039,8,0,0,1,0,0,3,5,1,58,4,7,police officer,300,1,2, ,1,5,1,3,3,1,1,half london,2,2,3,6,6
5040,6,0,0,1,1,0,4,2,1,55,3,2, ,300,1,1, ,1,4,1,4,4,1,1,masalaha,2,2,3,4,3
5041,9,0,1,1,3,0,4,5,1,49,3,2, ,300,2,3, ,1,4,1,5,5,1,1,oktober,2,2,3,3,3
5042,6,0,0,0,2,0,3,3,1,40,6,6, ,600,1,1, ,1,4,1,5,3,1,1,October,2,2,5,3,2
5043,2,0,0,1,0,0,0,2,2,46,4,1, ,150,1,2, ,1,2,1,1,2,1,1,siinay,2,2,3,3,4
5044,5,0,0,1,1,0,3,2,2,35,4,6, ,500,1,1, ,1,7,1,4,3,1,1,half london,2,2,3,6,6
5045,6,0,0,0,1,0,2,4,1,38,2,1, ,280,1,2, ,1,5,1,5,5,1,3,Pepsiga,2,2,2,5,5
5046,11,2,1,2,0,0,7,4,1,40,7,1, ,1000,1,1, ,1,6,1,4,4,1,2,Jigjiga yar,2,2,3,5,5
5047,8,0,0,0,1,0,2,6,1,50,6,1, ,700,1,1, ,1,7,1,4,5,1,7,jigjiga yar,2,2,2,4,2
5048,8,0,0,1,1,0,3,5,2,54,3,2, ,700,1,1, ,1,7,1,4,3,1,1,half london,2,2,3,6,3
5049,5,0,0,1,0,0,2,3,2,38,4,6, ,450,1,1, ,1,6,1,3,3,1,1,half london,2,2,3,6,6
5051,12,1,0,1,0,0,8,3,1,55,7,1, ,400,1,1, ,1,7,1,4,5,1,4,M mooge,2,2,3,5,3
5052,5,0,1,1,2,1,3,2,2,60,1,1, ,150,1,1, ,1,3,1,3,3,1,8,State house,2,2,3,3,3
5053,10,5,3,4,1,0,2,3,2,20,6,5, ,5000,2,3, ,2,3,5,5,2,1,2,jigjiga yar,2,2,4,2,4
5054,9,4,5,0,0,0,6,3,2,36,4,6, ,80,2,1, ,1,2,1,5,5,1,6,Cabaye,2,2,2,5,3
5055,5,0,0,4,1,0,2,3,2,25,6,1, ,500,2,3, ,1,5,1,5,5,1,5,calamada,2,2,3,4,3
5056,5,0,0,1,2,0,3,2,2,20,4,1, ,400,1,1, ,1,6,1,5,4,1,2,Jigjig yar,2,2,4,5,3
5057,5,0,0,3,1,1,2,3,1,36,5,1, ,600,1,2, ,1,5,1,4,3,1,2,aden nineteen,2,2,4,3,3
5058,11,0,1,9,1,1,0,11,2,66,1,6, ,700,1,1, ,1,6,1,5,4,1,6,Waran cade,2,2,2,5,1
5059,9,5,4,1,1,1,4,5,1,45,6,2, ,300,1,1, ,1,5,1,4,4,1,2,150,2,2,3,3,3
5060,6,1,1,3,1,0,3,3,1,48,6,2, ,700,1,1, ,1,8,1,4,5,1,2,qudhacyada,2,2,4,4,5
5061,7,0,1,0,1,1,1,6,2,60,7,2, ,280,1,2, ,1,5,1,5,5,1,6,Cabaye,2,2,3,2,1
5062,10,1,1,1,1,0,5,5,1,55,6,1, ,350,1,1, ,1,5,1,4,4,1,2,150,2,2,3,1,3
5063,10,2,1,2,0,0,7,3,1,30,7,1, ,1600,1,1, ,1,6,1,5,4,1,7,Shacabka,2,2,3,3,2
5064,5,0,0,1,0,0,2,3,1,39,4,1, ,390,1,1, ,1,4,1,5,5,1,6,Cabaye,2,2,2,4,5
5065,8,0,0,1,0,1,6,2,2,50,3,2, ,250,1,3, ,1,4,1,4,4,1,5,Xidigta,2,2,3,5,3
5066,5,1,0,1,0,0,2,3,2,31,6,6, ,1000,1,2, ,1,4,1,4,4,1,7,xero- awr,2,2,4,3,3
5068,8,1,1,4,1,1,4,4,1,60,1,1, ,180,1,1, ,1,4,1,3,4,1,8,State house,2,2,3,3,3
5072,8,0,0,0,0,0,2,6,1,58,4,2, ,1000,1,1, ,1,8,1,5,5,1,7,xero- awr,2,2, , , 
5073,10,6,1,1,0,1,5,5,1,60,3,2, ,500,1,1, ,1,5,1,5,4,2,5, ,2,2,4,3,4
5074,8,0,0,0,0,0,2,6,1,58,4,2, ,1000,1,1, ,1,8,1,5,5,1,7,xero- awr,2,2,4,3,3
5075,8,0,0,1,1,1,4,4,1,82,3,6, ,3400,1,3, ,2,7,2,3,3,1,7,State house,2,2,3,3,3
5077,15,3,5,4,2,1,7,6,1,50,7,5, ,1000,3,3, ,2,8,5,3,1,1,2,Gacan libax,2,2,3,4,5
5079,1,0,0,0,1,0,1,0,1,50,7,2, ,500,1,1, ,1,2,1,3,4,1,2,daruuraha,2,2,3,4,3
5082,8,0,4,3,2,0,5,3,1,40,7,2, ,1000,1,1, ,1,4,1,4,4,1,2,daruuraha,2,2,3,4,3
5083,6,0,1,4,1,0,2,4,1,40,7,4, ,800,1,1, ,1,4,1,4,4,1,2,daruuraha,2,2,3,4,3
5084,3,0,0,1,2,1,2,1,1,35,7,4, ,600,1,1, ,1,3,1,4,4,1,2,daruuraha,2,2,3,4,3
5085,2,0,0,2,0,0,1,1,1,30,7,4, ,500,1,2, ,1,2,1,4,4,1,2,daruuraha,2,2,5,4,4
5086,11,0,5,4,2,1,5,6,2,45,2,6, ,600,1,1, ,1,6,1,3,4,1,2,daruuraha,2,2,4,3,3
5087,9,1,2,2,2,0,3,6,1,39,4,2, ,250,1,3, ,1,5,1,4,3,1,1,siiney,2,2,3,5,3
5088,8,1,2,1,2,0,4,4,1,55,6,1, ,760,1,2, ,1,5,0,4,3,1,4,MOOGE,2,2,5,3,3
5090,2,0,0,0,2,0,1,1,1,36,7,1, ,550,1,2, ,1,4,0,4,3,1,4,M.Mooge,2,2,5,3,3
5091,7,0,0,5,2,0,2,5,2,40,4,6, ,500,1,1, ,1,5,1,4,4,1,1,masale,2,2,5,5,4
5092,4,1,0,1,0,0,2,2,1,28,6,1, ,400,1,2, ,1,4,1,4,3,1,7,Maroodijeex,2,2,3,3,2
5093,8,2,3,1,2,0,5,3,1,70,8,6, ,1000,1,3, ,1,5,1,4,1,1,8,Jigjiga yar,2,2,4,1,5
5094,3,1,0,0,2,0,1,2,1,35,7,1, ,400,1,2, ,1,3,0,4,3,1,4,M.Mooge,2,2,5,3,3
5096,7,2,1,1,2,0,4,3,1,35,2,1, ,300,1,2, ,1,7,1,5,4,1,1,studium area,2,2,4,3,3
5099,8,0,0,1,1,1,5,3,1,22,6,1, ,500,1,1, ,1,4,1,4,4,1,1,Laynka-milatriga,2,2,4,3,3
5100,11,3,2,4,1,1,5,6,2,52,1,6, ,600,1,3, ,1,5,1,4,4,1,1,masalaha,2,2,4,2,2
5102,5,0,0,0,0,0,2,3,1,30,5,1, ,500,1,1, ,1,5,1,3,3,1,2,idaacada,2,2,3,3,3
5103,6,0,0,1,0,2,4,2,1,68,1,1, ,200,1,2, ,3,2,1,4,5,1,1,cakaara,2,2,4,3,2
5104,17,0,0,7,2,0,10,7,1,55,6,1, ,1500,1,1, ,1,9,1,5,3,1,2,150,2,2,4,4,2
5105,5,1,1,3,1,1,4,3,1,60,5,2, ,600,1,1, ,1,6,1,4,5,1,4,Calaamada,2,2,4,3,3
5106,13,0,0,1,1,1,4,9,2,60,8,2, ,3000,2,3, ,1,8,1,3,3,1,8, ,2,2,3,3,3
5107,6,0,0,1,0,1,4,2,1,75,1,1, ,500,1,1, ,1,3,1,5,4,1,1,cakaara,2,2,4,3,6
5108,8,0,1,5,2,1,3,5,1,60,1,2, ,500,1,1, ,1,4,1,4,3,1,6,Sheikh nuur,2,2,5,4,2
5109,10,0,0,2,5,1,6,4,1,60,6,6, ,2000,1,2, ,2,6,1,4,5,1,8, ,2,2,3,3,3
5110,12,0,0,1,0,1,5,7,1,60,2,7,Police,200,1,1, ,1,4,1,4,4,1,3,Isha borama,2,2,3,4,3
5111,5,0,0,0,0,0,2,3,1,40,4,1, ,400,1,2, ,3,3,1,4,4,1,2,26 june,2,2,2,3,6
5112,15,2,1,5,2,0,8,7,1,53,7,2, ,500,1,1, ,1,6,1,4,4,1,7,Hargeisa,2,2,4,4,4
5113,5,1,1,0,1,0,3,2,1,35,7,1, ,1500,2,2, ,2,5,1,4,3,1,8, ,2,2,3,3,3
5114,5,0,0,1,0,0,2,2,2,43,3,6, ,1000,1,1, ,1,4,1,5,4,1,7,jigjiga yar,2,2,4,4,3
5115,4,0,0,0,0,0,0,4,2,30,6,2, ,500,1,1, ,1,6,12,5,5,1,2,Xero awar,2,2,1,3,2
5117,3,0,0,0,1,0,3,0,1,40,6,1, ,1500,2,2, ,2,4,1,4,4,1,8, ,2,2,3,3,3
5118,5,0,0,1,0,0,2,3,2,55,3,6, ,300,1,1, ,1,3,1,5,5,1,6,Sh.nuur,2,2,3,2,2
5119,11,0,1,2,3,1,5,6,1,35,4,6, ,1200,2,3, ,1,7,1,4,4,1,2,Xero Awr,2,2,2,3,3
5120,5,0,0,0,4,1,1,4,2,80,1,3, ,600,1,3, ,2,536,0,3,4,1,2,150ka,2,2,3,3,3
5121,9,0,9,8,2,0,6,3,1,58,4,2, ,2000,1,1, ,1,6,1,4,4,1,3,ishaborame,2,2,3,3,2
5122,13,0,0,1,0,1,8,5,1,53,6,2, ,1000,1,1, ,1,6,1,5,5,1,1,Ishaborama,2,2,3,3,5
5123,6,1,1,0,1,0,2,4,1,35,7,2, ,2000,1,1, ,1,6,1,5,4,1,8, ,2,2,3,3,3
5124,6,1,0,0,0,0,2,4,1,45,4,1, ,450,1,2, ,3,4,1,3,4,1,2,26 june,2,2,2,4,2
5126,10,0,0,0,0,1,6,4,1,58,7,7,Politics & businessman,1000,1,1, ,1,8,1,4,4,1,1,Masala,2,2,3,4,4
5127,5,0,0,0,0,0,3,2,1,58,3,6, ,200,1,1, ,1,4,1,3,3,1,6,siinay,2,2,4,3,2
5128,7,0,0,1,0,1,2,5,1,60,7,2, ,5000,1,1, ,3,61,2,5,5,1,8, ,2,2,3,3,3
5129,15,3,2,1,2,0,8,7,1,53,7,2, ,500,1,1, ,1,6,1,4,4,1,7,Hargeisa,2,2, , , 
5130,4,0,0,1,1,0,2,2,1,35,6,2, ,300,1,2, ,1,3,3,4,3,1,2,26june,2,2,3,4,4
5131,15,2,1,2,2,0,8,7,1,53,7,2, ,500,1,1, ,1,6,1,4,4,1,7,Hargeisa,2,2,2,3,4
5132,5,1,2,1,1,0,3,2,1,35,7,1, ,540,1,2, ,1,3,1,4,4,1,2,Xer-Awr,2,2,4,5,4
5133,5,1,1,0,1,0,1,4,1,35,6,1, ,1000,1,1, ,3,4,1,3,4,1,8, ,2,2,3,3,3
5134,7,0,0,2,2,1,2,5,1,53,1,2, ,600,1,1, ,1,3,1,5,2,1,1,isha boorama,2,2,3,2,3
5135,9,0,0,5,3,1,4,5,1,63,6,7,doctor,2000,1,1, ,1,7,2,4,5,1,8,redsea,2,2,4,4,3
5136,4,2,0,0,1,1,2,2,2,60,2,6, ,1000,1,1, ,1,6,3,5,5,1,7,Jigjiga yar,2,2,4,3,4
5137,6,1,2,1,2,0,2,4,1,43,6,1, ,1000,1,1, ,1,5,1,4,4,1,2,Cabaaye,2,2,4,5,2
5139,7,0,0,1,1,1,3,4,1,60,6,1, ,200,1,1, ,1,5,5,4,4,1,6,hargeiza,2,2,3,3,3
5141,6,2,1,0,0,0,3,3,1,40,1,1, ,300,1,3, ,1,2,0,2,3,1,5,Laanta hawada,2,2,3,3,2
5143,6,1,2,1,1,0,2,3,1,36,7,1, ,450,1,3, ,1,3,1,5,4,1,8,Goljano,2,2,4,3,6
5144,11,2,3,4,2,1,5,6,1,50,4,2, ,300,1,1, ,1,6,1,4,4,1,2,Goljano,2,2,3,5,2
5146,7,0,1,3,2,0,3,4,1,36,6,1, ,900,1,2, ,1,4,1,3,3,1,2,cammii,2,2,4,3,5
5147,7,2,1,2,2,0,3,4,1,35,6,2, ,5000,2,1, ,2,5,1,4,4,1,9,new hargysa,2,2,2,3,2
5149,11,0,0,0,0,1,5,6,1,63,4,4, ,1200,1,1, ,1,4,1,3,3,1,7,shacabka,2,2,3,3,3
5151,12,3,4,2,2,1,7,5,1,56,2,1, ,600,1,2, ,1,6,1,4,3,1,1,siinay,2,2,5,3,3
5152,12,2,1,2,1,0,4,8,1,54,1,1, ,2500,1,1, ,1,5,1,5,4,1,5,laanta hawada,2,2,3,3,3
5153,8,0,0,1,1,1,3,5,1,60,6,1, ,300,1,1, ,1,5,1,4,4,1,3,Hargeisa,2,2,3,3,4
5154,3,0,0,2,1,0,0,3,2,55,4,6, ,550,1,1, ,1,5,1,4,4,1,7,Xero awr,2,2,2,3,1
5155,10,0,1,2,2,1,5,5,1,58,7,2, ,6000,1,1, ,1,8,1,4,4,1,1,Masalaha,2,2, , , 
5156,8,0,0,4,4,0,3,5,1,50,4,6, ,500,2,1, ,1,3,1,3,4,1,4,mohamed mooge star supermarket,2,2,3,5,3
5157,8,2,4,1,1,0,4,4,1,45,6,2, ,800,1,1, ,1,5,1,4,4,1,7,Ganad,2,2,2,4,1
5158,9,0,1,1,1,0,5,4,1,35,2,1, ,400,1,1, ,1,4,1,4,4,1,3,Faluuja,2,2,4,3,3
5159,3,0,0,0,3,0,1,2,1,32,6,1, ,1000,1,3, ,3,4,1,3,3,1,9,new hargysa,2,2,3,3,3
5160,6,1,2,2,1,0,2,4,1,37,7,7, ,1000,1,1, ,1,5,1,4,5,1,8,redsea,2,2,5,3,3
5161,6,1,0,0,0,0,4,2,1,46,5,1, ,500,1,2, ,3,3,1,4,4,1,2,26 june,2,2,3,4,6
5162,15,0,0,0,0,1,7,8,1,56,1,2, ,300,1,1, ,1,3,1,3,3,1,1,isha boorama,2,2,3,4,2
5164,12,0,3,6,3,0,7,5,1,50,7,2, ,1500,3,1, ,1,9,2,5,4,1,3, ,2,2,3,4,3
5165,10,0,1,2,2,1,5,5,1,58,7,2, ,5000,1,1, ,1,8,1,5,5,1,1,Masalaha,2,2,2,4,3
5166,8,0,8,8,4,2,6,2,1,65,1,6, ,300,1,1, ,1,4,1,3,4,1,3,pepsi,2,2,1,4,2
5168,5,0,0,0,3,2,4,1,1,60,6,1, ,300,1,2, ,1,6,1,3,5,1,5,calamada,2,2,3,5,6
5169,6,1,1,2,2,0,3,3,1,34,4,2, ,300,1,1, ,1,5,3,3,2,1,7,Jigjigayar,2,2,1,2,1
5170,9,1,3,0,4,1,3,6,2,48,1,6, ,1000,2,3, ,1,5,1,3,3,1,9,new hargysa,2,2,2,2,3
5171,5,1,0,0,1,2,4,1,1,65,1,6, ,100,1,1, ,1,3,1,2,2,1,1,siinay,2,2,4,3,2
5172,7,0,0,0,4,3,3,4,1,57,7,4, ,500,1,1, ,1,5,1,5,5,1,2,Xawadle,2,2,3,4,5
5173,5,0,5,4,1,1,2,3,2,65,1,6, ,300,1,2, ,1,3,1,3,3,1,6,New hargeisa,2,2,4,3,2
5174,8,1,2,2,2,1,4,4,1,60,6,3, ,250,1,1, ,1,6,1,4,4,1,1,New Hargeysa,2,2,4,3,3
5176,6,0,0,0,0,2,3,3,1,75,3,7,carpenter,200,1,1, ,1,2,1,4,3,1,6,dhaga seyn,2,2,3,3,2
5177,12,4,2,2,2,2,4,5,1,45,6,1, ,1000,1,1, ,1,7,1,4,3,1,2,Marodijex,2,2,2,1,1
5182,4,1,0,0,0,0,2,2,1,27,1,4, ,500,1,2, ,1,2,1,3,3,1,7,Gacntaalaha,2,2,3,3,3
5184,3,0,0,1,1,0,2,1,1,39,6,1, ,500,1,2, ,1,4,1,4,4,1,5,calamada,2,2,3,5,5
5185,8,1,1,1,3,2,5,3,1,40,5,2, ,1500,1,1, ,1,5,1,4,5,1,7,badacas,2,2,3,3,3
5186,5,2,0,0,0,0,3,2,1,30,7,1, ,1000,1,2, ,1,4,1,3,3,1,4,Jungalka,2,2,3,3,3
5187,7,2,5,4,3,0,3,4,1,52,1,6, ,150,1,1, ,1,4,1,3,3,1,7,Gantaalaha,2,2,3,4,3
5188,6,2,1,0,0,0,3,3,1,45,6,1, ,580,1,1, ,1,4,1,3,3,1,9,markis Area,2,2,3,3,3
5189,9,1,1,3,2,0,5,4,1,34,6,1, ,800,1,2, ,1,5,1,3,4,1,2,magaalo ugaaso,2,2,2,3,3
5190,4,0,1,1,2,0,2,2,1,35,5,1, ,2000,1,2, ,3,3,1,3,3,1,9,new hargysa,2,2,3,3,3
5192,8,0,0,2,4,2,3,4,1,72,6,3, ,300,1,1, ,1,5,1,4,4,1,5,qudhac dheer,2,2,4,4,3
5193,5,1,1,1,1,1,2,3,2,48,3,1, ,2000,2,1, ,1,4,1,3,3,1,9,new hargysa,2,2,2,3,3
5194,9,2,2,3,0,0,5,4,1,70,6,1, ,500,1,3, ,1,5,2,4,4,1,7,Gantaalaha,2,2,1,2,5
5195,6,0,2,3,1,0,2,4,2,58,7,2, ,700,1,1, ,1,5,1,4,5,1,8,redsea,2,2,4,3,1
5196,5,0,0,0,0,0,3,2,2,50,1,2, ,80,1,1, ,1,4,1,2,3,1,7, ,2,2,1,3,2
5197,9,0,0,2,5,2,4,5,1,57,1,7,Self employed,500,1,1, ,1,4,1,3,4,1,5,Qudhac dheer,2,2,2,4,2
5198,8,2,1,0,0,0,3,5,1,43,6,1, ,695,1,1, ,1,5,1,3,4,1,9,shiraqle area,2,2,3,3,3
5199,7,2,3,0,2,0,5,2,1,48,6,2, ,5000,1,1, ,3,5,1,3,3,1,9,new hargysa,2,2,2,3,3
5200,6,0,0,1,0,0,3,3,2,42,6,2, ,500,1,3, ,1,5,1,5,4,1,7,jigjig yar,2,2,3,5,5
5201,4,1,0,0,0,0,1,3,1,38,4,1, ,550,1,2, ,3,3,1,5,4,1,2,26 june,2,2,2,4,6
5202,7,2,1,2,2,0,3,4,2,27,7,1, ,500,1,1, ,1,6,1,4,5,1,7,Shacabka,2,2,5,5,3
5204,11,2,0,0,1,0,4,7,1,41,7,2, ,1200,1,1, ,1,6,1,5,5,1,5,masala village,2,2,3,4,2
5206,5,1,0,1,0,0,1,4,1,37,7,1, ,800,1,1, ,1,4,1,5,5,1,7,Jigjiga yar,2,2,3,5,5
5207,13,0,0,6,2,0,4,10,1,50,5,1, ,1000,1,1, ,1,6,1,4,4,1,7,Xera-awr,2,2,2,3,3
5208,5,0,0,1,1,0,1,4,1,42,1,1, ,300,1,2, ,1,2,1,3,4,1,5,jameeco weyn,2,2,3,3,2
5209,5,1,2,1,1,0,2,3,1,37,6,1, ,500,3,2, ,1,5,1,4,4,1,3, ,2,2,3,3,3
5210,17,0,0,0,1,0,11,6,2,45,8,6, ,400,1,3, ,1,4,1,3,3,1,7,xero awr,2,2,2,3,2
5211,9,0,0,7,2,0,6,3,1,54,4,2, ,500,1,1, ,1,5,1,3,5,1,7,hero awr,2,2,4,4,3
5212,5,0,0,0,0,2,5,4,1,89,5,1, ,300,1,3, ,1,4,0,5,5,1,3,faluuja,2,2,4,4,4
5213,2,0,0,0,2,0,1,1,1,28,6,1, ,800,1,2, ,3,3,1,4,4,1,9,new hargysa,2,2,3,3,2
5214,5,0,1,3,1,0,1,4,2,43,4,6, ,900,1,1, ,1,4,1,5,5,1,2,Hero Awr,2,2,3,4,2
5215,8,0,0,1,0,0,3,6,1,58,4,2, ,1000,1,1, ,1,5,1,3,5,1,6, ,2,2,3,3,2
5216,8,0,8,3,2,1,3,5,2,38,6,1, ,1000,1,2, ,1,4,1,5,5,1,2,goljano,2,2,3,4,3
5217,9,0,0,1,0,0,3,6,1,54,7,7,civil engineering,800,1,1, ,1,4,1,3,4,1,7,jigjiga yar,2,2,3,3,3
5218,7,1,0,2,4,0,5,2,1,41,6,1, ,500,1,2, ,1,3,1,4,5,1,5,Dumbuluq,2,2,2,4,6
5219,4,0,0,0,0,0,3,1,2,50,3,1, ,500,1,1, ,1,4,1,4,4,1,3,pepsiga,2,2,3,3,2
5222,15,3,1,7,3,1,4,11,1,50,4,1, ,800,1,1, ,1,6,1,4,4,1,5,calaamada,2,2,5,5,4
5224,7,1,0,0,1,2,5,2,1,68,2,1, ,500,1,1, ,1,4,1,3,4,1,7,Hero awr,2,2,3,4,2
5225,3,0,0,1,0,0,1,2,1,43,2,2, ,600,1,1, ,1,4,1,3,4,1,6,sheekhnuur,2,2,4,4,2
5226,8,0,8,3,2,1,3,5,2,38,6,1, ,1000,1,2, ,1,4,1,5,4,1,2,goljano,2,2,3,4,3
5227,8,2,0,2,1,01,1,7,1,38,6,1, ,500,2,2, ,3,4,0,6,3,1,9,kaah area,2,2,1,3,6
5228,10,2,0,2,0,1,5,5,2,70,7,1, ,400,1,1, ,2,5,1,4,5,1,2,Shacabka,2,2,4,3,2
5229,7,0,0,1,0,0,0,7,2,45,8,1, ,400,1,1, ,1,5,1,4,4,1,1,no village,2,2,4,4,5
5230,3,0,0,0,0,0,1,2,2,37,4,1, ,200,1,2, ,1,5,1,3,3,1,2,Hargaysa,2,2,4,3,6
5231,3,0,0,0,0,0,1,2,1,55,6,1, ,800,1,1, ,1,7,1,5,5,1,5,gacanta,2,2,5,4,3
5232,2,0,0,0,1,1,0,2,2,68,1,6, ,500,2,1, ,1,5,1,1,3,1,8,Boqoljire,2,2,3,3,3
5233,4,0,0,0,1,0,3,3,2,52,1,2, ,500,1,1, ,1,4,1,3,4,1,6,New Hargeisa,2,2,5,5,4
5234,9,0,1,5,2,1,4,5,1,65,7,7, ,1000,1,1, ,1,5,1,5,5,1,8,redsea,2,2,4,3,1
5235,4,0,0,1,2,0,1,2,2,37,3,6, ,700,1,2, ,1,6,1,5,4,1,7,Shacabka,2,2,4,5,3
5236,6,3,0,1,1,0,4,2,1,40,1,2, ,500,1,2, ,1,4,8,4,3,1,2,Xero awar,2,2,4,4,3
5237,9,1,0,1,0,1,6,3,1,62,1,2, ,800,1,1, ,1,5,1,5,5,1,2,Idaacada,2,2,5,3,5
5238,7,0,0,0,0,1,3,4,2,60,2,2, ,700,1,1, ,1,5,1,5,3,1,2,Daloodho,2,2,3,3,3
5241,9,0,0,2,1,1,5,4,1,55,7,1, ,500,1,1, ,1,6,1,3,3,1,9,New hargeisa,2,2,4,4,2
5244,10,5,5,3,2,0,5,5,1,40,6,1, ,700,1,1, ,1,6,1,5,4,1,3, ,2,2,1,2,3
5245,13,2,1,0,0,0,8,5,1,56,2,2, ,500,1,1, ,1,5,1,4,4,1,5,masala village,2,2,3,4,2
5247,10,3,4,0,2,1,4,6,1,52,6,2, ,1000,1,1, ,1,7,2,5,4,1,2,Hero Awr,2,2,2,4,2
5249,5,0,0,2,3,0,2,3,1,55,7,2, ,500,1,1, ,3,5,1,3,4,1,7,Jig Jiga yar,2,2,5,3,1
5250,4,0,0,1,1,0,1,3,1,55,8,2, ,700,1,2, ,1,3,1,5,2,1,3, ,2,2,3,3,3
5251,4,2,0,0,0,0,1,3,1,28,7,7,teacher,100,1,1, ,1,3,1,5,5,1,6,sheikh nuur,2,2,4,4,4
5253,5,0,0,1,0,0,2,3,2,53,1,1, ,300,1,1, ,1,4,1,3,4,1,1,siinay,2,2,2,3,2
5254,6,0,6,6,2,1,1,5,2,93,4,1, ,450,1,1, ,1,6,1,4,4,1,6,Sheekh mubarig,2,2, , , 
5255,8,0,0,0,1,0,8,3,1,29,4,1, ,600,1,1, ,1,5,1,3,3,1,2,daruuraha,2,2,3,3,3
5256,7,0,2,3,2,0,4,3,1,40,7,2, ,600,1,2, ,1,5,1,5,4,1,2,xero awr,2,2,3,3,2
5257,11,1,1,2,1,2,6,5,1,60,4,6, ,400,1,1, ,1,6,1,4,3,1,5, ,2,2, , , 
5258,10,0,0,7,3,2,6,4,1,35,7,1, ,600,1,2, ,1,4,4,3,3,1,8,Boqol jire,2,2,4,3,1
5259,10,0,0,1,0,1,6,4,2,42,4,2, ,700,1,3, ,1,6,1,4,4,1,7,jigjig yar,2,2,3,5,3
5260,7,1,6,6,4,3,3,4,1,68,4,7,Retired,1500,1,1, ,1,5,1,4,4,1,2,Daruuraha,2,2,4,4,4
5261,14,1,1,1,2,1,6,8,1,52,6,2, ,2500,1,1, ,1,11,2,5,5,1,7,hargeisa,2,2,4,4,4
5262,7,1,0,2,2,1,3,4,1,52,7,2, ,800,1,4,Aperment,1,4,2,3,5,1,2,Shacabka,2,2,5,5,3
5264,10,1,0,2,1,2,5,5,2,55,4,2, ,250,1,2, ,1,4,1,3,4,1,4, ,2,2,3,3,3
5265,7,0,1,1,1,0,5,2,1,50,3,1, ,500,1,1, ,1,3,1,5,3,1,1,siinay,2,2,3,2,3
5266,9,1,0,1,2,0,4,5,2,36,7,1, ,700,1,1, ,1,6,1,4,5,1,7,Shacabka,2,2,4,5,3
5268,5,1,4,3,1,1,3,2,1,20,6,2, ,300,3,1, ,1,3,2,4,3,1,1,aktobar,2,2,2,4,3
5269,6,2,0,0,0,1,3,3,1,29,7,1, ,1000,1,1, ,1,5,1,5,3,1,2,Idacada,2,2,3,5,2
5270,5,2,1,0,0,0,2,3,1,22,6,1, ,400,1,3, ,1,4,1,4,5,1,8,Badacas,2,2,3,3,3
5271,9,0,9,6,1,1,4,5,1,65,2,1, ,400,1,2, ,2,3,1,3,3,1,4,jungal,2,2,4,4,2
5272,8,2,1,1,2,2,3,5,1,35,7,2, ,1500,1,2, ,1,8,1,4,4,1,7,Hargeisa,2,2,4,4,4
5273,8,0,0,0,1,1,3,5,1,36,7,1, ,1000,1,1, ,1,4,1,4,3,1,6,Sheekhmadar,2,2,5,6,2
5274,6,0,0,5,1,0,4,2,2,56,6,7,from the childern,800,1,3, ,1,5,1,5,5,1,5,q.dheer,2,2,1,3,5
5277,7,0,0,5,1,1,3,4,2,56,6,2, ,2000,1,2, ,1,11,1,5,5,1,8,redsea,2,2,4,5,3
5278,6,0,0,3,3,0,1,5,2,45,3,2, ,800,1,1, ,1,7,1,5,5,1,1,masale,2,2,5,4,4
5279,10,2,0,4,4,0,6,4,1,30,7,1, ,400,1,1, ,1,6,1,4,3,1,6,new Hargeisa,2,2,3,3,3
5280,9,3,2,0,3,1,4,5,1,49,6,2, ,700,1,2, ,1,6,1,3,3,1,7,Ex.control,2,2,2,4,2
5281,6,0,1,1,3,1,3,3,2,60,1,6, ,600,1,1, ,1,5,1,5,4,1,3,Pepzi-ga,2,2,3,4,3
5282,8,1,0,0,0,0,3,4,1,82,7,7,self employed,1000,1,1, ,1,6,1,5,5,1,7,jigjiga yar,2,2,4,4,1
5283,12,0,1,1,1,1,7,5,1,62,6,1, ,600,1,1, ,1,8,1,4,3,1,9,New hargeisa,2,2,4,4,3
5284,12,2,1,1,1,0,4,8,1,38,7,1, ,800,1,2, ,1,5,0,3,4,1,5,camaamadaha,2,2,3,3,3
5285,15,0,0,2,2,0,8,6,1,55,7,2, ,1500,1,1, ,1,5,1,5,5,1,2,xawaadle,2,2,1,4,5
5286,9,0,0,0,1,3,3,6,2,80,1,6, ,200,3,1, ,1,4,1,3,3,1,1, ,2,2,2,5,2
5287,4,0,0,0,0,1,3,1,1,60,6,2, ,300,1,1, ,1,3,1,3,3,1,3,qandahaaar,2,2, , , 
5288,9,1,1,2,2,0,3,6,1,31,7,2, ,300,1,3, ,1,5,1,5,5,1,6, ,2,2, , , 
5289,11,3,2,2,2,2,4,5,1,45,6,1, ,1000,1,3, ,1,7,1,4,3,1,2,Marodijex,2,2, , , 
5290,9,1,1,1,2,0,3,6,1,32,7,2, ,300,1,3, ,1,5,1,5,5,1,6,Gacan Libaax,2,2,4,5,4
5291,7,1,1,1,0,1,5,2,1,60,5,2, ,600,1,1, ,1,4,2,4,4,1,7,jijiga-yar,2,2,3,3,2
5292,2,0,2,2,0,0,1,1,1,26,6,1, ,2500,1,2, ,1,3,1,5,5,1,7,Jigjiga yar,2,2,4,5,5
5293,11,0,1,2,0,1,6,5,1,55,6,1, ,1500,1,3, ,1,7,1,4,4,1,6,Cabaaye,2,2,2,4,3
5294,12,2,1,2,1,1,5,7,1,57,7,2, ,300,1,1, ,1,5,1,4,3,1,7,Hargeisa,2,2,3,5,3
5295,13,2,1,4,2,0,5,8,1,57,4,2, ,1000,1,1, ,1,6,1,5,5,1,3,hargeisa,2,2,3,3,5
5297,12,0,2,6,2,2,8,4,1,42,8,1, ,1500,1,3, ,1,7,1,4,3,1,2, ,2,2,4,4,4
5298,6,0,0,2,3,1,4,2,1,60,6,2, ,900,1,1, ,1,5,1,5,4,1,3,Isha boorama,2,2,5,3,2
5299,7,1,0,4,2,0,1,6,1,53,4,1, ,600,1,1, ,1,5,1,4,4,1,7,Ganad,2,2,4,4,1
5300,2,0,0,0,0,0,1,1,1,28,7,1, ,2500,1,2, ,1,6,1,5,5,1,7, ,2,2,5,4,3
5301,9,0,0,0,1,1,4,4,1,60,6,2, ,800,1,2, ,1,8,1,4,3,1,2,hargeia,2,2,2,3,3
5302,4,2,0,2,0,0,2,2,1,20,6,2, ,300,1,2, ,3,3,1,3,3,1,6,Aw aadan,2,2,3,3,6
5303,8,1,0,1,0,0,2,6,1,50,3,1, ,1000,1,1, ,1,6,1,3,3,1,7,Hargeisa,2,2,2,3,3
5304,11,3,0,2,2,1,6,5,1,42,7,2, ,5800,1,1, ,1,9,2,5,4,1,5, ,2,2,1,2,4
5305,10,1,1,0,0,0,4,6,1,48,6,1, ,700,1,1, ,1,6,1,5,5,1,4,M mooge,2,2,2,3,2
5306,15,1,1,1,2,0,8,7,1,53,7,2, ,500,1,1, ,1,5,1,4,4,1,7,Hargeisa,2,2, , , 
5307,8,0,0,1,0,0,5,3,1,55,3,6, ,300,1,2, ,1,4,1,3,4,1,6,new Hargeisa,2,2,4,4,2
5308,6,0,0,6,3,2,3,3,1,62,1,1, ,650,1,1, ,1,4,1,4,3,1,3,hargeisa,2,2,2,6,3
5309,15,1,2,1,2,0,8,7,1,53,7,2, ,500,1,1, ,1,6,1,4,4,1,7,Hargeisa,2,2,4,4,3
5311,3,0,0,2,1,0,1,2,2,46,4,6, ,700,1,2, ,1,5,1,4,4,1,6,Waran Cade,2,2,4,5,1
5312,12,2,2,1,0,0,7,5,1,50,2,2, ,600,1,1, ,1,4,1,3,2,1,1,Half london,2,2,2,2,3
5315,9,1,1,2,1,0,4,5,2,28,6,1, ,1000,1,1, ,1,5,1,5,5,1,3,hargeisa,2,2,1,3,3
5317,7,0,0,1,0,0,5,2,1,52,3,2, ,500,1,3, ,1,5,1,5,4,1,7,jigjig yar,2,2,3,4,3
5318,6,0,0,5,1,0,3,3,2,39,1,2, ,200,1,1, ,2,2,1,3,3,1,2,200boqol,2,2,3,3,4
5319,11,2,9,8,2,0,4,7,1,56,4,2, ,1000,1,1, ,1,9,1,4,4,1,2,Boqol iyo kontonka,2,2,5,4,4
5320,0,0,0,0,1,0,2,1,2,35,2,6, ,330,1,2, ,1,3,1,5,5,1,6,macalin haaruun,2,2,5,5,5
5324,6,0,0,1,0,0,1,5,2,41,3,2, ,300,1,3, ,1,4,1,4,4,1,3,Ishaborama,2,2,3,4,2
5325,10,0,11,10,3,2,5,6,1,60,6,1, ,300,1,1, ,1,3,2,1,5,1,1,iftin,2,2,1,1,1
5326,15,1,1,1,2,0,8,7,1,53,7,2, ,500,1,1, ,1,6,1,4,4,1,7,Hargeisa,2,2,4,4,4
5327,7,2,0,3,2,0,3,4,1,40,6,1, ,500,1,1, ,1,5,1,3,4,1,2,xawaadle,2,2,5,4,2
5328,9,2,0,1,1,0,5,4,1,46,7,1, ,1000,1,1, ,1,5,1,5,5,1,4,M mooge,2,2,3,3,4
5329,11,0,0,2,0,0,6,5,1,25,6,5, ,100,1,3, ,1,6,1,4,4,1,1,salaxlay,2,2, , , 
5330,10,2,1,0,1,0,3,4,1,40,6,1, ,600,1,2, ,1,5,1,3,3,1,7,Hargeisa,2,2,3,3,3
5331,11,3,2,2,2,2,4,5,1,45,6,1, ,1000,1,1, ,1,7,1,5,3,1,2,Marodijex,2,2,3,3,3
5332,11,0,0,0,2,2,3,6,1,60,4,2, ,500,1,1, ,1,8,1,5,1,1,9,istaabul,2,2,2,3,2
5333,12,1,4,5,1,1,5,7,2,61,7,2, ,400,2,1, ,3,6,5,3,4,1,7,jigjigayar,2,2,4,3,2
5334,4,2,0,0,0,0,3,1,1,29,4,1, ,500,1,2, ,1,3,1,3,3,1,7,Maroodi-jeex,2,2,3,3,4
5335,12,2,10,5,2,0,7,5,1,47,6,1, ,700,1,1, ,3,5,1,4,4,1,3,pepsiga,2,2,5,4,4
5336,1,0,0,0,0,0,1,0,1,27,6,1, ,250,1,2, ,1,1,1,3,2,1,5,calaamada,2,2,5,3,2
5338,12,0,0,1,0,0,6,6,1,58,7,7,self employed,1000,1,1, ,1,6,0,5,5,1,7,jigjiga yar,2,2,4,3,2
5339,6,1,1,0,3,0,3,4,1,42,4,1, ,200,1,2, ,1,5,2,3,3,1,7, ,2,2,2,3,3
5340,15,2,0,2,0,0,9,6,2,23,6,2, ,1500,1,1, ,1,8,1,4,5,1,7, ,2,2,4,4,3
5341,11,1,0,1,0,1,3,8,1,67,5,2, ,600,1,1, ,1,5,1,4,5,1,1,i live in the city of Hargeisa.,2,2,4,4,1
5342,8,1,2,2,1,1,4,3,1,43,3,1, ,300,1,1, ,1,5,1,3,3,1,1, ,2,2,2,3,3
5343,5,0,0,0,1,0,4,1,1,42,7,2, ,700,1,2, ,1,4,1,4,4,1,7,Area- Gaandi,2,2, , , 
5344,7,0,1,2,2,0,3,3,1,45,3,1, ,300,1,1, ,1,1,1,3,3,1,2, ,2,2,3,3,3
5345,7,0,0,0,0,0,4,3,2,56,1,1, ,400,1,3, ,1,5,0,4,4,1,5,Laanta hawada,2,2,3,3,3
5346,8,1,3,2,3,1,5,3,1,62,6,2, ,1000,1,1, ,1,5,1,4,4,1,2,Geed goble,2,2,5,4,3
5347,2,0,0,0,2,0,1,1,1,30,5,1, ,450,1,1, ,1,3,1,3,4,1,4,jungalka,2,2,2,1,3
5348,12,1,1,0,1,0,6,6,1,52,6,2, ,500,1,1, ,1,8,1,5,5,1,4,M mooge,2,2,2,3,3
5349,5,1,2,1,1,0,3,2,1,37,6,2, ,500,1,2, ,1,5,1,3,4,1,5,calaamada,2,2,5,2,1
5351,11,0,11,11,2,1,7,4,1,77,6,1, ,500,1,1, ,1,8,1,4,4,1,6,G.libaax cabaaye,2,2,2,4,4
5352,12,1,1,1,1,1,5,7,1,55,6,1, ,900,1,1, ,1,6,1,4,4,1,6,Cabaaye,2,2,4,4,3
5353,11,2,0,1,0,0,6,5,1,56,7,1, ,800,1,1, ,1,5,0,5,5,1,5,Calaamada,2,2,3,3,4
5355,25,5,3,8,1,1,15,10,1,60,6,2, ,200,1,1, ,3,5,4,5,5,2,4,Maxamed mooge,2,2,3,3,4
5357,2,0,0,0,2,0,0,2,2,30,7,1, ,550,1,1, ,1,7,1,5,4,1,8, ,2,2,1,2,3
5360,9,2,3,4,20,0,5,4,1,45,4,4, ,350,3,2, ,1,3,1,3,4,1,5,qudhac dheer,2,2,3,3,3
5361,2,0,0,0,2,0,1,1,1,32,7,1, ,700,1,2, ,2,5,2,5,5,1,3,hargeisa,2,2,2,2,1
5363,8,2,6,1,1,1,4,4,1,61,1,1, ,140,1,1, ,1,6,2,3,4,1,2,Idaacada,2,2,4,4,1
5364,12,0,0,10,2,1,6,6,1,61,4,7,bus driver,300,1,3, ,1,6,1,4,5,1,7,hero awr,2,2,5,3,3
5365,12,2,1,2,1,0,7,5,1,45,7,1, ,500,1,1, ,1,7,1,3,3,1,7,Heroawr,2,2,4,3,2
5366,12,0,0,2,0,1,5,7,1,56,1,1, ,500,1,1, ,1,7,1,5,5,1,4,m.mooge,2,2,3,5,3
5367,8,0,0,2,2,0,3,5,1,43,8,6, ,200,1,3, ,1,3,2,2,2,1,3, ,2,2, , , 
5368,4,0,0,2,1,1,1,3,2,67,6,6, ,600,1,1, ,1,5,1,4,1,1,2,Hargeisa,2,2,5,3,4
5369,6,4,4,9,7,8,5,7,1,38,6,2, ,800,2,1, ,1,8,2,5,3,3,4,2026,2,2,3,4,5
5370,9,2,1,4,2,0,4,5,1,45,7,2, ,900,1,2, ,1,1,1,3,3,1,4,dara salaam,2,2,2,1,3
5371,8,1,1,6,2,8,3,5,1,45,5,1, ,600,1,2, ,1,5,1,4,4,1,7,Qandahaar,2,2, , , 
5372,8,3,5,4,1,0,4,4,1,33,7,1, ,3000,1,1, ,1,1,1,4,3,1,6,G.libaax cabaaye,2,2,4,4,4
5373,10,1,0,0,2,1,4,6,1,54,2,2, ,800,1,1, ,1,5,1,5,5,1,6,Geerash-aw adam,2,2,4,3,3
5374,5,0,0,3,1,1,2,3,1,62,4,1, ,300,1,2, ,1,5,1,4,3,1,6,Magalo ugaaso,2,2,2,3,3
5376,12,3,1,2,3,1,5,7,1,50,5,1, ,700,1,1, ,1,6,1,3,4,1,4,Qandahaar,2,2, , , 
5377,2,0,0,0,2,0,2,0,1,36,3,1, ,200,1,2, ,1,3,1,3,3,1,2, ,2,2,3,3,3
5378,8,1,1,1,0,1,3,4,1,25,6,2, ,200,1,1, ,1,7,1,4,3,1,7,Hargeisa,2,2,3,3,3
5379,9,1,3,4,1,0,5,4,2,38,4,1, ,700,1,1, ,1,4,1,4,4,1,1,masale,2,2,4,4,4
5380,10,1,1,2,4,2,5,5,2,35,7,1, ,800,1,1, ,1,5,1,5,5,1,3,pepsi,2,2,3,5,6
5381,4,0,0,1,1,0,1,3,2,35,1,6, ,250,1,1, ,1,2,2,3,3,1,4,daraslam,2,2,3,3,2
5383,5,0,0,1,1,1,3,2,1,62,4,6, ,800,1,1, ,1,5,1,4,4,1,7,hero-awr,2,2,3,3,2
5384,10,2,1,0,0,1,4,6,1,58,4,1, ,400,1,1, ,1,5,1,4,4,1,3,Qandahaar,2,2,5,3,3
5385,11,0,1,0,0,0,3,8,1,42,6,2, ,700,1,1, ,1,6,1,5,4,1,8,bada cas,2,2,4,4,3
5386,7,1,3,1,2,0,4,3,1,37,6,1, ,600,1,3, ,1,5,1,5,4,1,5,qurac dheer,2,2,3,5,3
5387,5,3,2,2,0,0,2,3,1,28,7,1, ,500,1,2, ,1,4,1,4,3,1,6, ,2,2,3,3,5
5389,9,1,0,0,1,0,4,5,1,45,4,1, ,700,1,1, ,1,5,1,4,4,1,7,Jigjiga yarn,2,2,3,3,1
5390,12,2,1,1,0,0,7,5,1,49,6,1, ,800,1,1, ,1,4,1,4,4,1,3,Taliska guud,2,2,5,5,3
5391,6,0,1,2,3,0,3,4,1,60,6,4, ,600,3,1, ,2,4,3,3,4,1,6,gacan libaax,2,2,3,3,3
5393,7,2,3,2,0,0,5,2,1,33,2,1, ,150,1,1, ,1,2,1,2,3,1,1,Masalla,2,2,3,3,1
5394,5,0,0,2,2,1,1,4,2,66,6,2, ,600,1,1, ,1,5,1,5,3,1,6,G.awadan,2,2,3,3,3
5396,9,3,1,1,2,0,5,4,2,48,4,7,Khudaar ibshe,300,2,3, ,3,2,1,3,3,1,1,Jamacada agteeda,2,2,3,2,3
5399,6,2,1,6,1,5,6,5,1,60,5,3, ,2000,2,3, ,2,5,1,5,3,1,6,gacan libaax,2,2,3,3,6
5402,3,1,0,2,0,0,1,2,2,28,6,4, ,500,1,2, ,1,4,1,5,5,1,5,calamada,2,2,4,5,4
5403,8,0,8,8,2,1,2,6,1,62,4,2, ,2500,1,1, ,1,7,1,4,4,1,3,ishaborame,2,2,3,3,2
5404,5,1,0,1,1,1,2,3,1,45,4,1, ,500,1,1, ,1,5,1,3,4,1,6,sh.nuur,2,2, , , 
5405,8,0,1,2,1,1,3,5,1,70,4,6, ,600,1,1, ,1,6,1,5,4,1,8, ,2,2,4,3,5
5406,5,0,0,1,2,0,3,2,1,42,1,1, ,250,1,1, ,1,4,1,3,3,1,2, ,2,2,3,3,3
5407,2,0,0,2,0,0,1,1,1,28,6,1, ,200,1,2, ,1,3,1,4,4,1,7,Jigjiga-yar,2,2,3,4,3
5410,5,0,0,1,1,0,2,3,1,57,3,2, ,2500,1,2, ,1,5,1,3,2,1,4, ,2,2,2,2,2
5411,7,0,0,5,2,0,2,5,2,40,4,4, ,600,2,3, ,1,5,1,5,5,1,1,masalah,2,2,5,5,3
5412,6,3,2,5,1,3,5,6,1,50,6,4, ,300,3,1, ,1,3,5,3,3,1,7,Gamad,2,2,3,3,2
5413,8,2,1,2,2,1,5,3,1,49,6,1, ,1000,1,1, ,2,6,1,4,5,1,9,nasiye,2,2,1,1,1
5414,10,2,8,6,2,1,5,5,1,59,8,1, ,500,1,2, ,1,5,1,3,3,1,3,Jigjiga yar,2,2,3,2,3
5415,6,3,3,2,0,0,3,3,1,28,6,1, ,500,1,1, ,1,4,1,4,4,1,2, ,2,2,3,1,3
5416,7,0,0,2,0,0,4,3,2,40,4,6, ,274,2,2, ,2,5,1,3,4,1,6,ugaaso,2,2,3,5,3
5417,13,2,1,1,2,1,6,7,1,72,4,1, ,550,1,1, ,1,7,1,5,4,2,4, ,2,2,3,2,4
5419,10,0,0,1,2,0,4,6,1,50,6,4, ,600,1,1, ,1,10,5,4,3,1,7,hargaisa,2,2,2,3,4
5420,8,0,0,1,0,1,6,2,1,63,1,1, ,500,1,1, ,1,3,1,3,3,1,4,boodhari,2,2, , , 
5421,14,1,5,5,2,1,3,11,1,55,2,6, ,800,1,1, ,1,6,1,4,4,1,1,masalaha,2,2,5,4,4
5423,3,6,3,1,3,5,6,2,1,50,6,3, ,500,3,1, ,1,1,1,1,1,1,7,Sheedaha,2,2,4,1,3
5425,8,0,0,1,0,1,6,2,1,63,1,1, ,500,1,1, ,1,3,1,3,3,1,4,boodhari,2,2,4,3,2
5427,7,0,0,5,0,2,3,4,1,64,7,1, ,500,1,1, ,1,6,1,5,4,1,7,Near family mart,2,2,3,3,2
5430,10,1,5,0,0,0,2,8,2,55,3,1, ,600,1,2, ,1,5,1,3,3,1,8,Hargeisa,2,2,3,3,4
5431,13,3,1,2,2,0,5,8,1,41,1,4, ,300,1,3, ,1,5,1,5,5,1,4,maxamed mooge,2,2,3,4,1
5432,6,0,0,2,0,0,3,3,1,64,4,2, ,3500,1,1, ,1,4,1,3,3,1,6, ,2,2,1,2,5
5433,12,1,2,2,2,1,5,7,1,60,4,3, ,450,1,1, ,1,5,1,3,4,1,3, ,2,2,3,2,3
5434,7,2,1,0,1,0,4,3,1,45,6,1, ,350,1,2, ,1,4,1,4,3,1,4,Mohamed moge,2,2,3,3,3
5435,6,0,0,1,1,0,3,3,2,58,6,6, ,900,1,2, ,1,7,1,3,3,1,7,Jigjiga yar,2,2,3,5,3
5436,5,0,0,0,0,0,2,3,1,48,3,1, ,500,1,1, ,1,5,2,5,4,1,3,pepsi,2,2,4,4,4
5437,10,2,3,2,2,1,4,6,1,62,6,1, ,300,2,1, ,1,6,5,3,4,1,7,Jigjigayar,2,2,2,3,4
5438,7,0,0,0,1,2,4,3,1,60,6,1, ,250,1,1, ,1,4,1,4,3,1,2,150,2,2,3,4,3
5439,3,0,3,0,0,3,2,1,1,70,7,1, ,400,1,2, ,2,3,1,4,3,1,6,Imaraataka,2,2,3,3,5
5440,7,0,0,1,1,0,3,4,1,70,1,1, ,500,1,1, ,1,4,1,4,3,1,7,xero awr,2,2,3,2,6
5441,16,0,0,1,0,1,5,11,1,48,4,6, ,700,1,1, ,1,7,1,5,5,1,8,bada cas,2,2,3,5,4
5443,9,0,0,0,0,1,2,7,1,60,6,2, ,3000,1,1, ,1,6,1,4,4,1,2,150 street,2,2,4,5,3
5445,17,0,1,1,0,0,8,9,1,53,2,4, ,1200,1,1, ,1,6,1,4,4,1,1,Siinay,2,2,4,3,6
5446,5,0,0,0,1,0,2,3,1,29,6,1, ,1000,1,1, ,1,5,1,4,4,1,2,xawaadle,2,2,4,4,3
5449,9,0,0,2,1,0,8,1,1,58,1,6, ,100,1,1, ,1,4,1,3,3,1,9,hargaisa,2,2,2,1,3
5450,11,0,11,7,2,0,5,6,1,55,6,4, ,400,1,2, ,1,5,1,3,4,1,2,Hargeisa,2,2,4,3,3
5451,6,0,0,0,4,2,3,3,1,68,6,6, ,550,1,1, ,1,6,5,5,5,1,3, ,2,2,3,3,4
5453,3,0,0,0,0,2,2,1,1,92,4,2, ,3000,1,1, ,1,8,2,5,5,1,7,jigjigayar,2,2,4,2,2
5455,7,1,2,2,0,2,3,4,1,79,7,2, ,1000,1,1, ,1,7,4,4,4,1,7,Jig-jiga yar,2,2,3,3,1
5456,6,3,3,2,0,0,3,3,1,28,6,1, ,500,1,1, ,1,5,1,4,5,1,2, ,2,2,3,2,6
5457,8,0,0,2,3,2,3,5,1,65,1,1, ,300,1,3, ,1,4,1,2,2,1,2,Togdheer,2,2,3,3,3
5459,9,1,1,1,0,0,2,7,2,40,1,6, ,400,1,2, ,1,4,1,4,4,1,6,New Hargeisa,2,2,4,4,5
5460,10,1,9,7,2,0,7,3,1,41,7,2, ,1000,1,1, ,1,6,2,5,5,1,7,jigjiga yar area,2,2,1,2,3
5461,6,0,0,0,0,0,3,3,1,54,6,1, ,300,1,1, ,1,5,1,3,3,1,3,Badhka,2,2,4,3,3
5462,12,0,0,1,0,0,5,7,2,49,7,1, ,60,1,1, ,1,5,1,4,3,1,3,31 may,2,2,3,3,3
5464,20,2,5,8,4,5,6,9,1,46,2,7,20,23,1,3, ,2,4,1,1,4,1,2,150ka,2,2,3,3,2
5467,4,1,3,3,1,1,2,2,1,64,6,2, ,1000,1,1, ,1,4,1,5,5,1,7,Hargeisa,2,2,2,2,1
5468,6,1,5,6,2,1,3,3,2,59,6,2, ,2000,1,1, ,1,8,2,5,5,1,5, ,2,2,4,4,3
5470,6,0,0,1,0,1,4,2,1,60,6,1, ,200,1,1, ,1,4,1,3,3,1,4,Ina mooge,2,2,3,3,3
5471,7,0,0,1,1,1,4,3,1,62,4,2, ,800,1,1, ,1,6,1,4,4,1,7,Jigjiga yar,2,2,3,4,3
5472,15,3,1,2,1,1,7,8,1,60,6,2, ,6000,1,1, ,1,8,2,3,5,1,2,Xawadle,2,2,2,4,1
5473,4,0,0,0,0,0,2,2,2,50,4,6, ,600,1,1, ,1,4,1,4,4,1,5,Hargeisa,2,2,2,4,3
5474,8,0,0,3,2,0,4,4,1,57,6,1, ,300,1,2, ,1,5,1,4,4,1,1,isha boorma,2,2,4,4,4
5475,9,0,0,1,2,2,7,3,1,70,7,1, ,500,1,1, ,1,7,1,4,5,1,6,Sh Madar,2,2,5,4,3
5476,11,0,2,7,0,2,6,5,1,49,6,2, ,500,1,1, ,3,5,1,3,3,1,6,Aw aadan,2,2,3,3,3
5477,11,2,5,3,2,0,3,8,1,41,4,2, ,200,1,1, ,1,6,1,2,1,1,3,hargeisa,2,2,3,1,6
5478,3,0,0,0,0,0,2,1,2,42,3,2, ,500,1,2, ,1,4,1,3,4,1,9,Buurta ina waran cade,2,2,3,3,3
5479,11,0,0,1,2,0,9,2,1,56,7,5, ,1000,1,1, ,1,6,1,4,4,1,2,150,2,2,3,3,6
5480,10,1,3,4,2,0,3,7,2,50,4,6, ,450,1,1, ,1,5,1,5,5,1,2,xawaadle,2,2,3,4,3
5481,12,0,12,9,4,1,6,6,1,63,7,1, ,300,1,3, ,1,5,1,3,5,1,8,Badacas,2,2,3,3,3
5483,14,0,0,3,2,2,8,6,1,58,1,2, ,2700,1,1, ,1,6,1,5,4,1,7,jigjigayar,2,2,4,3,1
5484,6,0,1,4,1,0,2,4,2,55,1,6, ,400,1,1, ,1,5,1,5,5,1,1,masale,2,2,5,3,3
5486,10,0,0,1,1,0,5,5,1,35,7,2, ,1000,1,1, ,1,5,1,3,4,1,6,daami,2,2,2,3,4
5487,6,3,3,2,1,0,3,3,1,28,6,1, ,1000,1,1, ,1,5,1,5,5,1,2, ,2,2,3,1,4
5488,9,1,1,0,0,0,4,5,2,38,3,2, ,350,1,2, ,1,2,1,3,4,1,5,Qudhac-dheer,2,2, , , 
5489,7,0,7,5,2,0,3,4,1,40,1,2, ,400,1,1, ,1,4,1,4,4,1,6,Sheikh nuur,2,2,5,3,2
5492,18,3,4,6,4,1,7,8,1,43,1,2, ,2000,1,1, ,1,9,3,3,1,1,3,hargeisa,2,2,2,2,6
5493,9,0,0,0,0,0,5,4,1,58,4,2, ,1500,1,1, ,1,5,1,4,4,1,4,Hargeisa,2,2,2,3,2
5495,9,1,1,1,0,0,4,5,2,38,3,2, ,350,1,2, ,1,2,1,3,4,1,5,Qudhac-dheer,2,2,4,4,4
5497,11,1,1,2,1,0,7,4,1,51,6,1, ,1300,1,2, ,1,5,1,4,4,1,8,Bada-cas,2,2,4,3,2
5498,12,2,1,1,2,1,5,7,1,60,6,1, ,800,1,3, ,1,6,1,4,4,2,7, ,2,2,2,3,3
5500,2,0,0,0,1,0,1,1,1,35,6,1, ,1000,1,2, ,1,6,1,5,5,1,7,Jigjigayar,2,2,5,4,3
5501,4,1,1,0,1,0,2,2,1,35,7,1, ,1000,1,2, ,1,4,1,4,5,1,2,Daloodho,2,2,4,4,2
5502,4,1,1,0,1,0,1,3,2,35,3,2, ,500,1,2, ,1,7,1,5,4,1,9,Warancade Area,2,2,3,5,5
5503,8,1,1,0,1,0,4,4,1,34,2,2, ,500,1,2, ,1,5,1,4,4,1,5,calaamada,2,2,3,4,3
5504,9,0,0,1,0,1,4,5,2,50,3,6, ,900,1,1, ,1,5,1,4,4,1,7,jigjiga yar,2,2, , , 
5505,9,1,8,3,0,0,3,6,2,30,4,6, ,600,1,1, ,2,6,1,4,5,1,8,Badda cas,2,2,4,2,4
5506,10,0,0,2,3,1,4,6,1,65,5,1, ,4000,1,1, ,2,5,1,5,4,1,2,150 street,2,2,3,2,2
5507,6,0,0,4,2,1,2,4,1,68,6,2, ,900,1,1, ,1,5,2,4,3,1,5,masalaha,2,2,3,3,6
5508,4,2,0,0,2,0,1,3,1,32,7,1, ,500,1,2, ,3,4,1,3,4,1,7,Gantaalaha,2,2, , , 
5509,9,0,0,2,0,1,5,4,1,64,1,2, ,3000,1,1, ,1,7,2,5,5,1,7,jigjigayar,2,2,4,4,1
5510,3,1,0,2,0,0,2,1,1,28,6,2, ,600,1,2, ,1,5,1,4,5,1,2,Shacabka,2,2,3,2,4
5512,8,3,0,1,1,0,4,4,1,40,7,2, ,1000,3,1, ,1,5,3,4,4,2,7, ,2,2, , , 
5513,7,1,1,5,2,0,4,3,1,38,6,1, ,200,1,1, ,1,4,1,5,1,1,7,0,2,2,3,3,3
5515,5,0,0,2,2,0,2,3,1,38,1,1, ,250,1,2, ,1,3,1,3,3,1,2, ,2,2,2,3,3
5516,6,2,0,1,2,0,3,3,1,53,6,1, ,600,1,3, ,1,5,1,4,4,1,8,boqol jire,2,2,5,4,3
5518,5,0,0,1,1,0,2,3,2,45,1,2, ,150,1,3, ,1,3,1,4,5,1,1,Axmed guray,2,2,4,4,2
5519,8,1,3,2,2,0,5,3,1,43,4,1, ,150,1,3, ,1,5,3,3,3,1,1,masalaha,2,2, , , 
5520,7,0,0,1,2,0,3,4,1,45,6,1, ,400,1,1, ,1,4,1,5,5,1,2,cabaaye,2,2, , , 
5521,8,1,0,0,0,2,3,5,1,60,6,2, ,400,1,2, ,1,5,1,3,4,1,6, ,2,2,4,3,2
5522,9,0,9,5,1,1,7,2,1,62,4,2, ,700,1,2, ,2,3,1,4,5,1,7,jigjiga yar,2,2,4,3,4
5523,12,0,0,1,0,1,7,5,1,55,3,1, ,1000,1,1, ,1,5,1,5,4,1,7,xeroawr,2,2,3,3,1
5525,4,0,0,1,1,0,1,3,1,42,1,1, ,250,1,1, ,1,3,1,3,3,1,2, ,2,2,3,3,3
5526,7,2,3,0,2,0,4,3,1,35,7,2, ,800,1,2, ,1,4,1,4,3,1,7,gannad,2,2,3,3,3
5527,6,2,4,3,0,0,2,4,1,25,3,1, ,200,2,2, ,1,3,1,3,3,1,2,daruurha,2,2,4,3,3
5528,7,1,0,1,2,0,3,4,1,48,1,1, ,300,1,1, ,1,5,1,3,3,1,2, ,2,2,3,3,3
5530,12,2,2,4,2,0,5,7,2,50,4,6, ,100,3,2, ,3,2,1,2,3,1,6,new hargeisa,2,2,3,3,3
5533,8,1,0,0,0,0,2,6,2,50,1,6, ,350,1,1, ,1,3,1,3,3,1,4,daraslam,2,2,4,3,2
5534,8,0,0,2,2,0,3,5,1,38,1,1, ,250,1,1, ,1,4,1,3,3,1,2, ,2,2,3,3,3
5535,8,0,0,3,3,0,4,4,1,30,7,2, ,350,1,2, ,1,5,2,5,3,1,7,gannad,2,2,3,3,3
5536,6,0,1,1,1,0,5,1,1,48,6,1, ,900,1,2, ,1,4,1,5,5,1,7,xeroawr,2,2,3,3,1
5538,5,1,1,1,1,0,3,2,1,37,1,1, ,250,1,1, ,1,4,1,3,3,1,2, ,2,2,2,3,2
5539,6,0,0,1,1,0,3,3,1,55,8,2, ,1500,1,1, ,1,12,2,4,4,1,2,Daloodho,2,2,4,4,3
5540,7,1,0,1,0,1,3,4,2,60,6,1, ,600,1,2, ,1,5,1,3,3,1,6,Cabaaye,2,2,2,3,2
5541,14,0,5,4,5,0,7,7,1,50,8,2, ,600,1,1, ,1,7,2,4,4,1,7,xero awr,2,2,3,4,3
5542,11,0,0,1,0,1,7,4,1,85,1,2, ,600,1,1, ,1,4,1,3,3,1,5,calaamada,2,2,2,3,4
5543,10,0,0,1,0,0,4,6,1,50,4,1, ,600,1,2, ,1,4,1,4,3,1,2,Geed goble,2,2,3,4,4
5544,11,2,0,0,0,0,6,5,1,45,1,2, ,500,1,1, ,1,5,0,4,4,1,5,Laanta hawada,2,2,4,2,2
5545,10,1,3,0,0,1,5,5,2,77,2,3, ,100,1,1, ,1,7,1,5,5,1,4,mohamed mooge,2,2,3,3,1
5546,10,1,1,2,1,1,5,5,1,57,1,1, ,850,1,2, ,1,5,1,5,5,1,7,jigjigayar,2,2,3,3,2
5548,9,1,0,1,0,2,6,3,1,60,3,1, ,3000,1,1, ,1,4,1,5,4,1,7,sheedaha,2,2,4,3,2
5549,16,0,0,6,6,1,9,7,1,65,6,1, ,400,3,3, ,1,5,1,4,3,1,5,sabaxareed,2,2,3,3,6
5552,6,0,0,2,0,0,4,2,1,57,7,1, ,400,1,1, ,1,4,1,4,3,1,2,26 june,2,2,3,3,3
5554,8,0,2,3,2,1,6,2,1,60,1,3, ,500,1,1, ,1,6,2,4,4,1,7, ,2,2,3,3,3
5556,8,1,2,1,1,0,4,4,1,59,2,1, ,150,1,1, ,1,6,2,3,3,1,2,Idaacada,2,2,4,4,2
5557,7,0,0,0,0,0,5,2,2,52,6,2, ,700,1,1, ,1,3,1,5,5,1,5,Masalaha,2,2,5,4,3
5558,4,0,0,0,1,2,1,3,1,63,4,2, ,400,1,1, ,1,5,1,3,4,1,7,Jigjiga yar,2,2, , , 
5559,8,0,0,1,0,1,4,4,1,62,3,2, ,500,1,1, ,1,4,1,5,5,1,5,calaamada,2,2,3,4,3
5560,4,2,0,0,0,0,3,1,1,31,6,2, ,330,1,2, ,1,4,1,4,5,1,6,macalin haaruun,2,2,4,5,5
5561,6,0,0,2,2,1,2,3,1,62,5,1, ,1000,1,2, ,1,4,1,4,4,1,2,magaalo ugaaso,2,2,3,3,2
5562,9,0,0,1,0,0,5,4,2,50,6,2, ,800,1,2, ,1,5,1,5,5,1,5,Masalaha,2,2,4,5,3
5563,12,2,1,5,1,2,5,7,1,55,4,1, ,350,1,2, ,1,4,1,4,4,1,5,Xidigta,2,2,2,4,3
5564,10,0,10,6,2,0,4,6,1,56,6,1, ,500,1,1, ,1,5,1,4,4,1,6,sheekh mubarig,2,2,3,3,3
5567,8,0,0,1,0,0,4,4,1,55,3,1, ,500,1,2, ,1,4,1,3,3,1,2,cabaaye,2,2,3,3,2
5569,8,0,0,1,0,1,4,4,2,45,7,1, ,500,3,3, ,1,6,1,3,3,5,4,borama,2,2,2,3,2
5570,10,0,0,1,1,1,5,5,1,60,4,1, ,400,1,1, ,1,4,1,5,5,1,5,gacanta,2,2,2,3,3
5571,13,1,1,3,1,2,7,6,1,62,4,2, ,4500,1,1, ,1,8,2,5,5,1,7,jigjigayar,2,2,5,4,1
5572,9,0,9,7,2,1,3,6,1,63,2,1, ,500,1,3, ,1,7,1,3,5,1,3,faluuja,2,2,5,3,3
5573,7,0,7,5,2,0,2,5,2,56,3,1, ,500,1,1, ,1,4,1,3,4,1,6,Sheekh mubaarik,2,2,3,4,3
5574,8,0,0,0,0,1,6,2,1,61,3,1, ,200,1,1, ,1,4,1,4,4,1,7,jig jiga yar,2,2,4,3,2
5575,7,0,0,1,1,2,5,2,1,62,1,1, ,250,1,3, ,3,4,1,4,5,1,1,cakaara,2,2,4,3,2
5576,6,0,0,0,1,1,2,3,2,61,1,1, ,500,1,1, ,1,5,1,4,4,1,7,Jigjiga yarn,2,2,2,3,5
5578,5,0,0,1,0,0,1,4,2,29,2,6, ,350,1,3, ,1,2,1,4,5,1,6,macalin haaruun,2,2,3,3,5
5579,5,0,0,0,0,2,0,5,2,73,8,6, ,800,1,2, ,1,6,1,3,4,1,7,Jigjigayar,2,2,4,4,1
5580,8,0,0,0,0,0,3,5,1,38,7,2, ,1500,1,1, ,1,8,1,5,5,1,7, ,2,2,3,5,3
5581,8,3,0,2,1,1,2,6,1,35,7,1, ,750,1,2, ,2,5,1,4,5,1,5,Hargeisa,2,2,3,3,3
5582,5,0,0,3,0,2,2,3,1,53,7,2, ,1500,1,1, ,1,5,1,5,5,1,6,150,2,2,5,5,4
5583,8,1,1,2,4,0,4,4,1,45,4,1, ,250,3,2, ,3,3,1,3,3,1,4,m.mooge,2,2,4,6,3
5584,12,1,1,1,0,0,6,6,1,58,6,1, ,1000,1,2, ,1,5,1,3,3,1,2,Hargeisa,2,2,3,3,3
5585,8,0,0,0,0,1,2,6,2,50,3,6, ,600,1,1, ,1,4,1,4,4,1,7,jigjiga yar,2,2,4,5,4
5586,10,0,0,0,0,0,6,4,1,57,4,1, ,1000,1,1, ,1,7,0,5,5,1,7,jigjiga yar,2,2,5,4,4
5588,8,0,0,1,1,1,6,2,1,53,3,2, ,150,1,3, ,1,4,1,5,5,1,5,Xidigta,2,2, , , 
5589,9,0,0,2,2,1,4,3,2,40,1,1, ,300,1,3, ,1,6,2,4,4,1,5,Qudhacdher,2,2,3,3,3
5590,7,0,1,2,2,2,4,3,1,60,1,6, ,400,1,1, ,1,4,1,4,3,1,2, ,2,2,3,3,6
5591,10,2,2,4,2,0,6,4,1,47,4,1, ,300,3,2, ,3,3,1,3,3,1,7,150ka,2,2,3,3,3
5592,13,2,3,4,3,1,8,5,2,55,1,4, ,200,1,2, ,2,3,1,1,3,1,3,Hargeisa,2,2,3,1,5
5593,8,0,2,4,2,0,1,7,2,45,2,1, ,350,1,1, ,1,4,1,3,3,1,6,Magalo ugaaso,2,2,2,3,3
5594,15,1,1,2,2,0,8,7,1,53,7,2, ,500,1,1, ,1,6,1,4,4,1,7,Hargeisa,2,2,4,4,4
5595,13,0,13,11,2,1,9,4,1,60,6,2, ,500,1,1, ,1,7,1,4,4,1,6,sheekh mubarig,2,2,4,4,4
5596,3,0,1,0,0,0,0,3,2,55,2,1, ,360,1,1, ,1,2,1,5,5,1,6,macalin haaruun,2,2,5,5,5
5597,8,2,0,0,2,0,4,4,1,35,7,1, ,900,1,2, ,1,6,0,3,4,1,7,Jigjiga yarn,2,2,3,3,4
5599,7,0,0,0,0,1,4,3,1,62,4,6, ,100,1,1, ,1,4,1,4,3,1,7,Badda cas,2,2,3,3,3
5600,8,0,0,1,6,1,3,5,2,60,4,1, ,1000,1,3, ,1,4,1,3,4,1,2,Geedgoble,2,2,1,4,4
5602,3,0,1,0,0,0,1,2,2,30,3,6, ,200,1,2, ,1,1,1,3,4,1,5,jameeco weyn,2,2, , , 
5603,12,1,0,1,0,0,5,7,2,50,3,2, ,700,1,1, ,1,6,1,3,3,1,5,Hargysa,2,2,2,2,2
5604,5,0,0,0,1,1,3,2,1,65,6,1, ,250,1,1, ,1,5,1,3,5,1,6,cabaaye,2,2,2,3,3
5606,11,0,0,1,0,0,6,5,1,50,4,2, ,700,1,2, ,1,6,2,4,4,1,7, ,2,2,3,3,3
5607,13,1,0,0,0,0,6,7,1,55,3,2, ,600,1,1, ,1,6,1,4,4,1,1,Stadium area,2,2,4,4,2
5608,12,5,2,3,2,0,6,6,2,52,4,4, ,800,1,2, ,2,6,1,4,4,5,7,jig jiga yar,2,2,2,2,1
5609,14,5,6,6,3,3,6,8,1,67,4,3, ,800,1,1, ,1,6,1,4,3,2,7,jig jiga yar,2,2, , , 
5610,12,2,10,3,0,0,3,9,1,22,4,6, ,60,1,2, ,3,2,1,4,5,1,4,Gol-waraabe,2,2,3,1,2
5611,12,1,1,0,2,2,5,7,1,60,6,1, ,450,1,4, ,1,6,1,4,1,1,2,Goljano,2,2,1,3,3
5613,15,2,1,1,2,0,8,7,1,53,7,2, ,500,1,1, ,1,6,1,4,4,1,7,Hargeisa,2,2,4,4,4
5614,12,0,0,3,4,0,8,4,2,50,8,2, ,600,1,1, ,1,5,1,4,3,1,7, ,2,2, , , 
5615,10,2,1,1,0,0,7,3,1,49,1,1, ,250,1,1, ,1,3,0,1,2,1,5,Laanta hawada,2,2,3,4,3
5617,7,0,0,0,0,0,4,3,2,50,1,6, ,500,1,3, ,1,4,1,4,4,1,1,Xaafada October,2,2,3,4,4
5619,12,2,1,1,0,0,6,6,1,55,8,2, ,200,1,1, ,3,5,4,4,4,1,7, ,2,2, , , 
5620,3,0,0,0,0,1,0,3,2,61,2,6, ,300,1,1, ,1,5,1,4,4,1,2,150,2,2,4,3,2
5621,12,1,0,1,0,0,5,7,2,50,3,2, ,700,1,1, ,1,6,1,3,2,1,5,Hargeisa,2,2,2,2,3
5622,4,2,0,0,2,0,2,0,1,32,7,2, ,600,1,1, ,1,4,1,4,4,1,7,Jigjiga yarn,2,2,2,4,2
5624,7,0,0,1,2,0,3,4,1,45,6,1, ,400,1,1, ,1,4,1,5,5,1,2,warfare salaam,2,2,3,4,3
5626,7,0,0,0,4,1,4,3,1,65,4,1, ,3000,1,1, ,1,6,1,4,4,1,7,jig jiga yar,2,2,4,3,3
5628,12,0,0,1,3,0,8,4,1,31,7,1, ,600,1,1, ,1,5,1,4,3,1,7, ,2,2,3,3,6
5629,12,0,1,1,0,0,6,6,1,54,4,2, ,3000,1,2, ,1,7,1,5,5,1,1,half London,2,2,2,3,2
5630,4,2,0,2,0,0,2,2,1,23,4,6, ,60,1,2, ,1,2,1,2,4,1,1,Badhka,2,2,1,4,3
5631,4,0,0,0,1,2,1,3,1,62,6,2, ,500,1,1, ,1,5,1,4,4,1,7,Jigjiga yar,2,2,3,3,3
5632,3,0,0,0,0,0,1,2,2,30,3,6, ,190,1,2, ,2,1,1,3,4,1,5,jameeco weyn,2,2, , , 
5633,10,0,1,3,2,1,5,5,1,60,6,2, ,800,1,1, ,1,6,2,4,4,1,7, ,2,2,3,3,6
5635,3,0,1,0,0,0,1,2,2,30,3,6, ,190,1,2, ,1,1,1,3,5,1,5, ,2,2, , , 
5637,9,2,1,2,2,0,5,4,1,55,7,2, ,500,1,1, ,1,6,1,4,3,1,7, ,2,2,3,3,6
5639,10,0,0,2,1,0,6,4,1,46,1,6, ,400,1,1, ,1,5,1,5,5,1,6,Sh.nuur,2,2,3,3,3
5645,11,0,0,1,0,1,5,6,1,40,7,4, ,1000,1,1, ,1,6,1,5,5,1,2,daruuraha,2,2, , , 
5649,6,5,2,0,2,0,3,3,1,35,6,1, ,300,1,3, ,1,5,1,4,4,1,4, ,2,2,3,4,4
5650,13,1,0,0,1,0,6,7,1,55,3,2, ,700,1,1, ,1,6,1,4,4,1,1,Stadium area,2,2,4,4,2
5651,10,2,1,1,2,0,5,5,1,45,2,3, ,350,1,3, ,1,5,1,5,5,1,7,ibrahim koodbuur,2,2, , , 
5653,5,0,0,1,0,0,1,4,2,50,1,2, ,400,1,2, ,1,2,1,3,2,1,5,Hargeisa,2,2, , , 
5654,13,1,1,2,0,1,7,6,1,60,4,2, ,1000,1,1, ,1,8,1,5,5,1,5,calaamda,2,2,4,4,2
5656,12,0,0,1,0,2,3,9,1,65,5,3, ,1000,1,1, ,1,5,1,4,4,1,1, ,2,2,3,3,3
5660,8,0,0,1,1,1,6,2,1,55,3,2, ,300,1,3, ,1,4,1,5,5,1,5,Xidigta,2,2,5,4,3
5661,15,1,2,1,2,0,8,7,1,53,7,2, ,500,1,1, ,1,6,1,4,4,1,7,Hargeisa,2,2,4,4,4
5663,11,0,0,1,0,0,5,6,1,56,4,1, ,1500,1,1, ,1,5,1,4,4,1,8,state house,2,2,5,3,3
5665,10,0,10,6,3,0,6,4,1,59,4,2, ,900,1,1, ,1,8,1,4,4,1,1,Masalaha,2,2,3,3,4
5668,5,1,1,0,1,1,3,2,1,62,8,1, ,1000,1,2, ,1,6,1,4,4,1,7,Jigjigayar,2,2,4,5,3
5670,10,2,0,1,2,0,4,6,1,44,2,6, ,300,1,3, ,1,5,1,5,3,1,7,Ibraahim Koodbuur,2,2,1,1,5
5678,9,1,1,0,1,0,4,5,2,35,3,2, ,25,1,2, ,1,2,1,3,4,1,5,Qudhac-dheer,2,2, , , 
5679,1,0,0,0,1,0,1,0,1,35,7,1, ,200,1,2, ,1,1,1,3,3,1,5,calaamada,2,2,3,3,6
5680,9,1,1,0,1,0,4,5,2,35,3,2, ,350,1,2, ,1,2,1,3,4,1,5,Qudhac-dheer,2,2,4,3,3
5681,15,1,2,1,2,0,8,7,1,53,7,2, ,500,1,1, ,1,6,1,4,4,1,7,Hargeisa,2,2,4,4,4
5682,14,2,1,2,1,1,6,6,2,56,6,5, ,200,1,3, ,1,3,1,3,3,1,7,jigjiga yar,2,2, , , 
5684,7,0,0,0,0,0,2,5,1,26,6,1, ,500,1,1, ,1,4,1,3,3,1,5,qudhcdheer,2,2,3,3,2
5685,2,0,0,0,0,0,1,1,1,28,6,2, ,500,1,1, ,1,5,1,5,5,1,7,Jigjiga yar,2,2,3,4,3
5686,7,0,0,1,2,1,1,6,2,61,6,2, ,1000,1,1, ,1,5,1,4,4,1,6,cabaaye,2,2,4,3,2
5687,12,10,0,12,12,10,13,8,1,52,6,6, ,100,3,3, ,1,6,1,3,3,1,1,October,2,2,2,1,5
5690,12,0,0,1,0,1,5,7,1,60,1,7,Police,200,1,1, ,1,4,1,4,4,1,3,isha borama,2,2, , , 
5693,12,0,0,1,1,2,6,6,2,45,7,2, ,3000,1,1, ,1,9,2,4,5,1,5,Calamadaha,2,2,3,4,3
5699,15,2,1,1,2,0,8,7,1,53,7,2, ,500,1,1, ,1,6,1,4,4,1,7,Hargeisa,2,2, , , 
5708,15,2,1,1,2,0,8,7,1,53,7,2, ,500,1,1, ,1,6,1,4,4,1,7, ,2,2, , , 
5712,8,0,0,0,0,0,3,5,1,40,6,2, ,40,1,1, ,1,4,1,4,3,1,6,Sh.nuur,2,2,3,3,3
5713,11,0,0,0,0,0,7,4,1,40,7,2, ,8000,1,1, ,1,8,2,5,4,1,7,bada cas,2,2,4,4,3
5715,10,0,2,3,2,2,5,5,1,70,6,6, ,1000,2,3, ,1,4,1,5,4,1,2,Xero awr,2,2,4,1,5
5717,6,0,0,1,0,1,3,3,1,46,7,2, ,1500,1,1, ,1,4,1,4,4,1,7, ,2,2,3,4,1
5719,15,2,1,1,2,0,8,7,1,53,7,2, ,500,1,1, ,1,6,1,4,4,1,7,Hargeisa,2,2,4,4,4
5720,3,0,1,0,0,0,1,2,2,30,3,6, ,190,1,2, ,1,1,1,3,4,1,5,Jameeco weyn,2,2,2,2,2
5721,6,0,1,2,2,0,4,1,1,39,3,1, ,250,3,2, ,1,2,1,3,3,1,1,siinay,2,2,3,2,6
5722,13,0,0,1,0,1,7,6,2,60,2,6, ,500,1,3, ,1,4,1,3,4,1,5,qudhac-dheer,2,2,4,5,3
5723,7,0,0,1,3,2,4,4,1,65,4,6, ,400,3,1, ,2,2,1,3,4,1,5,seyladda,2,2,3,3,3
5726,12,0,0,1,0,1,5,7,1,60,1,7,Police,200,1,1, ,1,4,1,4,4,1,3,isha borama,2,2,3,3,3
5727,3,0,0,0,1,0,2,1,1,55,3,4, ,200,3,2, ,3,4,1,4,3,1,1,masalaha,2,2,4,2,2
5728,12,4,2,4,1,1,6,6,1,57,6,1, ,800,1,1, ,1,6,1,4,4,1,7,jig jiga yar,2,2,1,4,3
5729,10,0,0,3,5,2,6,4,1,59,7,1, ,800,1,1, ,1,5,1,5,5,1,6,Geerash aw aden,2,2,2,5,5
5730,15,2,1,1,2,0,8,7,1,53,7,2, ,500,1,1, ,1,6,1,4,4,1,7,Hargeisa,2,2,4,4,4
5732,15,2,1,1,2,0,8,7,1,53,7,2, ,500,1,1, ,1,6,1,4,4,1,7,Hargeisa,2,2,4,4,4
5735,3,1,0,0,2,0,2,1,1,33,6,1, ,400,1,2, ,3,3,1,4,4,1,2,150,2,2, , , 
5736,10,2,1,4,2,1,6,4,1,46,6,1, ,400,3,2, ,3,4,1,3,3,1,4,m.mooge,2,2,4,3,1
5737,6,3,1,0,1,0,4,2,1,40,5,1, ,70,1,2, ,1,2,1,5,5,1,7,xero awr,2,2,4,3,2
5738,12,1,1,0,2,2,5,7,1,60,6,2, ,450,1,1, ,1,6,0,4,3,1,2,Goljano,2,2,2,3,3
5739,3,0,0,0,1,0,0,3,2,57,3,2, ,1000,1,1, ,1,5,1,5,4,1,1,isha boorma,2,2,2,4,4
5740,6,0,0,1,4,1,3,3,2,38,6,2, ,800,1,1, ,1,4,1,4,5,1,6,hargeisa,2,2,5,3,4
5741,4,0,0,2,2,0,2,2,1,35,5,4, ,150,1,1, ,1,1,1,3,3,1,3,qandahaar,2,2, , , 
5742,5,1,1,1,1,0,3,2,1,40,3,4, ,200,3,2, ,1,3,1,3,4,1,6,new hargeisa,2,2,3,4,2
5744,5,3,0,0,2,0,3,2,1,40,7,1, ,350,1,1, ,1,3,1,3,3,1,3,Qandahaar,2,2, , , 
5745,10,2,1,2,1,1,6,4,1,50,7,1, ,500,1,3, ,1,5,1,4,5,1,7, ,2,2,3,4,4
5747,6,1,1,2,1,0,2,4,1,45,7,1, ,400,1,2, ,1,5,1,3,2,1,3,qandahaar,2,2, , , 
5748,4,0,0,2,1,1,1,3,1,45,6,7, ,1500,1,1, ,1,7,1,5,5,1,8,redsea,2,2,5,4,3
5749,6,0,6,5,2,1,4,2,1,60,4,1, ,500,1,2, ,1,4,1,4,4,1,2,daruuraha,2,2,3,3,3
5750,5,1,0,1,0,1,2,3,1,40,4,2, ,400,1,2, ,1,4,1,3,2,1,4,Digaale,2,2,4,3,2
5752,8,0,0,3,5,0,6,2,2,40,1,1, ,650,1,1, ,1,3,1,4,1,1,6,Sheekh madar,2,2,3,5,2
5754,11,2,0,1,0,1,7,3,1,54,5,2, ,800,1,2, ,1,5,1,3,4,1,2, ,2,2,4,2,3
5755,9,3,2,1,2,1,3,6,1,39,4,2, ,1000,1,3, ,1,5,1,4,3,2,1,siiney,2,2, , , 
5756,7,0,0,0,5,2,2,5,2,60,7,2, ,1500,1,2, ,3,6,1,3,4,1,9,Hodan hills,2,2,3,3,3
5757,4,2,0,2,0,0,3,1,1,29,6,2, ,750,1,3, ,1,6,1,5,5,1,2, ,2,2,2,4,3
5759,15,2,1,1,2,0,8,7,1,53,7,2, ,500,1,1, ,1,6,1,4,4,1,7,Hargeisa,2,2,4,3,3
5762,8,0,0,1,1,2,4,4,2,60,6,1, ,300,1,2, ,1,4,1,4,4,1,9,KAAH,2,2,4,3,3
5763,10,0,0,6,2,2,6,4,1,63,4,2, ,300,1,1, ,1,4,1,4,3,1,1,half london,2,2,3,3,6
5764,15,1,3,2,5,8,6,6,1,50,4,7, ,200,1,1, ,1,4,1,4,1,1,7,Jigjigayar,2,2, , , 
5765,4,0,0,1,0,1,3,1,1,89,7,2, ,1000,1,1, ,1,6,2,4,3,1,7,Hargeisa,2,2,1,3,5
5766,5,1,1,0,1,0,3,2,1,35,6,1, ,500,1,2, ,1,4,1,4,4,1,7,sheedaha,2,2,4,4,2
5767,8,0,0,5,2,1,5,3,2,64,4,1, ,600,1,2, ,1,5,1,4,4,1,8,redsea,2,2,4,3,3
5769,6,2,1,2,1,0,4,2,2,39,5,3, ,250,1,2, ,1,3,1,3,3,1,1,badhka,2,2,3,2,5
5770,6,0,6,4,2,1,4,4,1,61,2,6, ,200,1,3, ,1,2,1,3,3,1,7,jigjigayar,2,2,3,3,3
5771,5,2,1,1,1,0,2,3,1,49,2,2, ,250,1,3, ,1,2,1,3,3,1,3,isha boorama,2,2,4,2,4
5772,15,1,0,1,2,1,7,8,2,45,6,6, ,400,1,1, ,1,5,1,4,4,1,2,Xawaadle,2,2,3,3,2
5773,11,3,2,1,3,2,5,5,2,35,6,6, ,600,1,2, ,2,5,2,4,3,1,2,Daloodho,2,2,3,3,2
5774,5,0,0,1,0,0,1,4,2,50,1,1, ,400,1,2, ,1,2,1,3,3,1,5,Hargeisa,2,2,3,3,2
5775,7,0,0,0,0,0,3,4,2,50,6,1, ,450,1,3, ,1,4,1,4,3,1,1,Xaafada October,2,2,4,3,3
5776,11,1,6,2,1,1,7,4,1,61,5,2, ,400,1,2, ,1,4,1,4,4,1,3,isha boorama,2,2,4,3,3
5778,11,0,0,1,0,1,5,6,1,33,7,2, ,1000,1,3, ,1,7,0,5,5,1,2,150,2,2,3,3,4
5779,7,0,3,1,3,0,3,4,1,53,2,1, ,300,1,1, ,1,4,1,4,3,1,1,siinay,2,2,4,3,3
5783,6,0,0,4,1,1,2,4,1,60,7,2, ,600,1,1, ,1,6,1,3,4,1,5,Qudhac dheer,2,2,3,3,2
5784,2,4,2,2,2,1,4,1,1,52,7,2, ,500,1,1, ,1,2,4,4,5,1,7,hargeisa,2,2,4,5,5
5785,17,0,1,1,0,0,8,9,1,53,4,3, ,1500,1,1, ,1,6,1,4,4,1,1,Siinaay,2,2,4,4,4
5786,10,0,0,4,6,0,6,4,1,50,6,2, ,500,1,1, ,3,5,1,4,3,1,6,Aw adan,2,2,3,3,3
5788,10,0,0,6,4,0,6,4,1,45,6,2, ,500,1,1, ,3,5,1,4,3,1,6,Aw aadan,2,2,3,4,3
5789,7,2,2,1,1,1,3,4,1,45,6,2, ,400,1,1, ,1,4,1,5,4,1,9,hodan hilis,2,2,3,3,5
5791,12,2,4,2,3,1,6,6,1,65,5,3, ,500,2,3, ,2,5,2,3,5,1,2,Xero awr,2,2,4,2,3
5792,2,0,0,0,0,0,1,2,1,28,6,1, ,2000,1,2, ,1,3,1,5,4,1,7,Jigjiga yar,2,2,4,4,4
5793,7,1,0,1,1,1,2,4,1,60,6,1, ,500,1,3, ,1,6,1,3,4,1,6,sh.nuur,2,2,5,5,4
5794,8,0,0,1,1,1,7,1,1,65,7,2, ,350,1,1, ,1,4,1,4,3,1,2,26 june,2,2,3,3,3
5796,7,0,0,1,0,0,4,3,1,51,6,1, ,540,1,3, ,1,5,1,4,4,1,1, ,2,2,4,3,3
5798,6,2,3,1,1,0,3,3,2,40,6,2, ,150,1,1, ,1,5,0,5,5,1,5,Hargysa,2,2, , , 
5799,6,0,0,0,0,0,3,3,2,50,6,1, ,400,1,1, ,1,4,1,4,3,1,2,26 june,2,2,3,3,3
5800,6,1,0,3,1,0,3,3,2,49,2,2, ,300,1,3, ,1,4,1,4,4,1,6,sheekh muba,2,2,5,4,4
5801,7,0,0,0,0,0,4,3,2,50,1,6, ,500,1,3, ,1,4,1,5,4,1,1,Aktober,2,2,3,3,4
5802,9,1,0,1,1,0,3,6,2,35,2,2, ,500,1,2, ,1,4,1,5,5,1,6,new hargeisa,2,2,1,4,1
5803,12,2,1,2,1,1,5,7,1,35,6,1, ,600,1,2, ,1,7,1,3,3,1,6,sh.nuur,2,2,3,4,3
5804,8,1,1,1,1,0,2,6,2,43,4,6, ,1500,1,2, ,1,6,1,4,5,1,7,jigjiga yar,2,2,4,3,1
5805,4,0,0,0,1,0,3,1,2,55,4,1, ,250,1,2, ,1,3,1,4,3,2,2, ,2,2,3,3,3
5807,8,8,0,1,1,0,4,4,2,40,6,2, ,500,1,3, ,1,4,1,4,5,1,2,Geed goble,2,2,3,4,3
5808,12,1,0,0,0,0,7,5,1,42,7,1, ,1800,1,1, ,1,12,2,5,5,1,7,buurta kala jeexan,2,2,4,3,1
5809,10,0,0,0,0,2,5,5,1,61,6,2, ,800,1,2, ,1,5,1,4,4,1,5,Calaamada,2,2,3,3,4
5810,5,0,0,1,2,1,2,3,2,85,6,2, ,600,1,1, ,1,5,1,4,4,1,6,hargeisa,2,2,4,4,4
5811,17,1,1,2,4,1,10,7,1,56,2,1, ,700,1,1, ,1,9,4,4,4,1,7,Burco,2,2,4,4,5
5812,7,0,0,1,0,2,5,2,2,60,2,1, ,250,1,3, ,1,4,1,4,3,1,7,Ibraahim koodbuur,2,2,3,3,4
5814,10,0,0,6,4,0,6,4,1,45,6,2, ,600,1,1, ,3,4,1,3,3,1,6,Aw aadan,2,2,3,3,3
5815,7,0,0,0,5,2,3,4,2,55,6,2, ,800,1,1, ,1,5,1,5,4,1,6,hargeisa,2,2,5,4,4
5816,4,0,0,0,0,0,1,3,2,48,6,1, ,350,1,3, ,1,3,1,4,4,1,1,Xaafad October,2,2,3,3,3
5817,14,2,3,5,3,1,7,6,1,60,5,2, ,1000,3,3, ,1,5,4,3,4,1,2,Cabaye,2,2,3,1,5
5818,4,1,0,0,0,1,3,1,2,61,1,6, ,400,1,2, ,1,4,1,4,4,1,1,X Aktober,2,2,3,3,4
5821,16,3,0,1,0,2,9,7,1,72,1,7,ngo,1400,1,1, ,1,14,2,4,4,1,3,pepsi,2,2,3,4,2
5822,6,2,4,3,2,0,2,4,2,54,4,2, ,300,1,1, ,1,4,1,4,4,1,7,Xero awr,2,2, , , 
5823,7,0,0,4,1,2,4,3,1,55,4,1, ,1000,1,1, ,2,3,1,4,4,1,6,hargeisa,2,2,5,3,5
5824,8,1,0,1,1,0,4,4,1,45,6,1, ,800,1,1, ,1,7,1,3,3,1,6,New hargeisa (buurta),2,2,4,4,3
5826,6,2,1,0,0,0,4,2,1,42,6,1, ,350,1,3, ,1,4,1,4,3,1,4, ,2,2,3,3,3
5827,12,2,5,4,2,0,6,4,2,50,6,2, ,1000,3,3, ,1,5,10,5,2,1,2, ,2,2,1,3,2
5828,6,1,2,1,2,0,2,4,1,35,6,2, ,400,1,2, ,1,5,1,4,5,1,6,cabaaye,2,2,3,3,3
5832,6,1,0,1,0,2,4,2,1,70,7,1, ,600,1,1, ,1,6,1,5,4,1,7,‏jigjiga yar,2,2,2,3,2
5833,6,1,5,5,3,1,2,4,2,54,4,2, ,300,1,1, ,1,4,1,4,4,1,7,Jigjigayar,2,2,2,4,3
5834,9,0,0,1,1,0,6,3,1,55,3,1, ,300,1,1, ,1,4,1,4,4,1,1,Isha-boorama,2,2,1,3,2
5835,10,0,0,1,2,1,6,1,1,55,6,1, ,700,1,1, ,1,9,1,3,3,1,6,New hargeisa (buurta),2,2,4,3,2
5836,6,2,0,2,1,0,2,4,1,40,6,1, ,2000,1,2, ,1,5,1,4,4,1,7,Xera awar,2,2,4,4,3
5841,5,1,4,3,2,1,3,2,1,62,2,3, ,250,1,1, ,1,3,1,2,2,1,4,Mxamed mooge,2,2,1,4,5
5842,10,2,2,1,1,1,5,5,1,65,2,3, ,200,1,3, ,2,5,5,4,3,1,4,Iftin,2,2,2,1,3
5843,9,2,2,3,3,1,4,5,1,40,6,1, ,500,2,2, ,1,4,5,3,3,1,3, ,2,2,3,2,3
5844,8,0,0,1,0,0,6,2,1,28,7,1, ,700,1,3, ,1,4,1,4,5,1,1,Siinaay,2,2,1,4,6
5845,6,0,0,0,0,2,2,4,1,71,4,6, ,800,1,2, ,1,6,2,3,3,1,7,Jigjiga yar,2,2,3,4,3
5846,9,2,2,2,3,0,4,5,1,40,6,1, ,400,1,1, ,1,4,1,5,4,1,9,hodan hilis,2,2,3,3,5
5847,9,2,7,6,4,1,3,6,2,64,3,6, ,408,1,3, ,3,5,2,2,2,6,8,Gacmo dheere,2,2,3,5,6
5849,8,0,0,1,0,1,5,3,1,60,7,4, ,500,1,1, ,1,4,1,5,5,1,1,siinaay,2,2,4,4,2
5851,9,3,2,2,2,1,3,6,1,39,4,2, ,1000,1,3, ,1,5,1,4,3,1,2,xero awr,2,2,3,3,3
5852,5,1,4,4,3,1,2,3,2,60,2,5, ,200,1,2, ,3,4,1,2,4,1,7,Jigjigayar,2,2,3,3,3
5853,9,0,0,0,1,1,6,3,1,67,2,2, ,2000,1,1, ,1,6,1,4,4,1,7,Jigjigayar,2,2,4,4,3
5855,7,1,0,0,0,0,4,3,1,33,6,1, ,800,1,1, ,1,4,1,3,4,1,5,Hargeisa,2,2,1,3,3
5856,10,0,0,6,4,0,4,6,1,45,6,2, ,500,1,2, ,3,5,1,3,4,1,3,Jigjigayar,2,2,2,3,3
5857,11,1,1,0,0,0,8,3,1,53,7,1, ,1000,1,1, ,1,5,1,4,4,1,1, ,2,2,4,3,2
5859,5,2,1,2,0,0,2,3,1,31,6,1, ,450,1,2, ,1,2,1,3,4,1,1,half london,2,2,1,3,4
5860,5,0,1,2,1,1,4,1,2,72,1,2, ,250,1,1, ,3,5,1,3,3,1,1,siinay,2,2,3,3,3
5861,6,0,0,1,0,2,2,4,1,71,4,6, ,800,1,2, ,1,6,2,3,3,1,7,Jigjiga yar,2,2,3,5,3
5862,8,1,1,1,1,1,4,4,2,51,3,6, ,400,1,1, ,1,5,1,4,3,5,1,October,2,2,4,3,3
5863,8,0,0,1,1,1,5,2,2,61,4,6, ,600,1,1, ,1,7,1,3,4,1,2,200 road area,2,2,3,4,3
5864,3,0,0,0,3,0,2,1,1,38,3,1, ,200,1,2, ,1,2,1,3,2,1,3,31may,2,2,4,4,3
5867,5,2,3,2,0,0,2,3,1,30,6,1, ,1000,2,3, ,1,4,1,4,5,1,6, ,2,2,2,3,4
5868,8,2,1,1,4,0,4,4,1,42,7,4, ,900,1,1, ,1,6,1,5,5,1,2,150,2,2,5,3,4
5871,15,1,0,1,1,0,11,4,1,56,4,1, ,800,1,3, ,1,5,1,4,4,1,1,Birjeex,2,2,2,2,2
5872,5,0,0,0,0,0,2,3,2,48,6,1, ,600,1,3, ,1,5,1,4,3,1,2, ,2,2,3,3,3
5873,8,3,2,1,2,0,3,5,1,37,6,1, ,700,1,1, ,1,5,1,4,5,1,1,siinay,2,2,3,5,2
5874,8,0,0,1,1,0,4,4,1,55,6,1, ,1000,1,1, ,1,6,1,3,4,1,2,Idaacada,2,2,4,5,3
5876,3,0,0,1,0,0,2,1,2,54,3,1, ,400,1,1, ,1,5,1,5,5,1,5,calaamada,2,2,2,3,3
5877,10,0,1,3,4,1,4,6,1,65,4,2, ,1200,1,1, ,1,5,1,5,4,1,6,hargeisa,2,2,4,3,6
5880,9,1,2,3,3,2,5,4,1,65,3,5, ,1000,3,3, ,2,5,2,2,3,1,2,Daruuraha,2,2,2,1,3
5881,4,1,0,2,1,0,2,2,1,36,6,1, ,500,1,1, ,1,6,1,4,5,1,9,newhargeisa,2,2,3,3,3
5884,8,0,0,1,2,0,3,3,1,49,1,1, ,800,1,1, ,1,4,0,4,4,1,7, ,2,2,5,3,4
5885,7,1,0,1,0,0,3,4,1,55,6,2, ,700,1,1, ,1,6,1,4,4,1,1,October,2,2,4,5,2
5887,3,1,0,0,2,0,1,2,1,35,7,2, ,300,1,2, ,1,3,1,4,4,1,9,buurta,2,2,3,3,3
5888,5,0,0,1,1,1,3,2,2,60,4,2, ,1500,1,1, ,1,5,1,5,5,1,2,150,2,2,3,3,3
5889,5,0,1,1,1,2,2,3,1,39,7,1, ,500,1,1, ,1,6,1,4,4,1,2,jajabka,2,2,2,4,4
5890,13,0,0,1,9,3,4,9,1,55,4,2, ,1000,1,1, ,1,7,1,5,5,1,8,Ex control,2,2,4,4,2
5891,10,1,3,4,1,0,4,6,1,47,1,4, ,200,1,1, ,1,5,1,3,4,1,1,Badhka,2,2,3,3,4
5893,3,1,0,2,0,0,1,2,1,29,6,1, ,500,1,1, ,1,4,1,5,4,1,1,half london,2,2,3,3,4
5894,11,0,0,6,5,0,5,6,1,45,6,2, ,500,1,2, ,3,5,1,3,4,1,2,150,2,2,3,3,3
5895,7,0,1,0,1,1,5,2,1,85,1,2, ,600,1,1, ,1,5,1,4,4,1,5,calaamada,2,2,2,3,3
5896,2,0,0,0,2,0,1,1,1,30,5,1, ,400,1,2, ,1,3,1,4,3,1,9,hodan hills,2,2,2,3,3
5897,11,0,5,3,2,1,5,6,1,60,3,2, ,850,1,1, ,1,5,1,4,4,1,7,gantalaha,2,2,3,4,2
5898,9,2,0,0,8,1,2,6,2,45,6,1, ,450,1,3, ,1,6,1,4,4,1,6,sh.nuur,2,2,5,3,3
5899,3,1,0,20,0,0,2,1,1,29,7,2, ,450,1,2, ,1,4,1,1,3,1,2,Shaab,2,2,4,6,4
5900,11,1,1,1,0,0,10,1,2,48,6,2, ,700,1,3, ,1,7,1,4,4,1,1,October,2,2,3,3,3
5902,10,0,0,1,0,1,7,3,1,60,7,7, ,1000,1,2, ,3,5,1,4,3,1,5,Qudhac dheer,2,2,3,3,3
5903,5,0,1,2,0,2,1,4,2,65,6,6, ,400,1,1, ,1,5,1,3,4,1,1,xalane,2,2,2,2,4
5904,7,0,0,5,2,0,4,3,1,55,7,2, ,1000,1,1, ,1,9,1,4,5,1,2,Shaab area,2,2,3,4,3
5906,11,1,1,1,0,0,9,2,1,48,6,1, ,450,1,3, ,1,7,1,4,3,1,6, ,2,2,3,3,3
5907,4,2,2,2,0,0,2,2,1,29,6,1, ,450,1,2, ,1,4,1,4,4,1,6,Nasiye,2,2,5,5,2
5909,6,0,0,0,1,1,2,3,2,60,6,6, ,1000,1,1, ,1,4,1,5,5,1,7,jigjigyar,2,2,3,3,1
5910,9,0,0,1,0,1,4,5,1,65,6,6, ,500,1,1, ,1,4,1,3,2,1,1,October,2,2,5,5,2
5911,11,0,11,7,2,0,5,6,1,57,6,4, ,400,1,2, ,1,5,1,4,4,1,2,Hargiesa,2,2,4,4,3
5912,7,0,0,0,0,1,4,3,1,62,1,1, ,800,1,1, ,1,5,1,3,5,1,1,October,2,2,5,4,3
5913,8,1,3,2,1,0,3,3,2,42,6,2, ,1000,1,1, ,1,8,0,5,1,1,4,Hargysa,2,2,3,1,5
5914,3,1,0,0,2,0,1,2,1,35,5,1, ,250,1,2, ,1,3,1,3,3,1,9,wadul kheyr,2,2,2,1,3
5915,12,0,0,0,0,0,6,6,1,58,6,1, ,1500,1,1, ,1,5,1,4,4,1,1,october,2,2,4,5,4
5917,7,2,1,2,7,0,3,4,1,38,3,4, ,300,1,2, ,1,3,1,2,2,1,7,xero-awr,2,2,3,4,3
5918,15,0,0,13,4,1,8,7,1,52,6,1, ,2500,1,3, ,1,7,1,4,5,1,1,libaaxyada,2,2,3,5,3
5920,10,2,0,0,6,1,4,6,2,63,4,2, ,900,1,1, ,1,4,1,4,4,1,6,hargeisa,2,2,4,3,4
5921,12,1,5,4,2,0,8,4,1,46,3,4, ,700,1,1, ,1,4,1,3,4,1,1,Half london,2,2,4,4,1
5922,9,0,3,4,2,0,6,3,1,53,4,1, ,700,1,2, ,1,7,1,4,3,1,2,xero-awr,2,2,4,4,2
5923,9,0,0,2,5,2,3,5,1,56,4,6, ,450,1,1, ,1,1,1,3,4,1,5,Qudhac dheer,2,2,3,3,2
5924,8,0,5,1,2,0,4,4,1,50,5,2, ,300,1,1, ,1,4,1,3,4,1,3,isha boorama,2,2,3,3,2
5925,10,1,1,0,0,0,4,6,1,55,7,2, ,1500,1,1, ,1,6,1,4,4,1,5,Hargeisa,2,2,4,5,3
5926,10,1,0,4,1,1,5,5,1,65,3,2, ,500,3,1, ,1,6,1,5,5,1,7,Arabsiyo,2,2,5,1,2
5927,5,0,5,5,1,0,3,2,1,37,6,1, ,350,1,1, ,1,5,1,4,4,1,6,M.ugaaso,2,2,4,4,4
5928,11,1,0,1,1,0,5,6,1,58,6,2, ,0,1,1, ,1,5,1,5,5,1,5, ,2,2,2,4,3
5929,9,1,3,4,1,1,5,4,1,53,4,4, ,500,1,1, ,1,5,1,4,4,1,3,biibsiga,2,2,5,3,3
5930,6,1,1,2,2,0,3,3,2,38,6,2, ,600,1,1, ,1,6,1,3,5,1,1,xalane,2,2,3,2,3
5932,8,0,1,2,3,1,3,5,2,57,8,2, ,400,2,3, ,1,5,1,4,2,1,4,mohamed mooge,2,2, , , 
5933,9,0,3,4,2,0,6,3,1,55,4,7,Government employee,300,1,1, ,1,4,1,4,3,1,5,Qudhac dheer,2,2,2,3,2
5934,11,0,2,2,6,1,6,5,1,35,4,1, ,1000,1,1, ,1,8,1,4,3,1,7,Jigjigayar,2,2,3,3,5
5935,5,0,5,2,0,0,3,2,1,28,7,7,Gas station,2000,2,1, ,1,4,1,5,5,1,7,Gabiley,2,2,4,3,2
5936,10,0,0,0,0,0,7,3,1,55,5,2, ,800,1,1, ,1,4,1,4,4,1,7,bada cas,2,2,2,4,2
5937,10,0,0,0,0,1,5,5,1,60,6,1, ,800,1,2, ,1,5,1,4,4,1,1,X.calaamada,2,2,3,3,4
5938,4,2,0,2,0,0,2,2,1,25,6,2, ,900,1,1, ,1,5,1,4,3,1,2,Biirta,2,2,4,4,4
5939,10,2,8,4,2,0,2,8,1,59,8,1, ,1500,1,2, ,3,8,1,3,4,1,2,150ka,2,2,3,3,3
5940,7,0,5,3,1,0,3,2,1,38,5,2, ,500,1,1, ,3,5,1,4,4,1,7,gantaalaha,2,2,4,2,2
5941,6,0,0,1,0,0,5,1,1,56,4,1, ,350,1,2, ,1,3,1,3,3,1,6,new Hargeisa,2,2,3,4,2
5942,6,0,0,1,0,0,3,3,1,56,4,2, ,2000,1,1, ,1,6,1,3,4,1,3,Faluuja,2,2,3,3,3
5943,8,0,0,1,0,1,4,4,1,60,2,1, ,300,1,3, ,2,5,1,4,3,1,2,26 june,2,2,3,3,2
5944,5,2,1,1,1,0,2,3,1,36,2,1, ,400,1,2, ,1,5,1,3,3,1,7,xero-awr,2,2,3,3,3
5946,12,2,3,2,3,2,5,7,2,45,6,1, ,500,1,2, ,1,8,1,3,1,1,1,isha boorama,2,2,4,1,4
5948,5,0,0,2,2,1,2,3,1,53,7,1, ,450,1,1, ,2,2,1,3,4,1,2,Isha boorame,2,2,4,1,5
5949,6,2,1,0,1,0,3,3,2,21,6,1, ,500,1,1, ,1,5,1,4,4,1,7,Arabsiyo,2,2,3,4,3
5950,7,2,1,0,1,0,3,4,2,29,1,2, ,500,1,2, ,3,5,1,4,3,1,2,Arabsio,2,2,1,1,1
5951,9,1,0,1,0,0,3,6,1,47,4,1, ,600,1,2, ,1,4,1,3,3,1,2, ,2,2,4,3,2
5953,8,0,0,5,0,3,2,6,2,63,6,6, ,900,1,1, ,1,5,1,5,5,1,1,October,2,2,5,3,1
5954,4,0,0,1,0,0,2,2,1,30,6,1, ,800,1,2, ,1,4,1,5,3,1,6,Cabaaye,2,2,3,6,4
5958,6,2,0,1,0,1,3,3,1,60,2,1, ,200,1,1, ,1,2,0,4,4,1,2,Isha borama,2,2,1,2,2
5959,10,0,0,2,6,2,7,3,1,65,7,2, ,1000,1,1, ,2,5,1,4,3,1,6,Sh.Madar,2,2, , , 
5960,8,0,0,6,1,1,4,4,1,63,7,2, ,1200,1,3, ,1,11,1,5,4,1,2, ,2,2,4,5,1
5961,8,0,0,0,1,1,5,3,1,75,6,2, ,1700,1,1, ,1,6,1,4,4,1,7,Jigjigayar,2,2,4,5,3
5963,6,0,2,3,2,1,3,3,1,60,5,2, ,500,1,1, ,1,5,2,5,3,1,2,150,2,2,2,4,5
5964,15,3,2,5,3,2,6,9,1,60,5,2, ,400,2,3, ,1,5,2,3,3,1,7, ,2,2,4,2,3
5965,10,0,2,6,2,2,4,6,1,65,3,2, ,400,1,1, ,1,5,1,3,3,1,1,siinay,2,2,3,2,4
5967,6,0,0,0,0,2,2,4,1,75,2,6, ,800,1,2, ,1,6,1,4,4,1,7,Jigjigayar,2,2,4,5,3
5968,6,1,0,4,1,0,2,4,1,41,4,6, ,100,3,1, ,1,4,1,3,4,1,2,xero awr,2,2,5,2,1
5969,15,5,4,3,2,1,5,10,1,48,4,3, ,540,1,2, ,1,6,1,1,4,1,1,october,2,2,3,1,5
5970,8,0,0,1,0,2,5,3,1,65,7,1, ,500,1,1, ,1,7,1,3,5,1,9,kaah,2,2,4,3,4
5971,10,0,0,0,0,1,5,5,1,66,8,2, ,1500,1,1, ,1,5,1,4,4,1,6, ,2,2,5,3,1
5972,11,0,11,6,7,0,3,8,2,25,6,2, ,1000,3,2, ,1,6,1,2,3,1,2,xeroawr,2,2,2,3,4
5974,4,1,1,1,1,0,2,2,1,38,4,2, ,250,1,2, ,1,5,1,3,4,1,7,Jigjigayar,2,2,4,5,3
5975,12,3,1,1,0,1,6,6,1,60,4,1, ,200,1,3, ,1,4,1,4,5,1,1,Aktoobar,2,2,3,3,4
5976,10,0,2,5,2,1,6,4,1,61,2,1, ,750,1,1, ,3,7,1,4,3,1,7,j.yar,2,2,3,3,3
5977,6,0,6,6,2,0,3,3,1,48,4,1, ,600,3,2, ,1,4,1,5,5,1,7,jigjigayer,2,2,4,2,1
5978,7,0,7,4,1,0,3,4,1,40,1,1, ,400,1,1, ,1,4,1,3,4,1,6,Sheikh nuur,2,2,4,4,2
5979,13,0,0,10,4,1,8,5,1,56,8,2, ,600,1,1, ,1,8,1,5,4,1,1,Sinay,2,2,2,4,6
5980,8,0,0,1,2,0,3,5,1,50,6,1, ,1000,1,1, ,1,4,1,4,4,1,2,Idaacada,2,2,3,4,3
5981,4,0,0,0,1,1,2,2,1,65,4,6, ,800,1,1, ,1,4,1,4,5,1,7, ,2,2,4,4,1
5983,16,2,14,13,3,1,9,7,2,53,2,6, ,5000,3,1, ,1,13,1,5,4,1,7,jigjigayer,2,2,4,5,3
5984,9,2,0,2,2,0,4,5,1,45,3,2, ,500,1,1, ,1,5,1,5,5,1,1,Iftin area,2,2,4,5,5
5985,7,0,1,2,1,1,4,3,1,60,2,2, ,450,1,1, ,1,6,1,3,4,1,2,xero awr,2,2, , , 
5986,5,1,1,1,1,1,3,2,1,40,6,2, ,500,1,3, ,1,5,1,4,3,1,6,Hargaysa,2,2,1,1,1
5987,11,3,2,2,2,0,5,6,1,53,3,1, ,350,1,1, ,3,7,1,5,5,1,2,goljanno,2,2,4,5,2
5989,7,0,0,2,2,3,3,4,1,69,5,2, ,2000,1,1, ,1,5,1,4,4,1,7, ,2,2,3,3,3
5990,6,0,2,4,2,1,4,2,1,61,2,6, ,200,3,3, ,1,1,1,3,6,1,7,jigjigayar,2,2,3,3,6
5991,10,0,0,1,0,0,5,5,2,41,4,2, ,1000,1,1, ,1,9,1,4,4,1,4,m.mooge,2,2,5,4,3
5992,6,1,1,0,0,0,3,3,1,40,1,1, ,300,1,3, ,1,2,0,4,3,1,5,Laanta hawada,2,2,4,6,2
5993,11,0,11,9,3,1,8,3,1,58,3,1, ,700,1,1, ,1,5,1,2,4,1,8,Badda cas,2,2,4,4,4
5994,12,2,0,2,3,1,5,7,1,45,5,1, ,2000,1,1, ,1,8,1,3,3,1,9,buurta,2,2,1,1,4
5995,10,3,1,1,0,1,4,6,1,52,7,2, ,850,1,1, ,1,7,2,5,5,1,7,Xero awr,2,2,3,3,3
5996,8,1,0,1,0,0,3,5,1,45,6,1, ,600,1,3, ,1,5,1,4,3,1,1,X Aktober,2,2,3,3,3
5998,9,0,0,0,0,1,5,4,1,70,5,1, ,500,1,1, ,1,8,1,3,3,1,7,koodbuur,2,2,3,1,2
5999,6,1,1,1,2,1,3,3,1,40,8,2, ,1200,1,2, ,1,5,1,4,3,1,9,shiraaqle,2,2,1,3,4
6001,8,1,1,0,0,1,6,2,2,52,1,2, ,500,1,1, ,1,3,1,3,2,1,6, ,2,2,3,2,1
6002,8,2,0,2,2,1,3,5,1,99,7,1, ,2500,1,2, ,1,5,1,3,3,3,6,kiladhka,2,2,2,3,3
6003,7,2,0,3,2,0,6,2,1,40,7,1, ,400,1,2, ,1,4,1,3,3,1,1,badhka,2,2,3,2,3
6004,8,0,0,0,2,1,4,4,1,54,7,1, ,1000,1,1, ,1,5,1,4,4,1,6, ,2,2,2,3,2
6005,9,0,0,1,0,0,7,2,1,48,3,1, ,400,1,3, ,1,4,1,4,4,1,1,X. Aktober,2,2,3,2,3
6006,3,1,0,0,2,0,1,2,1,34,7,2, ,500,1,2, ,1,5,1,3,3,1,6,buurta,2,2,4,2,4
6007,7,1,1,0,0,0,6,1,1,45,1,1, ,300,1,3, ,1,3,1,4,4,1,5,xaafadaha jameecada,2,2,3,2,3
6009,6,3,3,2,0,0,3,3,1,30,7,1, ,500,1,2, ,1,5,1,3,4,1,6, ,2,2,2,2,2
6010,9,0,0,1,1,1,5,4,1,61,6,6, ,500,1,2, ,1,4,5,3,3,1,7,Xeroawr,2,2,5,3,2
6011,1,0,0,0,1,0,1,0,1,50,7,2, ,500,1,1, ,1,6,1,3,4,1,2,daruuraha,2,2,3,3,3
6012,6,0,0,1,0,1,2,4,2,49,1,7,police officer,300,1,1, ,1,4,1,3,5,1,7,jigjiga yar,2,2,3,3,1
6014,7,1,0,0,1,1,4,3,1,64,6,1, ,400,1,3, ,1,6,1,4,5,1,6,sh.nuur,2,2,3,5,2
6015,6,0,0,1,2,0,3,3,1,45,5,1, ,400,1,2, ,1,4,1,3,3,1,3,Qandahaar,2,2, , , 
6016,3,1,0,0,2,0,1,2,1,40,1,1, ,150,1,2, ,1,2,1,3,3,1,3,isha boorama,2,2,2,3,4
6017,10,0,0,1,0,0,7,3,1,56,6,1, ,5000,1,1, ,1,4,1,4,4,1,2,xero awr,2,2,2,4,2
6018,8,1,0,1,2,1,4,4,1,65,4,2, ,800,1,1, ,1,6,1,5,4,1,3,Qandahaar,2,2, , , 
6019,7,2,0,2,1,0,3,4,1,35,7,1, ,700,1,1, ,1,5,1,4,4,1,7,Jigjigayar,2,2,3,3,2
6021,12,2,1,2,2,2,4,8,1,65,6,2, ,1500,1,1, ,1,8,1,5,5,1,3,Qandahaar,2,2, , , 
6022,7,0,0,1,3,2,4,3,1,62,8,6, ,300,1,3, ,1,4,1,2,2,1,3,Qandahaar,2,2, , , 
6023,4,2,1,0,1,0,2,2,1,36,6,1, ,600,1,2, ,1,3,1,4,5,1,3,Qandahaar,2,2, , , 
6024,5,0,0,0,1,1,1,4,2,40,1,1, ,300,1,2, ,1,3,1,3,3,1,3,Qandahaar,2,2, , , 
6025,9,0,0,1,0,0,5,4,1,47,4,4, ,600,1,1, ,1,5,1,4,5,1,7,Sheedaha,2,2,5,3,2
6026,5,0,0,0,1,0,3,2,1,42,7,1, ,400,1,2, ,1,3,1,3,4,1,7,Gaandi,2,2,3,3,3
6030,12,1,2,0,0,1,7,5,2,37,6,2, ,400,1,2, ,2,7,1,2,5,1,7,Jigjiga-yar,2,2,4,5,1
6032,8,1,1,4,2,0,3,5,1,34,4,2, ,250,1,1, ,1,4,1,5,5,1,2,150St,2,2,3,3,5
6033,6,0,0,3,2,0,4,2,1,39,7,1, ,250,1,1, ,3,7,2,4,4,1,3,Isha boorame,2,2,4,2,4
6034,5,0,0,3,2,0,3,2,1,40,7,1, ,700,1,1, ,1,7,3,4,4,1,3,Isha boorame,2,2,3,1,5
6035,8,0,3,3,1,0,3,5,1,53,7,1, ,800,1,1, ,1,5,1,4,4,1,1,Isha boorame,2,2,1,2,4
6037,7,0,0,1,0,0,4,3,1,59,6,1, ,1000,1,2, ,1,4,1,5,5,1,2,xawaadle,2,2, , , 
6038,7,0,1,1,1,1,4,3,1,43,2,4, ,200,1,1, ,1,4,1,4,4,1,1,Half london,2,2,4,4,6
6039,9,0,0,0,2,1,6,3,1,40,6,1, ,500,1,1, ,1,5,1,3,5,1,7,jigjiga yar,2,2, , , 
6040,13,0,0,1,1,1,8,5,1,64,7,2, ,500,1,1, ,1,5,1,4,5,1,7,gantalaha,2,2, , , 
6041,9,2,2,2,3,1,5,4,1,65,5,5, ,1000,1,3, ,1,4,2,5,4,1,2,Almis,2,2,2,1,3
6042,6,0,0,1,1,1,2,4,1,50,4,1, ,1500,1,1, ,1,7,1,5,4,1,8,badda cas.,2,2, , , 
6043,5,0,0,3,2,0,3,2,1,40,1,2, ,300,1,1, ,1,5,1,5,5,1,2,150St,2,2,3,3,2
6044,8,2,0,0,0,0,5,3,1,38,6,2, ,600,1,2, ,1,4,1,3,3,1,7, ,2,2,3,3,2
6046,8,1,1,0,0,1,5,3,1,45,5,4, ,350,1,1, ,1,4,1,3,3,1,7,ganad,2,2, , , 
6047,7,0,0,1,1,2,3,4,1,66,1,2, ,800,1,1, ,2,4,1,4,3,1,2,150,2,2,3,4,6
6049,9,1,3,3,2,0,4,5,1,41,5,4, ,450,1,2, ,1,5,1,3,4,1,7,xero-awr,2,2,2,4,1
6052,7,0,0,2,4,0,3,3,1,55,6,1, ,900,1,2, ,3,4,1,3,3,1,2,150,2,2, , , 
6053,5,0,1,1,0,0,3,2,1,31,6,1, ,600,1,1, ,1,6,1,5,4,1,7,gantaalaha,2,2, , , 
6056,7,1,0,1,0,1,2,5,2,67,3,2, ,500,1,1, ,1,8,2,4,5,1,3,i live in a city,2,2, , , 
6057,3,0,0,3,0,0,2,1,1,34,2,4, ,100,1,1, ,1,1,1,2,2,1,1,Half london,2,2,4,4,1
6059,7,1,0,1,0,1,2,5,1,68,5,2, ,800,1,1, ,1,8,2,4,5,1,1,October,2,2,3,4,3
6061,5,1,0,1,1,0,3,2,1,35,6,1, ,100,1,2, ,3,3,2,3,3,1,3,isha boorama,2,2, , , 
6062,8,1,0,1,2,0,5,3,1,35,7,1, ,900,1,1, ,1,8,1,3,4,1,7,Jigjigayar,2,2,3,3,2
6063,8,0,0,3,3,2,3,5,1,66,7,2, ,700,1,1, ,2,6,1,4,3,1,6,Daami,2,2, , , 
6064,11,0,0,2,0,0,6,5,1,57,5,1, ,700,1,1, ,1,5,1,5,5,1,6,Geerash aw aadan,2,2,3,3,2
6066,9,0,0,2,0,1,5,4,1,57,1,6, ,200,1,2, ,1,5,1,2,3,1,2,150,2,2, , , 
6067,10,2,3,1,0,0,6,4,1,62,5,2, ,1000,1,1, ,1,6,1,5,5,1,6,150,2,2,3,3,6
6069,10,2,1,1,1,0,4,6,1,50,6,1, ,700,1,1, ,1,5,1,4,4,1,7,shabac area,2,2,3,3,2
6070,9,2,3,2,1,1,2,7,2,45,3,2, ,300,1,1, ,1,4,1,3,3,1,1,Masalaha galbeed,2,2,4,3,2
6071,12,0,0,2,5,4,7,5,2,95,6,1, ,1100,1,1, ,1,5,1,4,4,1,6,hargeisa,2,2,4,4,6
6072,7,1,3,2,1,0,3,4,1,37,6,1, ,600,1,2, ,1,5,1,3,3,1,7,xero-awr,2,2,4,4,4
6073,2,0,0,0,0,0,0,2,2,25,7,2, ,250,1,1, ,1,4,1,3,4,1,7,Sheedaha,2,2,5,2,1
6074,5,1,1,1,2,0,2,3,1,45,5,1, ,250,1,3, ,1,3,1,4,4,1,1,masalaha,2,2,3,2,5
6075,10,0,10,6,2,2,4,6,2,70,1,7,landlord,500,1,1, ,1,5,1,4,4,1,8,Badda ca,2,2,4,4,2
6076,5,0,1,2,2,0,2,3,2,34,6,1, ,400,1,1, ,1,4,0,4,4,1,5,Xidigta,2,2,3,3,3
6077,5,1,0,0,1,0,1,4,1,40,7,1, ,500,1,2, ,1,5,5,5,4,1,7,Obsiiye village,2,2, , , 
6078,2,0,0,2,0,0,1,1,1,27,6,1, ,600,1,3, ,1,5,1,4,4,1,2, ,2,2,1,3,3
6079,11,0,4,5,1,1,3,8,2,55,2,2, ,300,1,1, ,1,4,1,3,3,1,1,half london,2,2,3,3,2
6080,5,0,0,3,2,1,2,3,1,65,4,6, ,400,1,1, ,1,3,1,2,2,1,9,Macalin harun Cable-ka,2,2,4,2,2
6081,8,2,1,0,1,0,5,3,1,40,3,1, ,200,1,2, ,3,4,0,4,3,1,2,shacabka,2,2, , , 
6082,11,0,0,2,0,0,5,6,1,57,4,1, ,700,1,1, ,1,5,1,5,5,1,1,Geerash aw aadan,2,2,3,3,3
6083,5,1,0,0,0,1,2,3,1,32,5,4, ,500,1,1, ,1,4,1,3,4,1,7,Jigjigayar,2,2,3,3,3
6084,4,2,1,0,2,0,1,3,1,35,3,2, ,0,1,2, ,1,4,1,4,2,1,5,calaamada,2,2,4,3,6
6085,7,0,0,0,0,0,3,4,1,52,1,1, ,400,1,2, ,1,4,1,4,3,1,2,jigjiga yar,2,2, , , 
6086,13,1,3,4,3,2,6,7,1,63,2,1, ,481,1,1, ,1,4,1,3,4,1,1,isha_boorama,2,2,2,3,4
6087,10,0,0,2,0,0,6,3,1,55,6,2, ,700,1,1, ,1,5,0,5,5,1,7,x-control,2,2,5,5,2
6088,9,1,8,4,1,0,3,5,1,40,2,1, ,300,1,2, ,2,3,1,2,4,1,8,Statehouse,2,2,4,5,2
6089,5,2,1,0,1,0,3,2,1,20,6,1, ,300,1,2, ,1,4,3,4,3,1,2,shacabaka,2,2,1,3,3
6090,8,0,4,3,0,1,5,3,1,23,3,2, ,500,1,2, ,1,4,1,4,4,1,8,Ex control,2,2,4,3,2
6091,11,1,0,1,1,0,5,6,2,28,6,1, ,500,1,1, ,1,5,1,3,3,1,6,New hargeisa,2,2,4,3,3
6092,10,2,4,2,1,1,7,5,1,65,2,6, ,400,1,2, ,1,5,1,3,4,1,1,half london,2,2,3,3,3
6093,9,1,3,2,3,0,6,3,1,47,4,2, ,800,1,1, ,1,3,2,4,3,1,1,siinay,2,2,3,3,3
6094,15,2,1,0,1,1,6,9,1,62,8,2, ,1500,1,2, ,1,8,1,5,5,1,7,Xero awer,2,2,4,4,5
6095,6,2,2,2,0,0,2,4,1,27,4,1, ,300,1,2, ,1,4,1,3,3,1,7,150,2,2,3,3,1
6096,1,0,8,8,0,0,1,0,1,36,4,1, ,0,1,2, ,1,1,1,3,2,1,5,calaamada,2,2,4,2,6
6097,12,0,0,1,3,2,6,6,2,65,4,6, ,1200,1,1, ,1,5,1,3,5,1,6,Geerash aw aadan,2,2,3,3,3
6098,4,1,0,0,0,0,1,3,1,29,6,1, ,400,1,2, ,2,4,1,4,4,1,1,October,2,2,5,4,2
6099,10,0,2,3,3,2,4,6,1,63,6,2, ,1200,1,1, ,2,6,1,5,5,1,6,Sh.Madar,2,2, , , 
6100,9,2,1,0,2,0,5,4,1,42,6,4, ,750,1,2, ,1,5,1,3,4,1,8,Jigjigayar,2,2,3,3,3
6101,9,0,0,6,1,2,4,5,1,60,4,1, ,600,1,2, ,1,7,1,5,5,1,2,150St,2,2,3,4,5
6104,10,0,0,2,2,1,6,4,1,60,4,2, ,600,1,1, ,1,6,1,4,3,1,8,sacaadadiin,2,2, , , 
6105,9,0,8,4,2,1,4,4,1,65,2,1, ,400,1,2, ,2,3,1,3,3,1,4,jungal area,2,2,5,4,2
6106,9,2,1,6,1,0,4,5,1,36,6,1, ,900,1,1, ,1,6,1,4,4,1,9,Hodan hills,2,2,3,4,2
6108,9,0,9,6,2,1,4,5,1,68,6,1, ,1000,1,1, ,1,7,1,4,4,1,7,jigjiga yar,2,2,4,5,2
6109,5,0,0,0,0,0,2,3,1,50,6,1, ,600,1,1, ,1,3,1,3,4,1,6,Imaardka,2,2,4,3,2
6111,7,0,0,1,1,0,4,4,2,44,6,1, ,1200,1,1, ,1,5,1,5,5,1,6,Geerash aw aadan,2,2,3,3,3
6113,8,2,3,1,2,0,3,5,2,45,6,4, ,200,1,1, ,2,5,1,2,2,1,1,half London,2,2,3,2,4
6114,7,1,6,4,2,0,2,5,2,53,1,2, ,250,1,1, ,1,3,0,3,4,1,8,redsea,2,2,2,3,2
6115,3,0,3,3,2,0,1,2,1,45,4,1, ,300,1,1, ,1,4,1,4,4,1,6,Sheekh madar,2,2,5,5,4
6116,11,4,7,6,0,0,7,4,1,26,6,6, ,400,2,1, ,1,1,5,3,4,1,8,Hargeisa,2,2,1,4,2
6117,6,0,0,1,0,0,2,4,2,48,4,4, ,500,1,3, ,1,3,1,3,4,1,6, ,2,2,4,4,1
6118,7,2,2,2,2,0,4,3,2,42,2,6, ,1000,1,2, ,1,5,1,4,3,1,1,half london,2,2,3,3,2
6119,9,0,0,0,1,0,7,2,1,65,4,1, ,1500,1,2, ,1,5,1,5,5,1,2,star box,2,2,3,3,3
6120,5,1,2,0,2,0,2,3,1,40,6,1, ,500,1,2, ,3,3,1,4,3,1,6,Sh.Madar,2,2, , , 
6121,12,3,1,1,2,1,6,6,1,61,2,2, ,600,1,1, ,1,6,2,5,5,1,1,Iftin area,2,2,3,4,5
6122,10,0,0,1,0,1,5,5,1,58,2,1, ,500,1,1, ,1,5,1,3,3,1,2,Cawodhalad,2,2,5,4,2
6124,7,0,0,1,1,0,4,3,2,44,6,1, ,1200,1,1, ,1,5,1,3,3,1,6, ,2,2, , , 
6125,7,0,0,1,1,0,4,3,2,44,6,1, ,1200,1,1, ,1,5,1,5,5,1,6,geerash aw aadan,2,2,3,3,3
6126,12,4,2,8,3,0,4,5,1,55,6,1, ,600,1,1, ,1,7,0,5,4,1,7,x-control,2,2,5,4,2
6127,10,2,3,3,2,0,4,6,1,35,4,1, ,400,1,2, ,1,3,1,4,5,1,2,150St,2,2,3,3,1
6128,7,0,0,1,0,0,3,4,1,53,4,2, ,3000,1,1, ,1,7,1,4,4,1,3,Faluuja,2,2,3,3,3
6129,10,2,4,2,2,0,6,4,1,44,2,6, ,150,1,1, ,1,4,1,4,4,1,1,half london,2,2,4,3,1
6130,5,0,0,1,0,0,2,3,2,50,2,1, ,300,1,1, ,1,5,1,4,3,1,7,maroodi-jeex,2,2,4,4,1
6131,5,0,0,0,1,0,2,3,2,35,3,2, ,500,1,2, ,1,4,1,3,3,1,9,New Hargeisa,2,2,5,3,2
6133,7,6,1,0,0,0,2,5,2,45,6,2, ,600,1,1, ,1,5,1,5,4,1,2,Geedgoble,2,2,1,3,3
6134,12,2,1,0,1,0,7,5,1,38,5,2, ,1000,1,2, ,1,4,1,4,4,1,2, ,2,2,4,3,1
6135,4,0,0,3,1,0,2,2,1,30,6,1, ,450,1,1, ,1,3,1,2,4,1,1,October,2,2,4,4,4
6136,4,1,0,0,0,1,1,3,1,30,6,1, ,400,1,3, ,1,5,1,3,4,1,6,sh.nuur,2,2,4,4,2
6139,11,3,1,0,0,0,5,6,2,44,6,1, ,450,1,2, ,1,5,1,5,5,1,1,MASALAHA,2,2,4,3,2
6140,10,0,0,1,0,0,5,5,1,56,2,2, ,800,1,1, ,1,6,1,4,4,1,7,Gantaalaha,2,2,5,5,2
6141,7,0,0,1,1,0,4,3,2,44,6,1, ,1200,1,1, ,1,5,1,3,3,1,6,Geerash aw aadan,2,2,3,3,3
6142,4,1,0,0,1,1,1,3,1,35,5,2, ,1200,1,1, ,1,3,1,4,4,1,7,Jigjigayar,2,2,3,3,1
6143,3,1,0,0,2,0,1,2,1,33,6,1, ,350,1,2, ,3,3,1,4,4,1,2,150,2,2, , , 
6145,11,1,2,2,0,0,6,5,1,49,1,2, ,900,1,1, ,1,7,1,5,5,1,7,obsiiye,2,2, , , 
6146,8,0,0,1,0,1,4,4,1,63,2,1, ,700,1,1, ,1,5,1,3,3,1,7,Jigjiga yar,2,2,5,3,2
6147,13,2,1,1,0,1,5,8,1,57,6,1, ,500,1,3, ,1,6,1,3,3,1,7,Xero awr,2,2,4,3,3
6148,8,2,2,2,2,0,4,4,1,45,7,1, ,350,1,3, ,2,4,1,4,4,1,1,cakaar,2,2,3,2,3
6149,10,1,2,6,1,1,5,5,1,60,5,2, ,400,3,1, ,1,6,1,4,4,1,2,xero awr,2,2,5,2,1
6150,3,1,0,0,2,0,1,2,1,35,6,1, ,350,1,2, ,2,3,1,4,4,1,2,150,2,2, , , 
6152,8,2,1,0,0,0,3,5,1,55,6,1, ,510,1,3, ,1,5,1,3,4,1,7,Xero awr,2,2,3,5,2
6153,9,0,0,0,1,0,7,2,1,65,5,1, ,1200,1,2, ,1,5,1,3,3,1,6,star box,2,2,3,3,3
6156,5,0,0,0,1,1,3,2,1,76,2,1, ,700,1,1, ,1,5,1,4,3,1,6,Maroons-jeex,2,2,3,2,2
6157,11,3,2,3,2,1,5,6,1,54,6,1, ,300,1,3, ,1,4,1,3,4,1,1,badhka,2,2,4,3,5
6159,20,5,5,5,3,2,8,12,1,60,4,4, ,600,1,2, ,3,6,5,3,2,1,3, ,2,2,3,2,3
6161,9,0,0,0,1,0,7,2,1,65,4,1, ,1200,1,2, ,1,5,1,3,3,1,6,star box,2,2,3,3,3
6162,9,0,0,2,1,0,6,3,1,48,6,3, ,2000,2,1, ,1,6,1,5,2,1,7,Jigjigayar,2,2, , , 
6163,16,4,4,3,3,2,8,7,1,50,6,4, ,1000,3,1, ,2,6,2,4,4,1,5, ,2,2,3,1,3
6164,10,2,1,4,2,1,6,4,1,35,4,2, ,500,1,1, ,1,4,1,4,4,1,1,Half london,2,2,4,4,3
6165,4,0,0,2,2,0,1,3,1,32,7,1, ,800,1,2, ,1,4,1,4,4,1,8,Ex control,2,2,4,4,3
6166,9,0,1,4,2,2,6,3,1,60,7,2, ,1500,1,1, ,3,7,1,4,4,1,2,150,2,2, , , 
6168,6,0,0,0,0,2,3,3,1,61,2,1, ,300,1,1, ,1,3,1,3,4,1,1, ,2,2,3,4,1
6169,7,1,5,0,2,0,4,3,1,48,5,1, ,1000,1,2, ,1,5,1,4,4,1,9,Macalin Harun buurta,2,2,2,2,2
6170,9,2,0,1,0,1,4,5,1,49,6,1, ,48,1,3, ,1,6,1,3,4,1,7,Xero awr,2,2,3,3,2
6171,7,0,0,3,2,1,3,4,1,60,6,2, ,700,1,1, ,1,6,1,5,4,1,3,Isha boorama,2,2,5,3,2
6172,7,1,0,0,0,0,3,4,2,52,6,1, ,400,1,2, ,1,6,1,5,5,1,9,kaah,2,2,5,3,1
6173,4,0,0,3,1,8,0,4,2,31,6,1, ,408,1,3, ,1,5,3,3,3,1,5,Jeemcoweyn,2,2,5,3,3
6174,5,0,0,1,1,0,3,2,2,50,1,4, ,400,1,2, ,1,3,1,3,2,1,4, ,2,2,5,4,2
6175,7,0,0,1,1,0,4,3,2,44,6,1, ,1200,1,1, ,1,5,1,3,3,1,6,geerash aw aadan,2,2,3,3,3
6176,10,2,3,3,2,0,4,6,1,45,4,2, ,300,1,1, ,1,6,1,4,5,1,1,dumbulq,2,2,3,2,4
6177,7,0,0,1,0,1,4,3,1,65,1,1, ,200,1,2, ,1,5,1,5,5,1,5,masalaha,2,2,5,5,1
6178,4,0,0,2,1,1,2,2,2,60,4,7,Teacher,200,1,1, ,1,4,1,5,5,1,2,150St,2,2,4,2,5
6179,11,5,0,1,0,1,6,5,1,56,3,1, ,250,1,1, ,1,6,5,4,4,1,8,hargeisa,2,2,5,5,3
6180,10,1,0,1,0,1,3,7,1,50,8,7, ,800,1,1, ,1,6,1,3,4,1,7, ,2,2,5,4,4
6181,9,0,0,1,0,1,5,4,2,57,2,2, ,800,1,1, ,1,7,1,3,4,1,2,Cawodhalad,2,2,5,3,2
6182,7,0,0,0,0,1,4,3,1,61,2,1, ,500,1,1, ,1,5,1,3,2,1,7,Xero Awr,2,2,3,3,2
6183,6,1,0,1,3,0,3,3,1,55,7,1, ,800,1,1, ,2,4,1,3,4,1,6,sh. mubaarik,2,2, , , 
6184,11,0,0,0,0,1,6,5,1,89,6,1, ,500,1,1, ,1,5,1,5,5,1,8,badacas,2,2,5,3,1
6185,2,2,0,0,1,0,1,1,1,35,6,2, ,400,1,3, ,1,4,1,5,4,1,2,Geedgoble,2,2,1,4,2
6186,5,0,0,0,0,0,3,2,1,59,2,2, ,800,1,1, ,1,5,1,4,4,1,7,Xero Awr,2,2,5,3,3
6187,7,0,1,0,1,0,5,2,1,35,6,1, ,1200,1,1, ,1,4,1,3,3,1,6,magaalo ugaaso,2,2,3,3,3
6188,6,0,0,0,0,1,2,4,2,65,2,2, ,1000,1,1, ,1,7,1,4,3,1,6,Dalloodho,2,2,5,3,2
6189,6,0,0,0,0,0,2,4,1,54,7,1, ,450,1,2, ,1,5,1,5,5,1,1,masalaha,2,2,5,3,3
6190,8,0,0,0,0,0,3,5,1,53,4,1, ,500,1,2, ,1,5,1,3,3,1,2,Dalloodho,2,2,5,3,4
6191,14,4,4,3,2,1,6,8,1,60,4,4, ,400,2,1, ,2,4,2,1,5,1,3, ,2,2,3,3,4
6192,12,1,1,0,1,2,5,7,1,38,6,1, ,1500,1,2, ,1,6,1,3,5,1,5, ,2,2,5,4,3
6193,4,0,1,0,0,0,2,2,2,40,3,6, ,500,1,2, ,1,3,1,4,3,1,5,Hargeisa,2,2,3,1,2
6194,6,1,1,0,1,0,3,2,1,35,6,2, ,700,1,1, ,1,6,1,5,5,1,7,hargeisa,2,2,3,1,5
6200,4,0,0,2,1,1,1,3,2,59,3,6, ,300,1,1, ,1,3,1,4,4,1,1,Half london,2,2,4,3,3
6202,4,1,1,0,2,0,1,3,1,30,6,1, ,550,1,2, ,2,4,1,3,4,1,7,Gantaalaha,2,2, , , 
6204,12,3,3,3,3,0,5,7,1,45,4,1, ,300,1,1, ,1,5,1,1,3,1,1,dumbulq,2,2,4,1,4
6205,6,0,0,1,3,2,3,3,1,50,7,1, ,400,1,1, ,1,5,1,4,4,1,1,Axmed Dhagax,2,2,1,3,4
6206,10,0,1,8,1,0,6,4,2,55,3,1, ,708,1,3, ,1,5,1,5,5,1,1,inshaborama,2,2,3,5,2
6207,6,2,0,0,0,0,4,2,2,43,6,1, ,350,1,2, ,1,4,1,5,5,1,9,masjid nuur,2,2,5,3,2
6209,8,1,0,0,1,0,4,2,1,45,6,2, ,5000,1,1, ,1,5,1,3,3,1,6,geerash aw aadan,2,2,3,3,3
6210,12,1,4,5,2,0,8,4,1,46,4,4, ,700,1,1, ,1,4,1,4,4,1,1,Half london,2,2,3,4,2
6211,7,0,1,2,4,0,4,3,1,31,7,1, ,630,1,1, ,2,5,1,4,4,1,9,new Hargeysa,2,2, , , 
6212,13,3,3,4,3,0,5,8,1,55,4,2, ,500,1,1, ,1,6,1,5,5,1,1,laynka,2,2,4,2,1
6213,8,1,1,1,0,0,5,3,1,45,6,1, ,900,1,1, ,1,4,1,4,4,1,3,Qandahaar,2,2,5,4,2
6214,11,1,4,3,2,1,5,6,1,40,2,1, ,600,1,2, ,1,5,1,3,3,2,7,galjanno,2,2,3,4,3
6216,12,1,2,6,3,0,5,7,1,35,4,1, ,500,1,2, ,1,5,1,5,5,1,2,150St,2,2,3,3,5
6217,12,3,1,1,0,1,3,9,2,40,7,2, ,1500,1,1, ,1,5,1,5,5,1,7,jigjiga yar,2,2,5,3,2
6218,4,0,4,4,1,0,2,2,2,55,2,2, ,500,1,1, ,1,4,1,5,3,1,7,xeroawr,2,2,4,3,2
6219,6,2,0,1,1,2,3,3,1,50,4,1, ,400,1,1, ,1,5,1,4,4,1,3,Axmed Dhagax,2,2,2,4,3
6220,13,2,2,5,3,1,5,8,1,35,7,1, ,550,1,2, ,1,6,1,5,5,1,2,150St,2,2,3,3,5
6221,11,1,10,7,2,0,6,5,1,26,7,1, ,300,1,1, ,1,6,1,3,4,1,7,Hargeisa,2,2,3,3,3
6222,18,0,0,0,0,0,11,7,1,49,7,2, ,8000,1,1, ,1,7,1,5,4,1,7,bad cas,2,2,2,4,2
6223,13,0,0,8,2,0,6,7,1,54,4,7,Civil ingineer,1000,1,1, ,1,6,0,3,4,1,6, ,2,2,3,5,2
6224,6,0,0,2,2,1,2,4,2,85,6,2, ,1000,1,1, ,1,5,1,5,5,1,6,hargeisa,2,2,4,4,5
6226,1,1,3,5,1,245,10,4,2,20,7,6, ,1,1,1, ,1,5,10,5,6,1,1, ,2,2, , , 
6227,11,0,0,8,0,3,6,5,1,56,1,1, ,150,1,1, ,1,4,0,5,5,1,3,Ishaboram,2,2,3,3,3
6228,7,2,1,2,2,1,3,4,1,60,6,2, ,1000,1,1, ,1,5,1,4,3,1,5,Calaamada,2,2,3,3,2
6229,7,0,0,5,1,1,3,4,2,56,6,2, ,2000,1,2, ,1,11,1,5,5,1,8,redsea,2,2,4,3,3
6230,7,1,1,2,2,2,4,3,1,55,6,1, ,400,1,1, ,1,6,1,3,1,1,3,Axmed Dhagax,2,2,2,4,3
6231,8,0,0,8,1,0,2,6,2,40,8,2, ,2000,1,1, ,3,15,1,5,5,1,7,baddacas,2,2,4,3,3
6232,7,1,1,2,2,1,3,4,1,60,1,7,Driving,300,1,2, ,1,3,1,5,5,1,2,150St,2,2,4,4,5
6235,7,1,1,4,2,1,4,3,2,52,1,6, ,200,1,3, ,1,4,1,3,4,1,4,Jungal,2,2,5,4,4
6236,4,0,1,3,1,0,2,2,2,50,2,5, ,500,1,1, ,1,4,1,4,4,1,9,New hargeisa,2,2, , , 
6237,3,0,0,1,0,0,1,2,1,28,6,1, ,600,1,1, ,1,3,1,3,3,1,7,Qunyar dega,2,2,4,4,2
6239,9,1,0,1,0,0,5,4,1,56,6,2, ,1000,1,1, ,1,6,1,5,5,1,4,M mooge,2,2,3,3,6
6241,7,0,0,1,1,1,4,3,1,62,7,1, ,520,1,1, ,1,5,0,4,5,1,2,God jano,2,2,5,5,3
6242,12,1,0,2,0,2,5,7,1,54,4,2, ,550,1,1, ,1,7,1,5,4,1,7,gantaalaha,2,2,3,4,1
6245,15,0,15,2,1,0,8,5,1,50,6,7,Stay home,400,1,1, ,3,9,1,4,3,1,3,31 may,2,2,2,3,3
6247,10,0,10,2,3,2,7,3,1,60,1,7,non employment,500,1,1, ,1,5,1,4,4,1,3,31 may,2,2,3,3,3
6248,8,5,6,2,2,1,1,5,1,60,4,2, ,3000,1,1, ,2,5,5,3,1,1,6, ,2,2,4,1,5
6250,4,1,0,0,0,0,2,2,1,28,6,1, ,800,1,1, ,1,5,1,4,4,1,3,31 may,2,2,3,3,3
6251,6,0,0,5,0,1,3,3,2,65,1,2, ,150,1,3, ,1,3,1,3,3,1,2,150St,2,2,3,2,3
6253,6,5,4,6,2,2,3,2,1,45,4,2, ,300,1,1, ,1,5,3,4,5,1,1,Ahmed dhagax,2,2,3,3,2
6254,4,2,1,2,1,0,3,1,1,30,6,1, ,500,3,1, ,1,5,3,5,3,1,6,sh madar,2,2,3,6,6
6255,10,1,1,6,1,1,5,5,1,60,6,1, ,600,1,1, ,1,5,1,5,4,1,2,150ka,2,2,3,4,3
6256,13,3,1,2,1,2,4,8,1,40,6,2, ,3000,1,1, ,1,8,3,5,5,1,4,New Haragysa,2,2,4,3,2
6258,3,1,2,0,0,0,2,1,1,25,6,2, ,300,3,3, ,1,3,1,4,3,1,6,sheekh mubarik,2,2,3,3,6
6261,11,2,1,1,0,1,5,6,1,40,6,1, ,60,1,3, ,1,7,1,3,4,1,9,new hargaisa,2,2,2,3,2
6262,6,1,1,2,2,1,2,4,2,60,6,2, ,900,1,1, ,1,5,1,3,4,1,9,New Hargeisa,2,2,1,2,4
6265,15,5,3,2,2,0,10,5,2,55,6,2, ,400,1,1, ,1,9,1,4,3,1,3,31may,2,2,3,4,1
6266,7,0,0,3,1,1,1,6,1,25,7,1, ,500,1,1, ,1,5,1,4,5,1,3,31 may,2,2,3,6,2
6268,10,0,1,3,4,2,6,4,1,55,4,1, ,400,1,1, ,1,6,1,3,4,1,1,Axmed Dhagax,2,2,2,4,3
6269,10,0,0,2,3,2,7,3,1,65,8,1, ,300,1,1, ,1,5,1,4,3,1,3,31may,2,2,3,3,2
6270,5,0,0,0,0,0,2,3,1,38,6,1, ,1200,1,1, ,1,6,1,3,3,1,6,magaalo ugaaso,2,2,3,3,3
6271,7,0,0,2,1,2,2,5,2,32,4,1, ,300,1,1, ,1,4,1,4,4,1,2,Sheekh mubarik,2,2,1,3,3
6273,13,2,1,1,1,0,7,6,1,45,7,1, ,600,1,1, ,1,9,1,3,3,1,3,31 may,2,2,2,3,2
6274,15,2,0,1,1,1,7,8,2,50,7,2, ,900,2,3, ,1,8,2,4,3,1,5,hargeisa,2,2,4,5,4
6275,13,2,1,1,1,1,6,7,2,57,6,2, ,500,1,1, ,1,8,2,5,2,1,5,calamada,2,2,3,3,4
6276,15,2,1,1,1,1,6,9,1,40,7,2, ,500,1,1, ,1,8,2,4,1,1,5,calamada,2,2,3,1,4
6277,8,0,0,0,0,2,6,2,1,70,6,1, ,500,1,1, ,1,4,1,5,5,1,3,pepsi,2,2,5,3,2
6278,9,2,1,1,1,1,2,7,1,50,6,3, ,600,1,3, ,1,6,1,4,4,1,6,Hargaisa,2,2,3,3,3
6280,7,0,0,5,2,0,2,5,1,38,7,1, ,570,1,2, ,1,5,1,3,3,1,3,jigjiga yar,2,2,4,5,2
6281,9,0,0,1,1,0,3,6,1,63,5,1, ,2500,1,1, ,1,5,1,3,4,1,6,geerash aw aadan,2,2,3,3,3
6282,6,0,0,2,2,2,3,3,1,50,5,1, ,350,1,1, ,1,4,1,3,3,2,1,Axmed Dhagax,2,2,1,4,3
6283,7,0,0,1,2,0,4,3,1,51,1,1, ,300,1,1, ,1,5,1,3,3,1,2, ,2,2,3,2,3
6284,9,0,0,1,0,1,5,4,1,78,6,1, ,600,1,2, ,1,6,1,5,5,1,6,new hargeisa,2,2,5,3,3
6285,9,2,7,7,2,0,4,5,2,54,7,1, ,900,1,1, ,1,5,1,5,5,1,6,Hargeisa,2,2,1,4,2
6286,10,10,0,0,0,0,3,6,1,55,7,2, ,700,1,1, ,1,4,1,5,5,1,2,Geedgoble,2,2,3,4,4
6287,8,0,2,5,2,1,3,5,1,50,6,1, ,800,1,2, ,1,7,2,3,4,1,1,October,2,2,4,4,2
6289,5,1,1,2,0,0,3,2,1,30,6,1, ,200,1,2, ,1,2,1,3,3,1,3,ayaxa,2,2,4,3,4
6290,3,0,0,0,1,0,3,0,1,45,6,1, ,300,1,2, ,1,2,1,4,5,1,9,masjid nuur,2,2,4,3,3
6291,6,2,2,2,1,3,2,2,1,65,7,1, ,300,1,3, ,1,5,1,3,3,1,3,31 may,2,2,2,3,3
6292,9,2,1,0,1,0,5,4,1,38,7,2, ,650,1,1, ,1,6,1,4,4,1,3,31 may,2,2,3,4,3
6293,8,0,0,1,0,1,3,5,1,60,4,1, ,1000,1,1, ,1,5,1,3,3,1,6,geerash aw aadan,2,2,3,3,3
6294,7,0,0,2,3,2,4,3,1,50,7,1, ,350,1,1, ,1,4,1,3,3,1,1,Axmed Dhagax,2,2,3,4,2
6295,7,1,0,4,0,2,3,4,1,52,1,1, ,200,1,1, ,1,4,0,3,5,1,5,Xidigat,2,2,3,3,5
6296,8,0,1,4,2,1,5,3,1,68,8,2, ,700,1,1, ,1,5,1,3,3,1,9,Area carta,2,2,2,3,2
6297,11,0,0,1,0,1,4,7,1,40,6,4, ,1000,1,1, ,1,6,1,5,5,1,2,daruuraha,2,2,4,3,4
6298,9,1,1,1,1,1,6,3,1,59,5,4, ,600,1,2, ,1,5,1,4,4,1,8,guul Allah,2,2,3,3,4
6299,4,3,1,1,1,1,2,2,1,60,6,2, ,200,1,1, ,1,4,1,1,4,1,2,Hargaisa,2,2,4,4,6
6300,5,0,2,5,1,2,3,2,1,60,6,1, ,700,1,1, ,1,6,1,3,4,1,8,guul Allah,2,2,3,3,4
6302,11,2,1,2,1,1,6,5,1,60,6,2, ,1000,1,1, ,1,6,1,4,4,1,7,jigjiga yar,2,2,3,3,3
6303,5,0,1,1,0,0,4,2,1,50,6,1, ,500,1,1, ,1,4,1,3,3,1,7,jigjiga yar,2,2,3,3,3
6305,6,0,0,6,1,0,4,2,2,55,6,2, ,400,1,1, ,1,4,1,4,4,1,6,Hargaisa,2,2,3,3,2
6306,9,0,0,1,0,0,2,7,1,56,4,2, ,1000,1,1, ,1,5,1,3,3,1,6,geerash aw aadan,2,2,3,3,3
6307,8,1,0,0,0,1,4,4,1,63,6,1, ,5,1,3, ,1,6,1,3,2,1,9,New Hargeisa,2,2,2,3,2
6309,9,0,0,2,3,0,6,3,1,51,7,3, ,1800,2,1, ,1,6,1,5,6,1,7,Jigjigayar,2,2,3,5,4
